t_rel,state_stamp,x,y,z,vx,vy,vz
19.341436,1791353597.839776,-0.004035,-0.014089,1.040982,0.013646,-0.154939,0.038934
19.344468,1791353597.858110,-0.004362,-0.018371,1.041637,0.020316,-0.155936,0.035725
19.364211,1791353597.878899,-0.004493,-0.022539,1.042241,0.026743,-0.155996,0.035157
19.384243,1791353597.898918,-0.004462,-0.026771,1.042756,0.032732,-0.155514,0.034116
19.403687,1791353597.918875,-0.004202,-0.031115,1.043389,0.038666,-0.154477,0.039944
19.424699,1791353597.938734,-0.003815,-0.035273,1.044129,0.042847,-0.154228,0.051297
19.443528,1791353597.959243,-0.003729,-0.036402,1.044610,0.042307,-0.148624,0.061529
19.463717,1791353597.979735,-0.002898,-0.039431,1.045981,0.040274,-0.155124,0.075226
19.483031,1791353597.999475,-0.002462,-0.044411,1.047490,0.034113,-0.172847,0.087614
19.503367,1791353598.021409,-0.002215,-0.049867,1.049122,0.025805,-0.196010,0.099484
19.523238,1791353598.038766,-0.002085,-0.055983,1.051011,0.016562,-0.223870,0.108983
19.543187,1791353598.059116,-0.002121,-0.062732,1.053140,0.006569,-0.255613,0.114065
19.564222,1791353598.079246,-0.002385,-0.069757,1.055307,-0.004670,-0.290281,0.118566
19.584939,1791353598.099463,-0.002978,-0.077301,1.057374,-0.017543,-0.327703,0.118352
19.603422,1791353598.118285,-0.003986,-0.085686,1.059522,-0.032611,-0.368738,0.117138
19.623158,1791353598.138648,-0.005368,-0.094518,1.061601,-0.049275,-0.410392,0.110883
19.643831,1791353598.160283,-0.006517,-0.103119,1.063739,-0.065558,-0.449848,0.102305
19.664161,1791353598.183071,-0.009636,-0.114290,1.065289,-0.088426,-0.495109,0.089335
19.683588,1791353598.200064,-0.011608,-0.124598,1.066992,-0.108678,-0.535853,0.080615
19.703252,1791353598.218359,-0.015049,-0.135751,1.068190,-0.134218,-0.576152,0.067926
19.724234,1791353598.238688,-0.019357,-0.147845,1.069260,-0.163540,-0.616951,0.056938
19.743522,1791353598.259328,-0.024666,-0.160815,1.070235,-0.197260,-0.658113,0.050853
19.774323,1791353598.259328,-0.024666,-0.160815,1.070235,-0.197260,-0.658113,0.050853
19.785347,1791353598.303481,-0.035646,-0.188268,1.071836,-0.266144,-0.732497,0.036976
19.803161,1791353598.319896,-0.045221,-0.199846,1.072330,-0.314668,-0.757504,0.033538
19.823344,1791353598.339560,-0.054005,-0.213762,1.072919,-0.359923,-0.786248,0.032257
19.843770,1791353598.359336,-0.064153,-0.228318,1.073577,-0.408373,-0.812830,0.031455
19.864051,1791353598.380646,-0.072742,-0.244858,1.074217,-0.450438,-0.841422,0.032448
19.883460,1791353598.400528,-0.084072,-0.258497,1.074860,-0.499943,-0.856676,0.034022
19.903245,1791353598.418473,-0.096895,-0.272683,1.075652,-0.551872,-0.870810,0.038469
19.923680,1791353598.438750,-0.111128,-0.287367,1.076524,-0.603709,-0.883972,0.040753
19.943308,1791353598.459419,-0.126773,-0.302456,1.077457,-0.654378,-0.896582,0.041380
19.963806,1791353598.478836,-0.133373,-0.308221,1.077640,-0.672146,-0.878216,0.042506
19.984185,1791353598.499281,-0.150670,-0.322749,1.078751,-0.717801,-0.887840,0.047557
20.003252,1791353598.518970,-0.169140,-0.337620,1.080037,-0.761154,-0.897686,0.057024
20.023305,1791353598.541479,-0.184637,-0.355756,1.081264,-0.788017,-0.916383,0.065922
20.043563,1791353598.559228,-0.202878,-0.368992,1.082791,-0.818446,-0.918179,0.076089
20.063541,1791353598.583355,-0.223149,-0.384182,1.084729,-0.849321,-0.925987,0.088993
20.083811,1791353598.598457,-0.243196,-0.398438,1.086862,-0.874553,-0.930115,0.101695
20.103679,1791353598.619318,-0.262951,-0.412441,1.089196,-0.894231,-0.933424,0.115011
20.123425,1791353598.638180,-0.283466,-0.427016,1.091828,-0.911780,-0.938840,0.124157
20.143499,1791353598.658253,-0.304584,-0.442186,1.094696,-0.927165,-0.947414,0.130569
20.163301,1791353598.679047,-0.323959,-0.455796,1.097494,-0.934063,-0.952474,0.135461
20.184879,1791353598.698810,-0.344005,-0.470209,1.100410,-0.940488,-0.962836,0.139699
20.203183,1791353598.719934,-0.363600,-0.484677,1.103283,-0.943042,-0.975773,0.140912
20.223576,1791353598.741568,-0.383742,-0.500309,1.106363,-0.944886,-0.994952,0.141376
20.244396,1791353598.758409,-0.403312,-0.516176,1.109367,-0.942345,-1.016497,0.139271
20.263206,1791353598.781780,-0.409311,-0.521179,1.110115,-0.895327,-1.003160,0.129156
20.283189,1791353598.798611,-0.429604,-0.539396,1.113148,-0.891123,-1.034371,0.124119
20.303520,1791353598.819035,-0.450148,-0.558964,1.116134,-0.884130,-1.069218,0.121138
20.323786,1791353598.838844,-0.469846,-0.578835,1.118940,-0.871347,-1.102763,0.116232
20.343726,1791353598.860964,-0.487039,-0.601284,1.121216,-0.847287,-1.142074,0.111049
20.363680,1791353598.879146,-0.505394,-0.621753,1.123711,-0.825633,-1.172205,0.102523
20.383952,1791353598.898361,-0.510045,-0.628903,1.124071,-0.762146,-1.158464,0.089158
20.403435,1791353598.923764,-0.528394,-0.652443,1.126424,-0.737720,-1.195107,0.082065
20.423685,1791353598.938521,-0.546495,-0.677506,1.128674,-0.710235,-1.233195,0.075577
20.443644,1791353598.959087,-0.564181,-0.704249,1.130803,-0.679651,-1.272517,0.068973
20.463197,1791353598.979612,-0.569085,-0.713089,1.131247,-0.610947,-1.249633,0.058486
20.483539,1791353599.002117,-0.585046,-0.741115,1.133075,-0.574654,-1.287264,0.052373
20.503979,1791353599.018612,-0.599637,-0.769152,1.134633,-0.534387,-1.320643,0.043833
20.524440,1791353599.038490,-0.613433,-0.798776,1.135947,-0.491937,-1.354903,0.034673
20.543772,1791353599.059653,-0.622735,-0.826091,1.136491,-0.437835,-1.376040,0.019876
20.570791,1791353599.078257,-0.634880,-0.857962,1.137344,-0.392424,-1.407510,0.007970
20.583662,1791353599.099898,-0.645623,-0.889446,1.137799,-0.344797,-1.432962,-0.005048
20.603648,1791353599.119307,-0.654943,-0.920664,1.137905,-0.295158,-1.452582,-0.018810
20.623346,1791353599.138880,-0.663225,-0.953361,1.137687,-0.244999,-1.472331,-0.034099
20.644140,1791353599.158420,-0.670376,-0.987412,1.137089,-0.193420,-1.491907,-0.048995
20.663369,1791353599.181532,-0.673651,-1.017269,1.135945,-0.134084,-1.493121,-0.065404
20.683592,1791353599.198659,-0.678397,-1.050953,1.134634,-0.081679,-1.503076,-0.080812
20.703752,1791353599.224312,-0.681782,-1.083782,1.133118,-0.027163,-1.506659,-0.092196
20.723349,1791353599.239601,-0.683802,-1.117947,1.131270,0.029578,-1.510911,-0.103158
20.743581,1791353599.258795,-0.684467,-1.151144,1.129218,0.088200,-1.508724,-0.112828
20.763223,1791353599.278953,-0.683727,-1.183529,1.126941,0.147652,-1.501032,-0.125183
20.783979,1791353599.298930,-0.681431,-1.217103,1.124313,0.209607,-1.494856,-0.138665
20.803560,1791353599.319456,-0.677433,-1.251611,1.121398,0.274683,-1.489773,-0.150997
20.823187,1791353599.339711,-0.672107,-1.285060,1.118243,0.339898,-1.479927,-0.163301
20.844095,1791353599.360430,-0.664635,-1.314420,1.114866,0.407109,-1.455437,-0.174386
20.863662,1791353599.379603,-0.656183,-1.348593,1.111171,0.475021,-1.445623,-0.185357
20.883581,1791353599.400376,-0.647121,-1.379669,1.107588,0.541063,-1.424546,-0.194022
20.903039,1791353599.419629,-0.635357,-1.413683,1.103424,0.611896,-1.412164,-0.207667
20.923579,1791353599.439405,-0.623181,-1.444609,1.099339,0.679563,-1.389704,-0.223097
20.943883,1791353599.459023,-0.608973,-1.476491,1.094762,0.749498,-1.370541,-0.243755
20.970172,1791353599.478784,-0.592585,-1.509010,1.089593,0.823154,-1.352263,-0.265348
20.984370,1791353599.499908,-0.575153,-1.540504,1.084131,0.894131,-1.331384,-0.291546
21.003069,1791353599.520115,-0.556830,-1.571017,1.078337,0.962715,-1.307389,-0.319663
21.023346,1791353599.538461,-0.536250,-1.602195,1.071824,1.035545,-1.284224,-0.344820
21.044114,1791353599.559522,-0.515922,-1.630345,1.065320,1.101267,-1.250523,-0.367803
21.063620,1791353599.579669,-0.493225,-1.654906,1.057737,1.168113,-1.204678,-0.389899
21.083668,1791353599.599495,-0.467848,-1.684972,1.049717,1.239036,-1.177512,-0.411962
21.103460,1791353599.620463,-0.441912,-1.713653,1.041630,1.305577,-1.146642,-0.431134
21.125498,1791353599.639037,-0.413659,-1.742655,1.032849,1.373322,-1.117431,-0.449521
21.143977,1791353599.659425,-0.383122,-1.771867,1.023626,1.442322,-1.089065,-0.464516
21.163188,1791353599.679666,-0.354204,-1.797997,1.014995,1.498262,-1.052060,-0.474995
21.184331,1791353599.700687,-0.323005,-1.824244,1.005862,1.555538,-1.016144,-0.482731
21.203479,1791353599.720320,-0.291394,-1.844020,0.996138,1.605000,-0.960966,-0.489026
21.223641,1791353599.738572,-0.256160,-1.875021,0.986958,1.662300,-0.944048,-0.494797
21.243016,1791353599.759195,-0.222494,-1.893343,0.977040,1.703684,-0.887583,-0.496018
21.263253,1791353599.779985,-0.186066,-1.916993,0.967345,1.748636,-0.849564,-0.496387
21.283172,1791353599.800443,-0.150285,-1.939171,0.958065,1.784311,-0.808669,-0.494371
21.303367,1791353599.819137,-0.114852,-1.959689,0.949096,1.811547,-0.764610,-0.492374
21.323288,1791353599.839074,-0.077620,-1.979818,0.939876,1.838403,-0.720965,-0.491191
21.343737,1791353599.858865,-0.038844,-1.999389,0.930503,1.864286,-0.676771,-0.488709
21.364995,1791353599.879794,-0.003407,-2.016419,0.922162,1.872448,-0.626730,-0.480424
21.383319,1791353599.899197,0.033578,-2.032856,0.913652,1.880190,-0.576612,-0.471981
21.403615,1791353599.918499,0.071882,-2.048516,0.905048,1.887080,-0.526568,-0.463832
21.423594,1791353599.938808,0.109210,-2.062509,0.896847,1.885916,-0.473660,-0.451510
21.443691,1791353599.959279,0.146890,-2.071323,0.887920,1.881362,-0.407805,-0.441491
21.463758,1791353599.980542,0.185243,-2.083359,0.879935,1.876660,-0.354582,-0.431949
21.483614,1791353600.000170,0.221782,-2.093910,0.872503,1.862365,-0.301159,-0.424145
21.503215,1791353600.018760,0.228879,-2.094247,0.871499,1.745912,-0.232162,-0.397551
21.523427,1791353600.039171,0.267224,-2.103129,0.863636,1.735106,-0.180843,-0.395680
21.543547,1791353600.059569,0.303683,-2.110614,0.856206,1.714813,-0.128731,-0.391921
21.563712,1791353600.080057,0.338611,-2.116608,0.849089,1.687315,-0.075623,-0.387211
21.583419,1791353600.100945,0.374025,-2.121262,0.841781,1.660614,-0.022257,-0.385257
21.603931,1791353600.118556,0.409700,-2.124521,0.834314,1.634075,0.031787,-0.384397
21.623315,1791353600.139874,0.442000,-2.123242,0.826641,1.595270,0.095672,-0.382989
21.644457,1791353600.163019,0.472607,-2.124496,0.820220,1.551336,0.147082,-0.376212
21.663426,1791353600.179929,0.505824,-2.123812,0.813072,1.516411,0.203181,-0.371592
21.684069,1791353600.200178,0.537226,-2.121747,0.806245,1.476347,0.259850,-0.364694
21.703401,1791353600.220553,0.566948,-2.118366,0.799691,1.433490,0.315755,-0.359724
21.723177,1791353600.240257,0.596725,-2.113300,0.793025,1.392331,0.374984,-0.352314
21.743131,1791353600.259366,0.626397,-2.106485,0.786300,1.353497,0.435152,-0.349688
21.763643,1791353600.279884,0.652542,-2.099230,0.780308,1.305704,0.490508,-0.346608
21.783668,1791353600.299631,0.678769,-2.090127,0.774115,1.260751,0.548819,-0.343473
21.803247,1791353600.319596,0.682153,-2.087500,0.773154,1.146855,0.568145,-0.324446
21.823434,1791353600.339588,0.708528,-2.074940,0.766458,1.112491,0.629837,-0.329718
21.843614,1791353600.361164,0.733396,-2.061406,0.759808,1.075593,0.688611,-0.335014
21.863510,1791353600.379327,0.756837,-2.046954,0.753246,1.035508,0.745340,-0.335565
21.883550,1791353600.398588,0.780046,-2.030637,0.746566,0.996138,0.804148,-0.332606
21.903768,1791353600.421371,0.785747,-2.025258,0.744726,0.905577,0.810836,-0.310291
21.923948,1791353600.438873,0.808444,-2.005409,0.737861,0.870358,0.874899,-0.304272
21.943379,1791353600.459881,0.825350,-1.987425,0.731850,0.819809,0.922829,-0.296348
21.964014,1791353600.479331,0.846843,-1.964487,0.725145,0.783832,0.984165,-0.286179
21.983983,1791353600.501882,0.866790,-1.941214,0.718905,0.745029,1.038779,-0.272700
22.003810,1791353600.519256,0.885102,-1.917723,0.713220,0.701867,1.086579,-0.253076
22.023667,1791353600.539193,0.902751,-1.892554,0.707805,0.657346,1.133062,-0.229664
22.043468,1791353600.560992,0.919570,-1.865886,0.702854,0.610749,1.177335,-0.201534
22.063704,1791353600.581339,0.934027,-1.841104,0.698928,0.558904,1.206809,-0.169899
22.083432,1791353600.599324,0.947622,-1.814887,0.695531,0.506556,1.234890,-0.140387
22.103054,1791353600.620331,0.957118,-1.790007,0.693042,0.442330,1.252528,-0.107498
22.122946,1791353600.641911,0.968013,-1.763889,0.691047,0.382859,1.272152,-0.071989
22.143536,1791353600.659761,0.978198,-1.734413,0.689589,0.322355,1.300945,-0.040289
22.163760,1791353600.680372,0.986560,-1.705503,0.688933,0.257596,1.325754,-0.005545
22.183166,1791353600.700180,0.993223,-1.677326,0.689028,0.191503,1.346463,0.027251
22.203153,1791353600.719637,0.998183,-1.649577,0.689871,0.122782,1.365196,0.062736
22.223352,1791353600.738951,1.001700,-1.620381,0.691468,0.053516,1.389109,0.096244
22.243389,1791353600.761319,1.003611,-1.589766,0.693852,-0.016486,1.418370,0.127362
22.263382,1791353600.780887,1.004102,-1.561637,0.696624,-0.086234,1.439701,0.158296
22.283561,1791353600.800028,1.003078,-1.531770,0.700212,-0.155673,1.467569,0.185128
22.303442,1791353600.819614,1.000402,-1.500246,0.704479,-0.227153,1.501945,0.214175
22.328114,1791353600.840561,0.995119,-1.469914,0.709013,-0.301578,1.531266,0.239139
22.343485,1791353600.859447,0.989643,-1.437995,0.714253,-0.371761,1.564989,0.259929
22.364106,1791353600.878651,0.982486,-1.404214,0.720031,-0.442680,1.603067,0.274722
22.383407,1791353600.899661,0.974317,-1.371087,0.725944,-0.511369,1.636410,0.283238
22.402847,1791353600.920185,0.965007,-1.338129,0.731832,-0.578349,1.665713,0.286109
22.423374,1791353600.939535,0.960544,-1.331241,0.733527,-0.614389,1.604697,0.271292
22.443681,1791353600.958661,0.948081,-1.294469,0.739847,-0.682780,1.639879,0.267209
22.464059,1791353600.979321,0.933922,-1.256245,0.746199,-0.752348,1.672929,0.262926
22.483706,1791353600.998580,0.918831,-1.218727,0.752399,-0.821816,1.696673,0.264231
22.503476,1791353601.020793,0.902876,-1.182067,0.758415,-0.889348,1.710031,0.266122
22.534381,1791353601.039968,0.865368,-1.105588,0.771258,-1.029599,1.723029,0.274568
22.543104,1791353601.060268,0.865368,-1.105588,0.771258,-1.029599,1.723029,0.274568
22.563053,1791353601.079643,0.846449,-1.070527,0.777325,-1.091837,1.708152,0.278567
22.583460,1791353601.099469,0.825471,-1.034675,0.783708,-1.158461,1.689146,0.287560
22.603029,1791353601.121220,0.802360,-0.998287,0.790382,-1.226713,1.666860,0.292641
22.623279,1791353601.147704,0.777104,-0.965338,0.796306,-1.298830,1.626633,0.299782
22.644082,1791353601.160298,0.752340,-0.931781,0.803073,-1.364935,1.582933,0.309008
22.663722,1791353601.179920,0.727331,-0.900607,0.809805,-1.426133,1.525865,0.317363
22.683517,1791353601.199452,0.699799,-0.869415,0.816797,-1.489762,1.465459,0.322564
22.704393,1791353601.219239,0.669904,-0.838691,0.823953,-1.555555,1.401414,0.325228
22.723375,1791353601.239813,0.638110,-0.811435,0.830493,-1.623485,1.322908,0.328653
22.743130,1791353601.259182,0.606249,-0.784677,0.837597,-1.686396,1.242964,0.331094
22.764159,1791353601.280702,0.571770,-0.758947,0.844849,-1.751889,1.159766,0.332236
22.783826,1791353601.302125,0.537378,-0.736089,0.851753,-1.809885,1.069383,0.330154
22.803666,1791353601.319246,0.502558,-0.715636,0.858290,-1.861728,0.975403,0.322981
22.824163,1791353601.338679,0.465001,-0.696502,0.864887,-1.916644,0.879526,0.315662
22.844173,1791353601.360591,0.427677,-0.679978,0.870968,-1.964611,0.778269,0.309344
22.863423,1791353601.380973,0.387875,-0.665452,0.877128,-2.014573,0.673414,0.307901
22.883645,1791353601.405074,0.347118,-0.653054,0.883317,-2.059779,0.565675,0.311781
22.903296,1791353601.421602,0.305519,-0.642843,0.889630,-2.098551,0.454972,0.319402
22.925741,1791353601.440303,0.263219,-0.634872,0.896093,-2.129876,0.341658,0.326471
22.944209,1791353601.462351,0.259582,-0.639916,0.896547,-2.027666,0.204621,0.319284
22.968652,1791353601.480138,0.218866,-0.637041,0.903026,-2.042652,0.082116,0.327926
22.983596,1791353601.499826,0.177905,-0.636681,0.909674,-2.052280,-0.046999,0.336367
23.004161,1791353601.520556,0.127192,-0.636443,0.917456,-2.088858,-0.178261,0.345892
23.023496,1791353601.539614,0.075331,-0.639359,0.924866,-2.124360,-0.312602,0.346691
23.043115,1791353601.564612,0.032823,-0.646986,0.931742,-2.126234,-0.450314,0.339918
23.063286,1791353601.578797,-0.009715,-0.657368,0.938427,-2.127650,-0.587834,0.327724
23.083840,1791353601.600897,-0.064100,-0.669188,0.945541,-2.167292,-0.726896,0.315273
23.103623,1791353601.618770,-0.119296,-0.684313,0.952347,-2.210825,-0.868265,0.301456
23.123683,1791353601.638857,-0.163588,-0.703081,0.958223,-2.219328,-1.009001,0.287131
23.143551,1791353601.660685,-0.157300,-0.706525,0.956763,-2.073738,-1.079862,0.265088
23.163275,1791353601.679373,-0.198885,-0.729479,0.961952,-2.086191,-1.214834,0.253892
23.183817,1791353601.700881,-0.240769,-0.755107,0.966935,-2.103770,-1.347943,0.245732
23.204303,1791353601.719262,-0.283052,-0.783370,0.971790,-2.125814,-1.477664,0.240728
23.223340,1791353601.739317,-0.325805,-0.814155,0.976536,-2.150537,-1.599704,0.234196
23.244070,1791353601.759068,-0.369070,-0.847293,0.981121,-2.176895,-1.713363,0.225114
23.268756,1791353601.779271,-0.412879,-0.882646,0.985553,-2.204999,-1.821743,0.220247
23.283660,1791353601.799698,-0.508384,-0.925210,0.992174,-2.386609,-1.951737,0.217913
23.303338,1791353601.820309,-0.590127,-0.968687,0.999023,-2.520587,-2.065706,0.228968
23.324182,1791353601.843180,-0.640848,-1.010946,1.003821,-2.551542,-2.159644,0.252861
23.343530,1791353601.859794,-0.712290,-1.054364,1.011085,-2.635577,-2.245678,0.284717
23.375952,1791353601.900080,-0.820358,-1.127008,1.026097,-2.672312,-2.342055,0.383617
23.392195,1791353601.900080,-0.820358,-1.127008,1.026097,-2.672312,-2.342055,0.383617
23.404050,1791353601.920092,-0.884987,-1.174365,1.035995,-2.706084,-2.402121,0.442410
23.423754,1791353601.939785,-0.945951,-1.220817,1.046755,-2.715920,-2.445032,0.503518
23.443580,1791353601.959440,-1.012164,-1.273626,1.059641,-2.729180,-2.492990,0.573526
23.464011,1791353601.979736,-1.074564,-1.324823,1.073709,-2.719296,-2.523124,0.646275
23.483569,1791353602.001442,-1.132682,-1.373454,1.089000,-2.685893,-2.533462,0.722600
23.503983,1791353602.018879,-1.190665,-1.423585,1.106172,-2.643979,-2.537170,0.798793
23.525908,1791353602.039300,-1.244075,-1.470974,1.124360,-2.579193,-2.522312,0.874008
23.543062,1791353602.063674,-1.276130,-1.500266,1.138285,-2.438584,-2.440948,0.926673
23.564265,1791353602.081247,-1.324010,-1.548846,1.157448,-2.348779,-2.416255,0.987348
23.583465,1791353602.099885,-1.369391,-1.592695,1.178679,-2.248209,-2.370235,1.043273
23.603820,1791353602.118686,-1.413653,-1.637444,1.201542,-2.141272,-2.320982,1.099472
23.623540,1791353602.140799,-1.456267,-1.682623,1.225998,-2.030565,-2.269288,1.150033
23.643449,1791353602.159891,-1.496729,-1.727859,1.251868,-1.914122,-2.214507,1.198439
23.663354,1791353602.181396,-1.533762,-1.771542,1.276239,-1.788333,-2.152978,1.237743
23.683811,1791353602.199186,-1.566271,-1.812052,1.302736,-1.652359,-2.080439,1.276264
23.703118,1791353602.218616,-1.596249,-1.852410,1.330514,-1.514523,-2.008046,1.314538
23.724056,1791353602.239693,-1.621963,-1.890102,1.358054,-1.373851,-1.930412,1.346240
23.744445,1791353602.259427,-1.643751,-1.925356,1.385296,-1.233900,-1.850616,1.371198
23.772993,1791353602.282653,-1.656508,-1.965086,1.425077,-0.901438,-1.617841,1.361546
23.783613,1791353602.299080,-1.656508,-1.965086,1.425077,-0.901438,-1.617841,1.361546
23.803640,1791353602.321356,-1.673370,-1.996778,1.452470,-0.785064,-1.551357,1.377688
23.823307,1791353602.339570,-1.684702,-2.030201,1.482022,-0.659143,-1.494314,1.398232
23.843787,1791353602.358862,-1.692112,-2.061446,1.510688,-0.527624,-1.433397,1.415700
23.864026,1791353602.379762,-1.696681,-2.092619,1.540336,-0.395595,-1.376062,1.432635
23.885408,1791353602.399311,-1.698253,-2.121861,1.569429,-0.261400,-1.314801,1.447191
23.903643,1791353602.419168,-1.696474,-2.149187,1.597586,-0.125568,-1.251140,1.453666
23.927249,1791353602.439292,-1.691836,-2.176299,1.626765,0.012061,-1.188963,1.461027
23.943000,1791353602.459456,-1.684661,-2.201583,1.655347,0.149557,-1.122017,1.464085
23.968437,1791353602.479522,-1.675094,-2.225116,1.683322,0.285180,-1.050969,1.461592
23.983656,1791353602.499550,-1.662416,-2.248189,1.712224,0.421442,-0.980410,1.458874
24.003140,1791353602.520008,-1.646566,-2.270601,1.741920,0.558080,-0.909473,1.455953
24.023814,1791353602.539639,-1.628606,-2.290961,1.770797,0.690772,-0.832540,1.448684
24.043342,1791353602.559713,-1.613687,-2.306681,1.799698,0.800091,-0.738308,1.440733
24.064008,1791353602.579503,-1.589933,-2.324426,1.829085,0.927735,-0.655534,1.429452
24.083836,1791353602.599510,-1.564577,-2.339805,1.857519,1.047965,-0.564466,1.414932
24.103064,1791353602.623742,-1.531116,-2.356728,1.886642,1.181693,-0.484100,1.396743
24.123172,1791353602.639417,-1.502454,-2.367888,1.913923,1.284256,-0.381520,1.374050
24.143997,1791353602.660276,-1.475951,-2.374354,1.941164,1.364870,-0.263498,1.350227
24.163282,1791353602.682281,-1.442664,-2.381591,1.968510,1.456350,-0.154332,1.323050
24.184734,1791353602.701455,-1.408783,-2.386462,1.994262,1.538303,-0.042199,1.287507
24.204188,1791353602.720668,-1.374462,-2.388821,2.018874,1.611607,0.073290,1.244922
24.223724,1791353602.739576,-1.337714,-2.388889,2.043203,1.682965,0.189474,1.195506
24.242921,1791353602.760662,-1.303524,-2.383804,2.066576,1.735028,0.320232,1.141644
24.267869,1791353602.781325,-1.263379,-2.379094,2.089770,1.797073,0.443394,1.086685
24.284072,1791353602.800302,-1.223549,-2.371556,2.110893,1.847622,0.574601,1.028366
24.302847,1791353602.820998,-1.184438,-2.361625,2.130706,1.885964,0.713748,0.969234
24.323587,1791353602.842633,-1.143437,-2.348495,2.149804,1.920022,0.849416,0.900600
24.344241,1791353602.860278,-1.104868,-2.330207,2.166948,1.935944,0.976758,0.810982
24.364028,1791353602.880147,-1.064298,-2.313076,2.181816,1.952916,1.071452,0.699932
24.383784,1791353602.903046,-1.022105,-2.293137,2.195095,1.970535,1.153085,0.576106
24.403547,1791353602.921169,-0.979313,-2.270759,2.206229,1.986321,1.232447,0.448329
24.424061,1791353602.944157,-0.938045,-2.247137,2.214468,1.992916,1.306960,0.315060
24.444113,1791353602.959807,-0.898226,-2.220193,2.219406,1.989922,1.387096,0.178340
24.463705,1791353602.981540,-0.855791,-2.191966,2.222386,1.990225,1.465477,0.042916
24.483142,1791353602.999086,-0.815746,-2.163917,2.222700,1.977089,1.543723,-0.086579
24.503538,1791353603.019916,-0.777180,-2.134773,2.220498,1.951760,1.625918,-0.206116
24.523376,1791353603.039323,-0.738187,-2.102663,2.216008,1.916617,1.721314,-0.306757
24.543362,1791353603.060794,-0.701706,-2.069823,2.209946,1.861852,1.818223,-0.385655
24.563281,1791353603.079888,-0.693777,-2.057878,2.203782,1.716063,1.842750,-0.446770
24.584101,1791353603.099319,-0.660269,-2.020078,2.194366,1.634531,1.938154,-0.493441
24.603574,1791353603.119874,-0.623235,-1.977806,2.185529,1.555082,2.033352,-0.524125
24.623867,1791353603.139526,-0.591569,-1.933654,2.176035,1.453383,2.118013,-0.545523
24.644228,1791353603.162570,-0.563636,-1.890668,2.164906,1.339614,2.180997,-0.566793
24.663539,1791353603.179589,-0.538044,-1.846559,2.153410,1.218863,2.230187,-0.581384
24.683451,1791353603.199983,-0.536602,-1.832170,2.148320,1.024789,2.168049,-0.572406
24.703942,1791353603.219261,-0.517411,-1.788674,2.136896,0.894423,2.180916,-0.570013
24.723795,1791353603.245049,-0.500813,-1.745103,2.125537,0.765026,2.175403,-0.565478
24.743071,1791353603.260834,-0.486791,-1.701801,2.114271,0.637335,2.154414,-0.562001
24.763331,1791353603.284193,-0.475300,-1.659031,2.103033,0.512156,2.122811,-0.563381
24.783207,1791353603.299124,-0.466311,-1.616966,2.091741,0.386394,2.083979,-0.566046
24.803702,1791353603.320497,-0.459843,-1.575729,2.080409,0.260304,2.040191,-0.566730
24.824147,1791353603.340536,-0.455859,-1.535396,2.069070,0.138312,1.993346,-0.565796
24.843503,1791353603.358794,-0.454252,-1.494093,2.057258,0.015743,1.940380,-0.557499
24.863304,1791353603.381111,-0.454998,-1.455807,2.046186,-0.088928,1.888554,-0.548431
24.883810,1791353603.399636,-0.457721,-1.418562,2.035333,-0.182281,1.836065,-0.534453
24.903400,1791353603.419554,-0.462209,-1.382365,2.024831,-0.265077,1.784194,-0.514142
24.923068,1791353603.439551,-0.468269,-1.347200,2.014851,-0.339530,1.732672,-0.481022
24.943487,1791353603.460037,-0.475711,-1.313045,2.005624,-0.402507,1.683550,-0.439885
24.965486,1791353603.481257,-0.488215,-1.280987,1.987716,-0.459306,1.637201,-0.415655
24.983687,1791353603.499659,-0.500177,-1.251514,1.975179,-0.496443,1.589672,-0.376931
25.003803,1791353603.520558,-0.513441,-1.220323,1.964478,-0.518243,1.552242,-0.331242
25.025079,1791353603.539247,-0.524933,-1.194315,1.956565,-0.516917,1.507162,-0.279141
25.043825,1791353603.560957,-0.537355,-1.167353,1.949355,-0.501841,1.470340,-0.230453
25.063437,1791353603.578843,-0.547063,-1.138215,1.945224,-0.466748,1.443986,-0.185572
25.083433,1791353603.599039,-0.546416,-1.139705,1.946998,-0.388662,1.338243,-0.144567
25.103539,1791353603.619852,-0.559542,-1.109369,1.940334,-0.346984,1.325910,-0.147410
25.123719,1791353603.638708,-0.565797,-1.083108,1.937346,-0.277985,1.300032,-0.155199
25.144332,1791353603.660317,-0.570588,-1.057396,1.934025,-0.201095,1.271065,-0.180354
25.164208,1791353603.679348,-0.581215,-1.030491,1.925306,-0.140272,1.245729,-0.234443
25.183608,1791353603.699583,-0.583109,-1.022736,1.920876,-0.052259,1.164659,-0.288297
25.203809,1791353603.720533,-0.590440,-0.997572,1.909744,0.010797,1.136307,-0.369225
25.224005,1791353603.739897,-0.595794,-0.973691,1.897272,0.073810,1.104968,-0.460254
25.243660,1791353603.760005,-0.599127,-0.952135,1.883741,0.136172,1.067420,-0.557681
25.267269,1791353603.779888,-0.595675,-0.931180,1.871633,0.209498,1.028301,-0.652940
25.283621,1791353603.800235,-0.597512,-0.912706,1.853394,0.256502,0.985140,-0.765365
25.303374,1791353603.821607,-0.597706,-0.896343,1.834185,0.302564,0.934254,-0.868367
25.323502,1791353603.839674,-0.596625,-0.881231,1.812801,0.344054,0.877656,-0.960900
25.344152,1791353603.859864,-0.594549,-0.868127,1.790776,0.379898,0.808729,-1.026284
25.366338,1791353603.880745,-0.592402,-0.857490,1.768705,0.401139,0.725635,-1.062483
25.383540,1791353603.902539,-0.589886,-0.848939,1.746873,0.404707,0.633997,-1.080795
25.404315,1791353603.919170,-0.581741,-0.837087,1.725216,0.408577,0.550457,-1.084467
25.423363,1791353603.940629,-0.580270,-0.832614,1.702562,0.378887,0.449946,-1.087563
25.443664,1791353603.959713,-0.578639,-0.829553,1.679076,0.343616,0.354053,-1.092656
25.463263,1791353603.978934,-0.578996,-0.829486,1.656898,0.299213,0.257745,-1.088963
25.507191,1791353604.024215,-0.581575,-0.833996,1.613511,0.206485,0.082403,-1.066980
25.513228,1791353604.024215,-0.581575,-0.833996,1.613511,0.206485,0.082403,-1.066980
25.528765,1791353604.040583,-0.577735,-0.832997,1.592376,0.177677,0.017801,-1.045405
25.548934,1791353604.059903,-0.581245,-0.838705,1.571771,0.126398,-0.058348,-1.021301
25.569299,1791353604.079392,-0.586278,-0.846071,1.551101,0.071993,-0.131177,-0.999789
25.595682,1791353604.119830,-0.598812,-0.863342,1.511608,-0.035084,-0.261851,-0.957704
25.608956,1791353604.119830,-0.598812,-0.863342,1.511608,-0.035084,-0.261851,-0.957704
25.630033,1791353604.140355,-0.606211,-0.873157,1.492599,-0.084846,-0.320163,-0.942375
25.650803,1791353604.159914,-0.614187,-0.883761,1.473074,-0.129694,-0.374552,-0.932038
25.669076,1791353604.180659,-0.623023,-0.894403,1.455781,-0.170540,-0.422917,-0.920752
25.689881,1791353604.200877,-0.632729,-0.906398,1.436609,-0.205346,-0.470237,-0.916133
25.708786,1791353604.219677,-0.642542,-0.918701,1.418080,-0.231958,-0.512938,-0.913018
25.728658,1791353604.240822,-0.652330,-0.931200,1.400050,-0.250525,-0.550479,-0.910205
25.748977,1791353604.259435,-0.662438,-0.944415,1.381558,-0.262501,-0.584376,-0.905459
25.769420,1791353604.280024,-0.672448,-0.957409,1.363940,-0.267865,-0.610923,-0.897172
25.789085,1791353604.299102,-0.681968,-0.970388,1.346774,-0.266409,-0.631997,-0.885296
25.808996,1791353604.320702,-0.691312,-0.983875,1.329288,-0.261459,-0.651516,-0.871757
25.829457,1791353604.340642,-0.696342,-0.997072,1.312014,-0.241286,-0.668201,-0.854930
25.848612,1791353604.360126,-0.705060,-1.010467,1.295858,-0.233226,-0.685583,-0.831833
25.868974,1791353604.379662,-0.713413,-1.024461,1.279461,-0.223516,-0.704434,-0.811770
25.889220,1791353604.400254,-0.721003,-1.038282,1.263905,-0.210060,-0.722026,-0.785311
25.909510,1791353604.420367,-0.723005,-1.043029,1.261782,-0.178109,-0.706701,-0.711710
25.928657,1791353604.441287,-0.729688,-1.057944,1.246204,-0.159811,-0.723843,-0.683952
25.949152,1791353604.459116,-0.735513,-1.072608,1.231631,-0.136924,-0.735985,-0.652217
25.969463,1791353604.481378,-0.740663,-1.087393,1.217461,-0.109132,-0.744853,-0.616816
25.989340,1791353604.501149,-0.742440,-1.102354,1.205527,-0.067806,-0.750659,-0.577156
26.009858,1791353604.520965,-0.745900,-1.116494,1.193276,-0.030247,-0.752260,-0.539413
26.029593,1791353604.540233,-0.748202,-1.130941,1.181504,0.012049,-0.753178,-0.500610
26.049045,1791353604.559836,-0.749294,-1.144985,1.170837,0.056779,-0.750972,-0.464934
26.069479,1791353604.579719,-0.749077,-1.159264,1.160657,0.105349,-0.747817,-0.427465
26.089269,1791353604.600106,-0.747645,-1.173007,1.151578,0.155411,-0.741777,-0.392344
26.109308,1791353604.620684,-0.745805,-1.177233,1.150293,0.203106,-0.704064,-0.335692
26.129743,1791353604.638812,-0.741800,-1.191051,1.142111,0.256263,-0.698857,-0.302932
26.149175,1791353604.659720,-0.736322,-1.205296,1.134623,0.310014,-0.694133,-0.270271
26.169430,1791353604.680379,-0.729829,-1.218750,1.128117,0.362588,-0.685949,-0.235048
26.188954,1791353604.700216,-0.722053,-1.232398,1.123788,0.414846,-0.678732,-0.198095
26.210853,1791353604.720228,-0.712997,-1.245820,1.118623,0.467376,-0.672319,-0.166197
26.230399,1791353604.739540,-0.703016,-1.258662,1.114385,0.518933,-0.665427,-0.134893
26.250055,1791353604.759651,-0.692179,-1.270963,1.110969,0.568966,-0.657360,-0.107698
26.270321,1791353604.780213,-0.679788,-1.283486,1.108099,0.620359,-0.649550,-0.084382
26.289577,1791353604.800215,-0.666679,-1.295500,1.105800,0.669100,-0.639411,-0.068391
26.309839,1791353604.820415,-0.652082,-1.307645,1.103808,0.718284,-0.628652,-0.057880
26.329452,1791353604.838861,-0.636819,-1.319223,1.102095,0.766355,-0.614809,-0.046829
26.348857,1791353604.860511,-0.620052,-1.330819,1.100589,0.814909,-0.600262,-0.042507
26.369477,1791353604.879624,-0.602759,-1.341780,1.099340,0.862474,-0.582846,-0.036527
26.390315,1791353604.900446,-0.585159,-1.351882,1.098259,0.907134,-0.562463,-0.033368
26.409238,1791353604.919087,-0.565992,-1.361973,1.097277,0.953302,-0.542109,-0.031883
26.428697,1791353604.940185,-0.546665,-1.371224,1.096411,0.996085,-0.519261,-0.030169
26.449262,1791353604.959859,-0.525515,-1.380672,1.095590,1.041603,-0.497319,-0.027323
26.469261,1791353604.979090,-0.504307,-1.389257,1.094912,1.082674,-0.473262,-0.027538
26.488951,1791353605.001846,-0.482255,-1.398515,1.094332,1.122438,-0.452075,-0.030416
26.509014,1791353605.019668,-0.474071,-1.398831,1.093836,1.110709,-0.404260,-0.030582
26.529302,1791353605.040905,-0.451493,-1.406679,1.093191,1.146766,-0.380120,-0.034692
26.548644,1791353605.059678,-0.426640,-1.413830,1.092478,1.186927,-0.352987,-0.037160
26.569443,1791353605.080374,-0.400322,-1.420691,1.091757,1.228098,-0.324733,-0.039064
26.589301,1791353605.099174,-0.374108,-1.426805,1.091021,1.264501,-0.294693,-0.041852
26.609966,1791353605.120528,-0.346486,-1.432512,1.090237,1.301509,-0.263573,-0.042752
26.630039,1791353605.141929,-0.326379,-1.435818,1.089634,1.310139,-0.227109,-0.042236
26.649105,1791353605.160084,-0.297072,-1.440420,1.088879,1.345378,-0.194112,-0.043311
26.668808,1791353605.180170,-0.268369,-1.444196,1.088176,1.374408,-0.159895,-0.046482
26.689099,1791353605.199710,-0.240656,-1.447033,1.087236,1.396640,-0.123339,-0.046614
26.709378,1791353605.219991,-0.208991,-1.449703,1.086639,1.427045,-0.087283,-0.049385
26.728888,1791353605.240897,-0.180276,-1.451059,1.085636,1.444099,-0.047848,-0.050640
26.749157,1791353605.261658,-0.149249,-1.451845,1.084777,1.464280,-0.007457,-0.054169
26.769765,1791353605.280533,-0.119280,-1.451721,1.083907,1.477247,0.034753,-0.055328
26.789305,1791353605.299088,-0.089979,-1.450773,1.083015,1.484581,0.077552,-0.057125
26.809394,1791353605.321162,-0.061297,-1.449003,1.082152,1.487005,0.121848,-0.054294
26.829261,1791353605.340342,-0.031552,-1.446219,1.081274,1.489884,0.167086,-0.053153
26.849216,1791353605.358893,-0.002557,-1.442594,1.080457,1.487331,0.212734,-0.051198
26.869040,1791353605.381350,0.025272,-1.438313,1.079650,1.478134,0.257273,-0.051435
26.889240,1791353605.400986,0.054004,-1.432986,1.078788,1.469039,0.302792,-0.052012
26.909415,1791353605.421633,0.083779,-1.426441,1.077873,1.460128,0.349868,-0.051537
26.929038,1791353605.440701,0.092888,-1.422322,1.077590,1.385167,0.380901,-0.051081
26.949363,1791353605.460817,0.123509,-1.413826,1.076520,1.376513,0.427850,-0.054142
26.968859,1791353605.483964,0.152703,-1.404586,1.075506,1.361143,0.474406,-0.053475
26.989095,1791353605.499967,0.179696,-1.394654,1.074421,1.337631,0.518530,-0.055144
27.009184,1791353605.519759,0.210400,-1.383101,1.073370,1.323646,0.566528,-0.052577
27.028985,1791353605.541548,0.236588,-1.371331,1.072308,1.294720,0.610076,-0.054451
27.048798,1791353605.560904,0.264498,-1.358518,1.071235,1.269975,0.654086,-0.057465
27.069336,1791353605.579657,0.290262,-1.344989,1.070161,1.235735,0.698092,-0.052969
27.090110,1791353605.600433,0.314588,-1.330598,1.069134,1.196195,0.740774,-0.049103
27.109310,1791353605.620567,0.339477,-1.314834,1.068249,1.157386,0.784649,-0.042815
27.129128,1791353605.640360,0.362849,-1.298618,1.067466,1.114338,0.825308,-0.039685
27.148748,1791353605.660209,0.384469,-1.282202,1.066749,1.066381,0.862345,-0.038812
27.168551,1791353605.681234,0.405795,-1.264475,1.066001,1.017969,0.899885,-0.039005
27.189181,1791353605.701668,0.425618,-1.246436,1.065220,0.966338,0.934373,-0.041457
27.209417,1791353605.720387,0.444962,-1.227089,1.064410,0.914120,0.969915,-0.042624
27.228937,1791353605.740896,0.446998,-1.221555,1.064191,0.812253,0.952576,-0.041591
27.248691,1791353605.758956,0.465243,-1.200005,1.063272,0.763482,0.989785,-0.044883
27.269390,1791353605.782759,0.481901,-1.178390,1.062308,0.711631,1.023628,-0.047040
27.288590,1791353605.801264,0.495550,-1.157643,1.061348,0.653004,1.050466,-0.048983
27.309652,1791353605.820589,0.510396,-1.134104,1.060269,0.600523,1.083149,-0.051677
27.329206,1791353605.841226,0.523623,-1.110745,1.059189,0.546317,1.112053,-0.054873
27.348793,1791353605.863709,0.524740,-1.102931,1.058698,0.462847,1.086943,-0.057434
27.368947,1791353605.881296,0.536521,-1.077437,1.057366,0.412676,1.119431,-0.063941
27.389097,1791353605.901829,0.546823,-1.052118,1.056001,0.361450,1.148243,-0.068461
27.409432,1791353605.919734,0.558481,-1.023498,1.054546,0.317328,1.184782,-0.070895
27.429898,1791353605.940773,0.564256,-0.999638,1.053096,0.259890,1.200520,-0.073578
27.449797,1791353605.960814,0.563913,-0.992744,1.052569,0.190043,1.156800,-0.067983
27.468770,1791353605.979247,0.570379,-0.964936,1.051165,0.140529,1.181263,-0.068686
27.489125,1791353606.001990,0.575527,-0.937728,1.049800,0.089580,1.200030,-0.067377
27.509552,1791353606.020251,0.579591,-0.909710,1.048473,0.038278,1.218100,-0.064663
27.529104,1791353606.040712,0.582504,-0.880982,1.047245,-0.013666,1.235444,-0.059674
27.548791,1791353606.060077,0.584157,-0.853034,1.046182,-0.064884,1.247481,-0.057633
27.569862,1791353606.083060,0.584848,-0.826105,1.045278,-0.115772,1.254101,-0.052967
27.589208,1791353606.101413,0.581960,-0.801037,1.044237,-0.172984,1.252192,-0.051084
27.609399,1791353606.120294,0.580452,-0.773359,1.043479,-0.222143,1.257537,-0.048291
27.628765,1791353606.139127,0.577935,-0.746607,1.042790,-0.268909,1.257750,-0.048733
27.649334,1791353606.159910,0.574240,-0.719334,1.042160,-0.315443,1.257291,-0.046876
27.669287,1791353606.184005,0.569904,-0.693434,1.041666,-0.359309,1.250197,-0.042423
27.689265,1791353606.201236,0.564746,-0.668532,1.041258,-0.400580,1.238184,-0.039198
27.708804,1791353606.220603,0.559141,-0.644958,1.040995,-0.438894,1.220592,-0.034134
27.729997,1791353606.239914,0.551665,-0.619300,1.040817,-0.479946,1.208459,-0.028681
27.749168,1791353606.260273,0.548449,-0.613416,1.040849,-0.497095,1.133134,-0.024612
27.769108,1791353606.280360,0.539738,-0.588846,1.040849,-0.534524,1.117688,-0.020245
27.789633,1791353606.300800,0.528638,-0.566735,1.040457,-0.575198,1.092908,-0.018933
27.809504,1791353606.320014,0.518120,-0.542486,1.040553,-0.611406,1.074139,-0.015554
27.828977,1791353606.339775,0.507178,-0.519608,1.040674,-0.645275,1.050532,-0.012831
27.852496,1791353606.360106,0.496171,-0.498366,1.040916,-0.675969,1.021581,-0.009131
27.868997,1791353606.379961,0.484773,-0.478352,1.041218,-0.705126,0.988704,-0.003972
27.889374,1791353606.400707,0.472302,-0.458424,1.041560,-0.734764,0.956406,-0.001488
27.909468,1791353606.419078,0.458746,-0.438748,1.041977,-0.765916,0.923860,0.002443
27.929878,1791353606.441910,0.444114,-0.419507,1.042482,-0.798020,0.891080,0.005536
27.949381,1791353606.459542,0.429264,-0.401621,1.043011,-0.827799,0.855527,0.006935
27.969378,1791353606.480465,0.414594,-0.385314,1.043561,-0.854007,0.816451,0.008508
27.989376,1791353606.500472,0.397186,-0.369368,1.043713,-0.886441,0.777837,0.006775
28.009136,1791353606.521525,0.380868,-0.354215,1.044250,-0.912960,0.738616,0.006609
28.029147,1791353606.540337,0.364435,-0.340412,1.044701,-0.937148,0.697502,0.003467
28.049880,1791353606.562406,0.348296,-0.328040,1.045051,-0.958084,0.654304,-0.001556
28.068926,1791353606.582276,0.330949,-0.316122,1.045287,-0.980985,0.612177,-0.009410
28.089021,1791353606.603056,0.313532,-0.305335,1.045305,-1.002052,0.568685,-0.017005
28.109556,1791353606.621040,0.294863,-0.295060,1.045269,-1.024854,0.525724,-0.023078
28.129333,1791353606.640957,0.275196,-0.285400,1.044947,-1.048319,0.483408,-0.029233
28.149824,1791353606.661116,0.255589,-0.276894,1.044452,-1.068822,0.440630,-0.036840
28.169266,1791353606.682745,0.236447,-0.269593,1.043808,-1.085449,0.396705,-0.044021
28.189138,1791353606.700491,0.214498,-0.262067,1.042833,-1.109057,0.355775,-0.053873
28.209399,1791353606.722599,0.193841,-0.256063,1.041831,-1.125604,0.312972,-0.063498
28.229458,1791353606.741350,0.173358,-0.251044,1.040634,-1.138955,0.269614,-0.072631
28.249366,1791353606.759236,0.153389,-0.247090,1.039511,-1.147864,0.225562,-0.080772
28.269936,1791353606.781265,0.139214,-0.245259,1.038337,-1.136164,0.179221,-0.088572
28.289515,1791353606.801832,0.117562,-0.242508,1.036541,-1.146679,0.135654,-0.095875
28.309571,1791353606.821840,0.094966,-0.240496,1.034598,-1.157698,0.091453,-0.101133
28.328628,1791353606.839331,0.072755,-0.239372,1.032589,-1.164994,0.047011,-0.106799
28.348869,1791353606.859718,0.051343,-0.239124,1.030504,-1.167559,0.001620,-0.110067
28.369536,1791353606.881594,0.046316,-0.241225,1.029719,-1.115738,-0.043623,-0.111026
28.389099,1791353606.900712,0.023156,-0.242463,1.027358,-1.122447,-0.090060,-0.114120
28.409282,1791353606.920997,-0.000783,-0.244804,1.024997,-1.129538,-0.138106,-0.115799
28.428765,1791353606.941606,-0.024070,-0.247884,1.022586,-1.132480,-0.186237,-0.115235
28.448631,1791353606.973280,-0.046544,-0.252049,1.020238,-1.130945,-0.234308,-0.116733
28.472156,1791353606.984212,-0.069142,-0.257225,1.017908,-1.128414,-0.283487,-0.116014
28.488629,1791353607.007230,-0.090585,-0.262671,1.015699,-1.121422,-0.329964,-0.116457
28.509535,1791353607.020225,-0.111167,-0.268723,1.013541,-1.111056,-0.375852,-0.114669
28.529836,1791353607.040316,-0.134399,-0.276679,1.011154,-1.108263,-0.425404,-0.114996
28.548929,1791353607.063613,-0.156627,-0.285241,1.008862,-1.101237,-0.473949,-0.112134
28.570239,1791353607.080493,-0.179339,-0.295046,1.006529,-1.094816,-0.522229,-0.111803
28.588759,1791353607.100782,-0.201261,-0.305428,1.004295,-1.084751,-0.568944,-0.107992
28.609539,1791353607.120872,-0.223598,-0.317077,1.002125,-1.074739,-0.616578,-0.102423
28.628922,1791353607.139074,-0.246204,-0.330026,0.999963,-1.064659,-0.663950,-0.101375
28.649237,1791353607.160557,-0.267902,-0.343415,0.997849,-1.050803,-0.709035,-0.100775
28.670080,1791353607.180771,-0.273894,-0.349271,0.997254,-0.988446,-0.722797,-0.092629
28.689121,1791353607.200698,-0.295861,-0.365021,0.995200,-0.975348,-0.770096,-0.091301
28.709530,1791353607.219885,-0.316833,-0.381151,0.993219,-0.958059,-0.814384,-0.090672
28.729203,1791353607.243609,-0.337825,-0.398676,0.991222,-0.939881,-0.859056,-0.091481
28.749202,1791353607.261758,-0.357733,-0.416431,0.989282,-0.917418,-0.900906,-0.089825
28.768866,1791353607.280354,-0.363390,-0.423613,0.988626,-0.852381,-0.901696,-0.082528
28.788936,1791353607.300593,-0.383007,-0.443678,0.986822,-0.829777,-0.946784,-0.076888
28.809171,1791353607.319970,-0.401448,-0.463976,0.985186,-0.804015,-0.988155,-0.073115
28.829549,1791353607.340097,-0.419567,-0.485493,0.983594,-0.777272,-1.029415,-0.068865
28.849388,1791353607.362479,-0.436497,-0.507150,0.982197,-0.746546,-1.067129,-0.061375
28.869411,1791353607.380371,-0.439957,-0.513881,0.981954,-0.676664,-1.048133,-0.049792
28.889551,1791353607.399854,-0.453086,-0.535158,0.981082,-0.635876,-1.079112,-0.038148
28.909302,1791353607.420489,-0.468529,-0.559580,0.980254,-0.602575,-1.117515,-0.028062
28.929077,1791353607.440885,-0.482652,-0.583919,0.979649,-0.566947,-1.151523,-0.021205
28.949036,1791353607.461220,-0.495451,-0.607829,0.979188,-0.528697,-1.180822,-0.014083
28.971606,1791353607.483348,-0.507623,-0.632898,0.978884,-0.489666,-1.210831,-0.007430
28.989302,1791353607.500700,-0.518521,-0.657752,0.978724,-0.447887,-1.236856,-0.000780
29.009644,1791353607.520386,-0.528706,-0.683736,0.978752,-0.404739,-1.263270,0.006213
29.029070,1791353607.544634,-0.537982,-0.710771,0.979011,-0.359343,-1.289956,0.015722
29.050829,1791353607.559874,-0.545966,-0.737405,0.979425,-0.312260,-1.311743,0.023163
29.068837,1791353607.580488,-0.551686,-0.763824,0.979983,-0.259335,-1.329654,0.033241
29.089070,1791353607.599780,-0.551435,-0.770919,0.980405,-0.196508,-1.282586,0.039484
29.109698,1791353607.620040,-0.556620,-0.799547,0.981376,-0.147228,-1.304160,0.046951
29.128988,1791353607.641764,-0.560505,-0.827532,0.982464,-0.096845,-1.320619,0.052891
29.149232,1791353607.660231,-0.563198,-0.854511,0.983548,-0.046838,-1.331100,0.054255
29.169236,1791353607.682235,-0.564779,-0.882353,0.984697,0.004400,-1.342157,0.056123
29.189242,1791353607.700558,-0.563294,-0.891246,0.985124,0.056845,-1.291864,0.056241
29.209361,1791353607.720362,-0.562724,-0.920687,0.986495,0.109604,-1.306196,0.059195
29.229535,1791353607.741842,-0.561075,-0.948952,0.987805,0.161953,-1.314514,0.059806
29.249668,1791353607.759978,-0.558005,-0.978162,0.989196,0.216750,-1.323350,0.061251
29.270247,1791353607.779325,-0.553106,-1.004612,0.990413,0.273183,-1.321114,0.059920
29.289474,1791353607.800518,-0.547983,-1.032657,0.991708,0.327390,-1.322372,0.056982
29.309178,1791353607.820760,-0.541420,-1.061295,0.992969,0.383182,-1.323739,0.054099
29.329093,1791353607.840216,-0.533850,-1.088900,0.994110,0.438211,-1.320306,0.050570
29.349540,1791353607.860307,-0.525457,-1.115106,0.995108,0.491845,-1.310906,0.046868
29.369372,1791353607.881040,-0.515561,-1.141776,0.996142,0.547411,-1.300848,0.044593
29.388979,1791353607.901077,-0.504764,-1.167464,0.997074,0.601427,-1.285735,0.039608
29.409885,1791353607.921640,-0.492408,-1.193577,0.997842,0.656192,-1.270218,0.031813
29.429117,1791353607.941259,-0.478481,-1.219845,0.998499,0.712790,-1.253333,0.027229
29.449107,1791353607.960183,-0.463795,-1.244861,0.999010,0.765899,-1.232071,0.018440
29.470188,1791353607.980330,-0.447942,-1.269267,0.999318,0.819233,-1.207952,0.012390
29.489499,1791353607.999263,-0.435528,-1.286971,0.999546,0.854876,-1.163686,0.003443
29.508726,1791353608.020694,-0.417715,-1.310090,0.999610,0.905735,-1.135786,-0.005734
29.529097,1791353608.040583,-0.398354,-1.333087,0.999472,0.956476,-1.107273,-0.017605
29.549370,1791353608.061740,-0.378511,-1.354759,0.999128,1.004932,-1.073345,-0.024436
29.568985,1791353608.080756,-0.358486,-1.374841,0.998686,1.048101,-1.034827,-0.033719
29.588856,1791353608.100032,-0.352207,-1.378184,0.998068,1.037634,-0.947146,-0.043301
29.609000,1791353608.120086,-0.329187,-1.398086,0.997282,1.084366,-0.909949,-0.051065
29.629209,1791353608.140231,-0.304716,-1.417544,0.996322,1.131187,-0.871530,-0.059998
29.650437,1791353608.160588,-0.280041,-1.435495,0.995203,1.174477,-0.827800,-0.064578
29.669622,1791353608.181098,-0.256186,-1.451563,0.993892,1.210349,-0.778699,-0.066848
29.689080,1791353608.200570,-0.230846,-1.466942,0.992762,1.246501,-0.728251,-0.067534
29.709125,1791353608.223268,-0.204098,-1.481614,0.991565,1.282496,-0.677386,-0.069887
29.729335,1791353608.239794,-0.177434,-1.494799,0.990331,1.314051,-0.624019,-0.072153
29.748847,1791353608.260350,-0.151197,-1.506405,0.989151,1.340772,-0.567605,-0.071470
29.769850,1791353608.280261,-0.123541,-1.517201,0.987927,1.367842,-0.512022,-0.074385
29.788930,1791353608.304044,-0.096113,-1.526621,0.986675,1.389882,-0.454906,-0.076746
29.809366,1791353608.320425,-0.067383,-1.535134,0.985344,1.412078,-0.397425,-0.078817
29.829129,1791353608.341106,-0.037478,-1.542658,0.983890,1.433789,-0.340198,-0.083083
29.849716,1791353608.360365,-0.008059,-1.548778,0.982405,1.449884,-0.281675,-0.085330
29.869534,1791353608.379874,0.020517,-1.553459,0.980879,1.458981,-0.223451,-0.088958
29.889545,1791353608.400767,0.050144,-1.557206,0.979259,1.467730,-0.165307,-0.089648
29.909695,1791353608.423263,0.079547,-1.559932,0.977470,1.471894,-0.107217,-0.089259
29.928903,1791353608.440293,0.108550,-1.561269,0.975876,1.470931,-0.049296,-0.091981
29.949061,1791353608.460823,0.136312,-1.561423,0.974313,1.462149,0.009097,-0.091547
29.969583,1791353608.480489,0.164960,-1.560473,0.972669,1.452927,0.066079,-0.094184
29.988593,1791353608.501341,0.192650,-1.558494,0.971064,1.437587,0.122174,-0.095040
30.009517,1791353608.519727,0.196985,-1.555170,0.970723,1.345704,0.171165,-0.090598
30.033332,1791353608.546885,0.226074,-1.551197,0.968905,1.333545,0.225419,-0.094608
30.049207,1791353608.562166,0.254000,-1.546291,0.967058,1.315080,0.278872,-0.096706
30.069239,1791353608.583097,0.283374,-1.539878,0.965058,1.293059,0.336053,-0.095194
30.089386,1791353608.600320,0.310150,-1.532838,0.963236,1.266548,0.389320,-0.093342
30.109500,1791353608.621186,0.317671,-1.528258,0.962687,1.173326,0.425602,-0.085528
30.135815,1791353608.660536,0.372564,-1.507416,0.958970,1.128153,0.536447,-0.083710
30.148918,1791353608.660536,0.372564,-1.507416,0.958970,1.128153,0.536447,-0.083710
30.177417,1791353608.700664,0.421513,-1.483710,0.955365,1.068130,0.638231,-0.087540
30.188780,1791353608.700664,0.421513,-1.483710,0.955365,1.068130,0.638231,-0.087540
30.209049,1791353608.723949,0.429985,-1.477345,0.954656,0.989230,0.660649,-0.082418
30.229216,1791353608.741553,0.454399,-1.461824,0.952735,0.963662,0.715295,-0.082015
30.249511,1791353608.762062,0.477367,-1.445708,0.950822,0.936226,0.766285,-0.085248
30.269011,1791353608.781309,0.498871,-1.429209,0.948976,0.905321,0.815238,-0.082289
30.289051,1791353608.800352,0.519003,-1.412258,0.947280,0.872626,0.860776,-0.079533
30.309413,1791353608.820392,0.538814,-1.393905,0.945619,0.841476,0.906442,-0.077298
30.329328,1791353608.840925,0.558230,-1.374192,0.943956,0.811639,0.951996,-0.075695
30.348650,1791353608.861314,0.576288,-1.354233,0.942409,0.779867,0.993532,-0.073441
30.370149,1791353608.880446,0.592957,-1.334378,0.940940,0.746721,1.029501,-0.073646
30.389284,1791353608.899813,0.607513,-1.313431,0.939477,0.708694,1.064784,-0.072861
30.408640,1791353608.920308,0.623187,-1.291529,0.937975,0.676303,1.099628,-0.071701
30.429066,1791353608.940519,0.637589,-1.269665,0.936547,0.642462,1.129501,-0.072464
30.449507,1791353608.960057,0.651562,-1.246601,0.935109,0.608692,1.158859,-0.071653
30.470188,1791353608.983763,0.664172,-1.224149,0.933780,0.572700,1.181217,-0.069412
30.488763,1791353609.000496,0.676422,-1.200146,0.932473,0.537070,1.204653,-0.065375
30.509193,1791353609.019784,0.687394,-1.176868,0.931343,0.499805,1.221835,-0.060182
30.529381,1791353609.040423,0.697793,-1.152612,0.930284,0.462990,1.238715,-0.057054
30.548653,1791353609.060491,0.707075,-1.128734,0.929308,0.424707,1.250698,-0.055296
30.569983,1791353609.079982,0.715198,-1.105754,0.928392,0.385166,1.255829,-0.056230
30.588626,1791353609.101046,0.722486,-1.080539,0.927288,0.343502,1.265221,-0.054191
30.609544,1791353609.119772,0.723037,-1.076734,0.927304,0.287992,1.199612,-0.047795
30.629922,1791353609.141267,0.728361,-1.052713,0.926397,0.244206,1.201993,-0.042667
30.648627,1791353609.161197,0.733782,-1.027149,0.925747,0.201627,1.206993,-0.035753
30.669339,1791353609.182217,0.738055,-1.002725,0.925210,0.158059,1.206144,-0.031976
30.689881,1791353609.201767,0.741430,-0.977397,0.924750,0.112259,1.206344,-0.025844
30.708652,1791353609.221237,0.743673,-0.953293,0.924397,0.065335,1.201260,-0.022227
30.733609,1791353609.241219,0.744969,-0.905008,0.923929,-0.034305,1.188877,-0.011779
30.748780,1791353609.259927,0.744969,-0.905008,0.923929,-0.034305,1.188877,-0.011779
30.769922,1791353609.280562,0.744010,-0.882513,0.923850,-0.085628,1.177004,-0.007326
30.788734,1791353609.300349,0.741769,-0.859053,0.923736,-0.138655,1.168561,-0.003680
30.809070,1791353609.320423,0.738707,-0.837290,0.923870,-0.190842,1.154817,0.000076
30.829321,1791353609.341371,0.734359,-0.814285,0.923891,-0.243757,1.145243,0.001446
30.854522,1791353609.360149,0.728908,-0.791829,0.924034,-0.296991,1.133762,0.004439
30.869536,1791353609.380832,0.722585,-0.770574,0.924225,-0.349637,1.118576,0.007967
30.888696,1791353609.401001,0.714864,-0.748493,0.924455,-0.402602,1.106571,0.007341
30.908701,1791353609.422527,0.706421,-0.727593,0.924635,-0.453712,1.091109,0.005992
30.929445,1791353609.441070,0.696661,-0.706280,0.924764,-0.504768,1.077077,0.002803
30.953564,1791353609.460904,0.686175,-0.685806,0.924847,-0.554031,1.060070,0.000535
30.970103,1791353609.484535,0.675201,-0.666494,0.924872,-0.600041,1.039158,-0.003368
30.990018,1791353609.499522,0.662722,-0.645877,0.924772,-0.647764,1.022080,-0.006150
31.008773,1791353609.522669,0.650017,-0.627872,0.924781,-0.692119,0.996425,-0.007235
31.028727,1791353609.540884,0.636356,-0.609511,0.924669,-0.735303,0.972226,-0.011579
31.048980,1791353609.560815,0.621656,-0.591200,0.924505,-0.778240,0.947478,-0.014245
31.069182,1791353609.580117,0.606494,-0.573739,0.924264,-0.818594,0.919735,-0.016102
31.089143,1791353609.601257,0.589697,-0.555599,0.923928,-0.860979,0.893776,-0.017151
31.109570,1791353609.626652,0.572419,-0.538601,0.923664,-0.900907,0.864225,-0.018326
31.137671,1791353609.660674,0.535996,-0.506680,0.923036,-0.975886,0.798503,-0.020718
31.148956,1791353609.660674,0.535996,-0.506680,0.923036,-0.975886,0.798503,-0.020718
31.170135,1791353609.680438,0.517117,-0.491959,0.922907,-1.009859,0.762287,-0.023029
31.189126,1791353609.700628,0.496725,-0.477329,0.922475,-1.046335,0.725175,-0.022037
31.209188,1791353609.721198,0.476568,-0.463907,0.922131,-1.077832,0.685529,-0.023370
31.228881,1791353609.742621,0.471198,-0.463368,0.921919,-1.054869,0.610482,-0.023180
31.249212,1791353609.760171,0.450004,-0.450986,0.921538,-1.084695,0.572134,-0.025878
31.270167,1791353609.780400,0.427487,-0.438963,0.921120,-1.115917,0.533470,-0.026457
31.289803,1791353609.800594,0.404879,-0.428726,0.920626,-1.144441,0.490004,-0.023321
31.309224,1791353609.820428,0.380521,-0.417942,0.920240,-1.175138,0.450711,-0.024556
31.331584,1791353609.840838,0.356344,-0.408290,0.919870,-1.202799,0.409219,-0.022230
31.349384,1791353609.861480,0.330947,-0.399202,0.919581,-1.232032,0.367535,-0.018143
31.369058,1791353609.880810,0.306150,-0.391283,0.919309,-1.256053,0.325688,-0.018399
31.388709,1791353609.901966,0.279787,-0.384000,0.919058,-1.282679,0.282884,-0.015436
31.409186,1791353609.923405,0.254048,-0.377753,0.918852,-1.303355,0.240989,-0.019423
31.428958,1791353609.946077,0.227181,-0.372281,0.918607,-1.324710,0.197879,-0.020322
31.449062,1791353609.959920,0.200707,-0.367815,0.918360,-1.341398,0.153666,-0.019533
31.470380,1791353609.979921,0.175030,-0.364347,0.918110,-1.351922,0.109530,-0.022049
31.489371,1791353609.999985,0.147863,-0.362638,0.917651,-1.364339,0.061066,-0.023357
31.509276,1791353610.020292,0.120850,-0.361032,0.917424,-1.373763,0.013502,-0.020447
31.533139,1791353610.040524,0.114560,-0.361243,0.917418,-1.313561,-0.030397,-0.021053
31.548772,1791353610.061937,0.088241,-0.362349,0.916965,-1.317847,-0.080393,-0.023830
31.570658,1791353610.080518,0.058844,-0.362579,0.916886,-1.329586,-0.126619,-0.022570
31.589827,1791353610.101892,0.032249,-0.365627,0.916450,-1.329401,-0.178147,-0.021368
31.608818,1791353610.120834,0.003871,-0.368929,0.916191,-1.332598,-0.227495,-0.021733
31.629146,1791353610.140031,-0.023659,-0.373129,0.915899,-1.330914,-0.276626,-0.022461
31.649388,1791353610.163541,-0.034542,-0.375904,0.915886,-1.276837,-0.314017,-0.020878
31.669362,1791353610.180598,-0.062343,-0.382159,0.915662,-1.274105,-0.365689,-0.016676
31.690137,1791353610.200897,-0.087705,-0.389999,0.915360,-1.261513,-0.418313,-0.013670
31.709005,1791353610.222873,-0.115867,-0.398570,0.915253,-1.256063,-0.470989,-0.009659
31.733042,1791353610.240374,-0.142978,-0.408032,0.915267,-1.245628,-0.523259,-0.003937
31.748875,1791353610.260733,-0.152190,-0.413117,0.915373,-1.179966,-0.552743,-0.000204
31.770545,1791353610.279911,-0.179655,-0.424876,0.915550,-1.170756,-0.606391,0.004521
31.789032,1791353610.300560,-0.207349,-0.438251,0.915782,-1.160507,-0.662020,0.010625
31.808948,1791353610.320178,-0.233631,-0.452012,0.916100,-1.145384,-0.714131,0.014318
31.829776,1791353610.348359,-0.259912,-0.467309,0.916444,-1.129146,-0.767536,0.018475
31.849247,1791353610.360921,-0.284893,-0.483423,0.916862,-1.108010,-0.819413,0.023373
31.869725,1791353610.380427,-0.308429,-0.499912,0.917286,-1.082491,-0.867671,0.025939
31.890514,1791353610.400384,-0.329754,-0.517752,0.917847,-1.049637,-0.915918,0.029569
31.909366,1791353610.422032,-0.352639,-0.536736,0.918327,-1.021927,-0.963579,0.030922
31.929400,1791353610.440980,-0.374145,-0.556120,0.918742,-0.990642,-1.006753,0.028517
31.949072,1791353610.460480,-0.394113,-0.575577,0.919096,-0.954874,-1.045157,0.027043
31.969542,1791353610.480399,-0.413871,-0.596566,0.919428,-0.918991,-1.083643,0.025321
31.989573,1791353610.501150,-0.433489,-0.619282,0.919747,-0.882668,-1.123350,0.026148
32.009701,1791353610.521049,-0.451469,-0.641933,0.920118,-0.842219,-1.158119,0.028373
32.029233,1791353610.540922,-0.468994,-0.665964,0.920535,-0.801466,-1.192756,0.029970
32.049496,1791353610.560643,-0.471754,-0.672818,0.920658,-0.721315,-1.163962,0.027650
32.069214,1791353610.580818,-0.488348,-0.699379,0.921059,-0.682255,-1.199921,0.025824
32.089124,1791353610.600480,-0.503472,-0.725701,0.921381,-0.640140,-1.230519,0.023173
32.108939,1791353610.620867,-0.517173,-0.751843,0.921646,-0.595113,-1.256541,0.020732
32.129557,1791353610.640522,-0.530113,-0.779186,0.921923,-0.548576,-1.283103,0.020108
32.149348,1791353610.663212,-0.532851,-0.788705,0.921920,-0.476490,-1.247456,0.019147
32.170351,1791353610.681698,-0.543638,-0.816484,0.922227,-0.427556,-1.272234,0.018064
32.189624,1791353610.700401,-0.551640,-0.842079,0.922581,-0.372292,-1.286783,0.017648
32.209347,1791353610.722580,-0.560448,-0.871491,0.922944,-0.321051,-1.311404,0.017159
32.232424,1791353610.742473,-0.567793,-0.900381,0.923273,-0.268018,-1.331723,0.017415
32.249465,1791353610.762523,-0.574009,-0.930276,0.923662,-0.214252,-1.352828,0.017476
32.268530,1791353610.782167,-0.578829,-0.959387,0.924024,-0.160381,-1.368957,0.014377
32.288649,1791353610.801802,-0.582350,-0.987930,0.924317,-0.105873,-1.380820,0.010288
32.309471,1791353610.820305,-0.584725,-1.017554,0.924584,-0.049674,-1.393807,0.008972
32.329501,1791353610.842940,-0.585834,-1.048107,0.924837,0.006669,-1.407004,0.005099
32.349081,1791353610.861430,-0.585700,-1.077906,0.925010,0.063275,-1.415176,0.002122
32.369971,1791353610.880007,-0.584429,-1.106698,0.925175,0.119631,-1.417820,0.000848
32.388912,1791353610.900532,-0.581464,-1.135048,0.925152,0.176670,-1.416648,-0.003732
32.409046,1791353610.919910,-0.578126,-1.165162,0.925324,0.231905,-1.418690,-0.007233
32.429004,1791353610.940153,-0.572910,-1.193480,0.925165,0.289513,-1.412515,-0.009013
32.449513,1791353610.960196,-0.567158,-1.221041,0.925083,0.343294,-1.402561,-0.015396
32.469424,1791353610.982722,-0.563253,-1.227380,0.924783,0.382559,-1.326817,-0.018399
32.504542,1791353611.021435,-0.545298,-1.286342,0.924257,0.494470,-1.318223,-0.029682
32.509524,1791353611.021435,-0.545298,-1.286342,0.924257,0.494470,-1.318223,-0.029682
32.537593,1791353611.059927,-0.522378,-1.345401,0.923091,0.603852,-1.305491,-0.050270
32.549947,1791353611.059927,-0.522378,-1.345401,0.923091,0.603852,-1.305491,-0.050270
32.568793,1791353611.083678,-0.509845,-1.373050,0.922196,0.655037,-1.291697,-0.062178
32.589373,1791353611.100254,-0.496239,-1.398674,0.920847,0.705693,-1.269987,-0.071443
32.609056,1791353611.126477,-0.481181,-1.426398,0.919538,0.757325,-1.253219,-0.077935
32.629205,1791353611.139867,-0.465734,-1.452497,0.918169,0.805310,-1.229920,-0.083120
32.649056,1791353611.160443,-0.448568,-1.479010,0.916675,0.855415,-1.205791,-0.085214
32.669631,1791353611.180785,-0.443231,-1.483530,0.916144,0.857814,-1.115980,-0.083667
32.689417,1791353611.200944,-0.423311,-1.510007,0.914448,0.909096,-1.093088,-0.087262
32.708880,1791353611.222885,-0.403061,-1.535077,0.912743,0.955768,-1.066556,-0.094378
32.729184,1791353611.241760,-0.382704,-1.558519,0.910980,0.998696,-1.034721,-0.098379
32.748572,1791353611.260400,-0.360762,-1.581799,0.909061,1.042711,-1.001508,-0.099981
32.769578,1791353611.280191,-0.338881,-1.603434,0.907210,1.082072,-0.962840,-0.097645
32.788981,1791353611.301377,-0.315900,-1.624363,0.905340,1.117375,-0.917664,-0.097507
32.809669,1791353611.321695,-0.292679,-1.643851,0.903504,1.150564,-0.873380,-0.096540
32.829143,1791353611.343888,-0.269478,-1.661812,0.901766,1.179182,-0.824690,-0.093203
32.849562,1791353611.363053,-0.245054,-1.679084,0.900040,1.207657,-0.774831,-0.089979
32.873483,1791353611.380884,-0.219454,-1.695582,0.898283,1.235731,-0.724580,-0.090054
32.888956,1791353611.400926,-0.194103,-1.710440,0.896552,1.258855,-0.671025,-0.091065
32.909630,1791353611.420308,-0.169020,-1.723682,0.894873,1.277398,-0.613457,-0.088941
32.928816,1791353611.444265,-0.142863,-1.735916,0.893233,1.296046,-0.554005,-0.083959
32.949619,1791353611.460114,-0.117475,-1.746352,0.891762,1.308436,-0.491934,-0.079091
32.969308,1791353611.483499,-0.091173,-1.755563,0.890225,1.321086,-0.429163,-0.075140
32.989320,1791353611.501257,-0.066006,-1.763185,0.888946,1.327273,-0.366060,-0.072614
33.009862,1791353611.521247,-0.039817,-1.769725,0.887617,1.334401,-0.303987,-0.071949
33.029522,1791353611.540498,-0.012672,-1.775100,0.886214,1.342421,-0.243007,-0.073765
33.049540,1791353611.560389,0.013823,-1.778984,0.884808,1.346268,-0.181283,-0.075150
33.069541,1791353611.582154,0.039277,-1.781433,0.883318,1.344759,-0.120088,-0.080543
33.089612,1791353611.601086,0.065633,-1.782696,0.881709,1.344570,-0.058726,-0.085773
33.109381,1791353611.621976,0.091309,-1.782723,0.879963,1.340280,0.002046,-0.090637
33.129453,1791353611.640409,0.116300,-1.781571,0.878204,1.332120,0.061530,-0.096118
33.149903,1791353611.662166,0.142128,-1.779199,0.876263,1.325151,0.121175,-0.100119
33.169070,1791353611.679635,0.167208,-1.775736,0.874263,1.314308,0.179212,-0.105728
33.192958,1791353611.700757,0.192953,-1.771053,0.872093,1.304243,0.237766,-0.109090
33.208986,1791353611.719918,0.217893,-1.765370,0.869909,1.290359,0.294785,-0.112386
33.228980,1791353611.740162,0.241638,-1.758787,0.867792,1.271528,0.350174,-0.114115
33.253571,1791353611.760111,0.266350,-1.750806,0.865542,1.255017,0.406503,-0.114372
33.269332,1791353611.781783,0.289819,-1.742084,0.863346,1.233684,0.459683,-0.117389
33.289178,1791353611.800797,0.314310,-1.732360,0.860977,1.214797,0.512581,-0.119108
33.309793,1791353611.820373,0.337835,-1.721234,0.858665,1.191708,0.566286,-0.116695
33.329318,1791353611.844239,0.359986,-1.709577,0.856519,1.164138,0.616659,-0.114419
33.348870,1791353611.860810,0.382562,-1.696537,0.854316,1.138169,0.667258,-0.113194
33.369370,1791353611.880877,0.405364,-1.682104,0.852139,1.112434,0.719116,-0.108043
33.389081,1791353611.900379,0.427016,-1.667122,0.850169,1.082965,0.768382,-0.100503
33.409242,1791353611.920915,0.448380,-1.651275,0.848228,1.052987,0.815930,-0.093650
33.430044,1791353611.941162,0.467933,-1.635169,0.846621,1.018071,0.859403,-0.086817
33.451426,1791353611.962421,0.487643,-1.617609,0.845110,0.984148,0.903519,-0.080197
33.468922,1791353611.981035,0.506168,-1.599721,0.843759,0.946961,0.944448,-0.072779
33.489408,1791353612.001543,0.507763,-1.593916,0.843872,0.860704,0.937530,-0.060105
33.508909,1791353612.031233,0.526333,-1.573618,0.842744,0.826186,0.980751,-0.050183
33.528854,1791353612.040326,0.544572,-1.552006,0.841802,0.791187,1.024056,-0.041786
33.549345,1791353612.060844,0.561288,-1.530604,0.841098,0.752346,1.062487,-0.033998
33.569007,1791353612.081274,0.575891,-1.508998,0.840505,0.707540,1.097671,-0.025785
33.589729,1791353612.100724,0.591351,-1.485497,0.840125,0.666507,1.135708,-0.019270
33.609344,1791353612.121516,0.605382,-1.462054,0.839896,0.622048,1.170261,-0.011954
33.629061,1791353612.141273,0.618056,-1.438685,0.839811,0.575317,1.201184,-0.005717
33.649590,1791353612.160787,0.629347,-1.415715,0.839880,0.526563,1.227580,0.000176
33.669293,1791353612.180782,0.640750,-1.389497,0.840143,0.478552,1.262218,0.009016
33.689844,1791353612.203417,0.640897,-1.383301,0.840515,0.403052,1.225230,0.016808
33.709007,1791353612.225194,0.650348,-1.356302,0.841171,0.353457,1.258324,0.027906
33.729299,1791353612.242063,0.658875,-1.328060,0.842055,0.304077,1.291399,0.035814
33.748941,1791353612.260441,0.666067,-1.300423,0.843046,0.254131,1.318673,0.041305
33.769594,1791353612.280452,0.670601,-1.273844,0.843915,0.199161,1.338754,0.045607
33.789328,1791353612.300828,0.675517,-1.246118,0.845083,0.147900,1.360335,0.052734
33.809612,1791353612.320991,0.679399,-1.217182,0.846513,0.096276,1.383139,0.060513
33.828725,1791353612.340891,0.682213,-1.187034,0.848099,0.044111,1.406918,0.068794
33.849351,1791353612.360497,0.683804,-1.157464,0.849805,-0.008282,1.425642,0.075626
33.869261,1791353612.380189,0.684332,-1.128802,0.851567,-0.059764,1.438250,0.079397
33.888899,1791353612.401317,0.683706,-1.099014,0.853495,-0.111826,1.451712,0.083691
33.909375,1791353612.420875,0.682020,-1.069863,0.855444,-0.162898,1.460215,0.086821
33.929562,1791353612.441137,0.679149,-1.039656,0.857512,-0.214141,1.469435,0.090139
33.949473,1791353612.461479,0.675428,-1.010594,0.859581,-0.263465,1.472206,0.092237
33.969385,1791353612.480770,0.669641,-0.981131,0.861425,-0.315074,1.473495,0.091672
33.988658,1791353612.499919,0.668198,-0.977104,0.862112,-0.339996,1.390511,0.085860
34.009034,1791353612.520472,0.660898,-0.944884,0.864349,-0.389850,1.398081,0.086813
34.029625,1791353612.548392,0.652807,-0.913765,0.866538,-0.437527,1.398764,0.087149
34.049222,1791353612.560689,0.644135,-0.883918,0.868707,-0.483380,1.392275,0.090729
34.069628,1791353612.581243,0.634773,-0.855107,0.870893,-0.528158,1.379651,0.096934
34.088852,1791353612.600653,0.630797,-0.847110,0.871713,-0.545325,1.299291,0.097655
34.109080,1791353612.622764,0.619150,-0.817471,0.874203,-0.591374,1.289046,0.099525
34.128753,1791353612.641803,0.606105,-0.787535,0.876752,-0.639238,1.277570,0.103063
34.149204,1791353612.660460,0.592619,-0.759052,0.879324,-0.685089,1.260294,0.108699
34.170538,1791353612.681656,0.578481,-0.734134,0.881528,-0.728652,1.231100,0.111739
34.188694,1791353612.701164,0.563583,-0.707443,0.884194,-0.772056,1.207612,0.114059
34.209592,1791353612.721140,0.547342,-0.680739,0.886907,-0.816261,1.184196,0.112876
34.228869,1791353612.741246,0.529749,-0.654116,0.889589,-0.861128,1.160306,0.109468
34.249585,1791353612.760684,0.511775,-0.629081,0.892100,-0.903807,1.131023,0.107526
34.269406,1791353612.780883,0.493710,-0.605717,0.894417,-0.942451,1.097700,0.101970
34.289731,1791353612.800728,0.475371,-0.583924,0.896563,-0.978779,1.060033,0.097467
34.309408,1791353612.822833,0.456684,-0.563254,0.898500,-1.012618,1.020328,0.091344
34.328692,1791353612.840251,0.435158,-0.541711,0.900516,-1.053153,0.983619,0.088122
34.349133,1791353612.861967,0.413360,-0.521528,0.902550,-1.090724,0.944037,0.085381
34.369502,1791353612.880324,0.391670,-0.503066,0.904387,-1.123457,0.901292,0.080010
34.389361,1791353612.900721,0.368660,-0.485058,0.906106,-1.156744,0.858409,0.075178
34.409571,1791353612.921429,0.360947,-0.480980,0.906389,-1.133582,0.777910,0.065531
34.428704,1791353612.940950,0.335557,-0.464010,0.907772,-1.168900,0.736403,0.058962
34.449747,1791353612.961385,0.310470,-0.448539,0.908963,-1.199147,0.691947,0.052327
34.469763,1791353612.981530,0.286244,-0.435201,0.909989,-1.222911,0.641559,0.050496
34.489119,1791353613.001175,0.261126,-0.422393,0.910893,-1.246168,0.591225,0.048707
34.509471,1791353613.020778,0.254570,-0.421254,0.911132,-1.204819,0.512415,0.044270
34.529421,1791353613.042661,0.225302,-0.409059,0.912019,-1.237825,0.464954,0.039543
34.548919,1791353613.060612,0.198102,-0.398897,0.912684,-1.261297,0.413811,0.035615
34.569366,1791353613.083762,0.169749,-0.389711,0.913275,-1.285514,0.362038,0.031177
34.589210,1791353613.104228,0.140319,-0.381602,0.913839,-1.310354,0.308338,0.030300
34.609550,1791353613.120580,0.131880,-0.381177,0.913844,-1.264111,0.241379,0.023918
34.629507,1791353613.141564,0.100515,-0.375043,0.914243,-1.292341,0.188042,0.021424
34.649328,1791353613.160473,0.069868,-0.370286,0.914502,-1.315817,0.135209,0.014599
34.669839,1791353613.180292,0.043475,-0.368156,0.914767,-1.323022,0.077881,0.011664
34.689226,1791353613.201024,0.013142,-0.365820,0.914874,-1.340698,0.023700,0.009162
34.709344,1791353613.222358,-0.018085,-0.364645,0.914879,-1.358474,-0.029201,0.002628
34.729301,1791353613.242722,-0.048491,-0.364677,0.914764,-1.371094,-0.082271,-0.001620
34.749139,1791353613.261411,-0.077895,-0.365742,0.914544,-1.378296,-0.134199,-0.006107
34.769252,1791353613.281017,-0.108173,-0.368153,0.914243,-1.385979,-0.186137,-0.012656
34.788897,1791353613.300864,-0.139161,-0.371735,0.913776,-1.393500,-0.237878,-0.019994
34.809148,1791353613.321851,-0.169190,-0.376449,0.913180,-1.395525,-0.288855,-0.027345
34.829623,1791353613.340385,-0.199825,-0.382350,0.912452,-1.396962,-0.339889,-0.033793
34.848857,1791353613.362241,-0.227669,-0.389660,0.911725,-1.386810,-0.391175,-0.038153
34.870275,1791353613.381158,-0.256796,-0.397262,0.910837,-1.378099,-0.439850,-0.043942
34.889431,1791353613.401340,-0.284796,-0.405573,0.909776,-1.363145,-0.486689,-0.050815
34.909611,1791353613.420445,-0.313207,-0.415327,0.908626,-1.346421,-0.535840,-0.052142
34.929725,1791353613.442589,-0.318467,-0.419366,0.908163,-1.259014,-0.557362,-0.049294
34.949319,1791353613.460694,-0.345849,-0.430867,0.907077,-1.239333,-0.605883,-0.047230
34.969166,1791353613.485287,-0.373428,-0.443623,0.906019,-1.219914,-0.654718,-0.046223
34.989363,1791353613.500839,-0.400942,-0.457782,0.904998,-1.199712,-0.704612,-0.044752
35.009681,1791353613.521020,-0.427006,-0.472616,0.904013,-1.174871,-0.752235,-0.044189
35.029370,1791353613.542769,-0.452966,-0.488901,0.903088,-1.149084,-0.801014,-0.040429
35.049746,1791353613.560560,-0.477229,-0.505543,0.902321,-1.119301,-0.845320,-0.039613
35.070206,1791353613.581850,-0.499254,-0.522878,0.901577,-1.083023,-0.887732,-0.035350
35.089437,1791353613.600637,-0.521496,-0.540699,0.900914,-1.048722,-0.927943,-0.030604
35.109335,1791353613.622994,-0.543511,-0.559904,0.900319,-1.015212,-0.967926,-0.029388
35.130285,1791353613.641138,-0.564116,-0.579331,0.899789,-0.977763,-1.004581,-0.026576
35.149029,1791353613.662112,-0.584373,-0.600077,0.899264,-0.940016,-1.040872,-0.025557
35.169651,1791353613.681604,-0.602983,-0.620682,0.898808,-0.897824,-1.072468,-0.022899
35.189521,1791353613.700057,-0.621152,-0.642620,0.898444,-0.854731,-1.104772,-0.018147
35.209018,1791353613.720983,-0.637887,-0.664571,0.898184,-0.809175,-1.132817,-0.015898
35.229014,1791353613.740099,-0.653238,-0.686561,0.897939,-0.761025,-1.157434,-0.014507
35.249545,1791353613.760851,-0.668053,-0.709813,0.897749,-0.712514,-1.183098,-0.012134
35.269232,1791353613.780710,-0.681496,-0.732981,0.897623,-0.661881,-1.205156,-0.010186
35.289598,1791353613.801900,-0.694289,-0.757392,0.897507,-0.611393,-1.228186,-0.009194
35.309662,1791353613.825163,-0.705999,-0.782175,0.897346,-0.559285,-1.249710,-0.006527
35.329706,1791353613.840971,-0.716171,-0.806437,0.897322,-0.505873,-1.266330,-0.006667
35.348608,1791353613.861687,-0.725615,-0.831962,0.897306,-0.452268,-1.284424,-0.006182
35.369775,1791353613.880786,-0.733556,-0.856777,0.897287,-0.396403,-1.297446,-0.003970
35.388915,1791353613.907845,-0.740624,-0.882769,0.897294,-0.341601,-1.311288,-0.005810
35.410297,1791353613.920618,-0.746456,-0.908397,0.897274,-0.284986,-1.321515,-0.003943
35.428842,1791353613.940879,-0.745541,-0.914896,0.897303,-0.217491,-1.266742,-0.006058
35.448961,1791353613.961107,-0.749740,-0.942619,0.897225,-0.162916,-1.281754,-0.007901
35.469284,1791353613.980837,-0.752889,-0.971473,0.897136,-0.107112,-1.298075,-0.007401
35.489692,1791353614.001615,-0.754788,-0.999541,0.897008,-0.051804,-1.309721,-0.009630
35.508945,1791353614.021152,-0.755261,-1.025776,0.896815,0.004383,-1.313280,-0.010197
35.529485,1791353614.042215,-0.754934,-1.053096,0.896625,0.059334,-1.318487,-0.012780
35.549645,1791353614.066292,-0.753596,-1.079429,0.896415,0.114546,-1.318774,-0.013235
35.568801,1791353614.080739,-0.751098,-1.106749,0.896123,0.169492,-1.320633,-0.016964
35.589066,1791353614.102173,-0.747360,-1.134902,0.895748,0.224889,-1.323509,-0.021025
35.609414,1791353614.121510,-0.742680,-1.162235,0.895279,0.279025,-1.322356,-0.025975
35.635272,1791353614.141323,-0.730076,-1.217307,0.893917,0.384594,-1.318447,-0.044589
35.649668,1791353614.161340,-0.730076,-1.217307,0.893917,0.384594,-1.318447,-0.044589
35.670045,1791353614.183142,-0.721863,-1.243603,0.892883,0.436805,-1.310638,-0.058319
35.689942,1791353614.201217,-0.713417,-1.269564,0.891628,0.485205,-1.300583,-0.071650
35.709413,1791353614.222680,-0.703707,-1.296227,0.890146,0.533475,-1.291083,-0.083198
35.729829,1791353614.241310,-0.700297,-1.302754,0.889268,0.549848,-1.217035,-0.096083
35.748870,1791353614.261667,-0.688658,-1.329771,0.887208,0.597906,-1.207418,-0.105800
35.768749,1791353614.281897,-0.676237,-1.353705,0.885014,0.644100,-1.185301,-0.113159
35.788867,1791353614.300776,-0.663090,-1.379301,0.882707,0.690359,-1.166871,-0.117361
35.809547,1791353614.321374,-0.648644,-1.405130,0.880300,0.737797,-1.149024,-0.121746
35.829663,1791353614.341802,-0.632883,-1.431013,0.877783,0.787018,-1.130940,-0.124965
35.850242,1791353614.360615,-0.616675,-1.455619,0.875247,0.833426,-1.108863,-0.131518
35.869157,1791353614.384622,-0.600317,-1.478780,0.872759,0.876640,-1.081859,-0.136445
35.890025,1791353614.401999,-0.582582,-1.501880,0.870091,0.920769,-1.053994,-0.139746
35.909328,1791353614.421330,-0.563739,-1.522614,0.867228,0.963116,-1.019046,-0.146807
35.929578,1791353614.440882,-0.545222,-1.543542,0.864483,1.001251,-0.984690,-0.151721
35.948995,1791353614.462162,-0.539620,-1.546376,0.863542,0.990201,-0.898771,-0.152972
35.969097,1791353614.481700,-0.518711,-1.567288,0.860419,1.030299,-0.867652,-0.161791
36.007236,1791353614.521156,-0.474248,-1.606724,0.853558,1.106372,-0.800302,-0.183240
36.012180,1791353614.521156,-0.474248,-1.606724,0.853558,1.106372,-0.800302,-0.183240
36.029596,1791353614.541185,-0.451800,-1.622295,0.849753,1.138198,-0.756171,-0.195842
36.053772,1791353614.561713,-0.429303,-1.638929,0.846011,1.167802,-0.715719,-0.202482
36.069448,1791353614.581378,-0.405425,-1.654997,0.841965,1.197546,-0.675353,-0.212371
36.090127,1791353614.600593,-0.382105,-1.669536,0.837926,1.221238,-0.632296,-0.223186
36.108645,1791353614.620971,-0.357471,-1.683415,0.833559,1.245933,-0.587502,-0.230205
36.129287,1791353614.640391,-0.331307,-1.696570,0.828866,1.271521,-0.541619,-0.236284
36.149938,1791353614.661110,-0.322927,-1.698716,0.827173,1.235680,-0.468760,-0.231188
36.168935,1791353614.681621,-0.296479,-1.709592,0.822449,1.257265,-0.419424,-0.231318
36.189235,1791353614.700223,-0.269003,-1.719429,0.817585,1.278942,-0.368777,-0.232998
36.209622,1791353614.720566,-0.242028,-1.727732,0.812848,1.295834,-0.316315,-0.236206
36.228767,1791353614.740567,-0.214079,-1.734936,0.807952,1.313370,-0.262517,-0.237404
36.249339,1791353614.761450,-0.187005,-1.740639,0.803299,1.325691,-0.206180,-0.231763
36.268925,1791353614.783101,-0.160408,-1.744168,0.798725,1.333464,-0.146721,-0.225650
36.290061,1791353614.802028,-0.133700,-1.747303,0.794413,1.339046,-0.089887,-0.219769
36.309348,1791353614.821672,-0.106084,-1.749198,0.790125,1.345335,-0.031857,-0.212315
36.329372,1791353614.842070,-0.079147,-1.749789,0.786150,1.347702,0.026532,-0.205001
36.349137,1791353614.861862,-0.051352,-1.749048,0.782185,1.351236,0.085393,-0.199522
36.369482,1791353614.882372,-0.024660,-1.747172,0.778474,1.349484,0.143629,-0.193306
36.388897,1791353614.900761,0.002886,-1.743858,0.774780,1.348355,0.204001,-0.182481
36.408592,1791353614.920491,0.029598,-1.739363,0.771417,1.341887,0.264156,-0.171010
36.429188,1791353614.940587,0.056976,-1.733388,0.768185,1.335011,0.325134,-0.161547
36.449551,1791353614.960469,0.064161,-1.729632,0.767704,1.261896,0.367784,-0.146242
36.469686,1791353614.980751,0.092542,-1.720885,0.764643,1.257570,0.430133,-0.139298
36.490403,1791353615.000921,0.119843,-1.711121,0.761811,1.248368,0.491145,-0.132244
36.510317,1791353615.021475,0.144631,-1.700716,0.759242,1.229739,0.549362,-0.124298
36.528704,1791353615.040645,0.170348,-1.688892,0.756830,1.213265,0.607845,-0.117384
36.548972,1791353615.061470,0.197484,-1.675118,0.754543,1.200866,0.668419,-0.111267
36.569253,1791353615.082067,0.223183,-1.660294,0.752399,1.183208,0.728280,-0.101509
36.589256,1791353615.100610,0.247509,-1.644832,0.750553,1.161283,0.784738,-0.092146
36.609422,1791353615.121664,0.272192,-1.627599,0.748807,1.140635,0.841658,-0.085382
36.629984,1791353615.144114,0.294732,-1.610237,0.747200,1.112856,0.894209,-0.075059
36.649502,1791353615.160933,0.316443,-1.592582,0.746164,1.083185,0.942026,-0.065381
36.669237,1791353615.180702,0.338932,-1.572470,0.745045,1.055820,0.993258,-0.056679
36.691035,1791353615.200201,0.358929,-1.553251,0.744176,1.020640,1.035643,-0.047655
36.709097,1791353615.221776,0.378991,-1.532083,0.743352,0.984988,1.080680,-0.034836
36.730566,1791353615.241826,0.398234,-1.510447,0.742970,0.947453,1.121438,-0.023577
36.749156,1791353615.260674,0.417379,-1.487299,0.742763,0.910185,1.161710,-0.014182
36.770032,1791353615.282008,0.435227,-1.464025,0.742799,0.868841,1.197899,-0.001472
36.788970,1791353615.302910,0.451626,-1.440977,0.743121,0.824187,1.228396,0.010628
36.809281,1791353615.321759,0.467780,-1.416476,0.743710,0.779791,1.259693,0.023174
36.828938,1791353615.341273,0.483541,-1.390524,0.744584,0.734918,1.291956,0.037855
36.848911,1791353615.360976,0.497802,-1.365057,0.745691,0.687440,1.317631,0.050617
36.869012,1791353615.381529,0.511059,-1.338448,0.746839,0.637825,1.342719,0.064467
36.889934,1791353615.402457,0.523032,-1.312743,0.748479,0.585619,1.360415,0.080212
36.908784,1791353615.421113,0.534455,-1.285677,0.750418,0.533761,1.378427,0.091946
36.930371,1791353615.440717,0.544534,-1.259021,0.752542,0.479579,1.391572,0.103451
36.948890,1791353615.463250,0.553886,-1.231098,0.754973,0.424575,1.405672,0.116627
36.969498,1791353615.481792,0.562309,-1.203238,0.757742,0.370255,1.415898,0.125339
36.989509,1791353615.500800,0.569137,-1.174827,0.760350,0.311942,1.424590,0.136546
37.008962,1791353615.522416,0.574892,-1.147005,0.763358,0.253101,1.428312,0.146700
37.029837,1791353615.542561,0.579613,-1.118153,0.766595,0.194317,1.432803,0.152727
37.050048,1791353615.562224,0.583006,-1.090046,0.769856,0.135035,1.432550,0.156970
37.068694,1791353615.590358,0.585141,-1.062996,0.773039,0.076589,1.426764,0.157606
37.089136,1791353615.600491,0.586156,-1.034952,0.776343,0.017738,1.422335,0.160211
37.109085,1791353615.621351,0.585981,-1.007699,0.779675,-0.041375,1.413388,0.164432
37.129149,1791353615.640914,0.584576,-0.979621,0.783221,-0.101257,1.405285,0.169855
37.151169,1791353615.662750,0.581947,-0.951611,0.786676,-0.161542,1.395097,0.175698
37.172024,1791353615.682547,0.578253,-0.924999,0.790295,-0.220331,1.378890,0.180112
37.218415,1791353615.740815,0.561384,-0.850918,0.800765,-0.387238,1.305465,0.181055
37.246501,1791353615.760971,0.553070,-0.825025,0.804399,-0.443973,1.283211,0.182727
37.248138,1791353615.760971,0.553070,-0.825025,0.804399,-0.443973,1.283211,0.182727
37.277403,1791353615.800646,0.537126,-0.786525,0.810312,-0.536769,1.199609,0.173058
37.288025,1791353615.800646,0.537126,-0.786525,0.810312,-0.536769,1.199609,0.173058
37.308672,1791353615.820911,0.526094,-0.762594,0.813903,-0.589141,1.172363,0.172470
37.328565,1791353615.841392,0.512813,-0.736699,0.817832,-0.644512,1.151520,0.170231
37.360129,1791353615.881322,0.493612,-0.707615,0.822439,-0.713121,1.042439,0.159308
37.371545,1791353615.881322,0.493612,-0.707615,0.822439,-0.713121,1.042439,0.159308
37.406181,1791353615.922918,0.461144,-0.662620,0.829451,-0.814648,0.987308,0.156576
37.407501,1791353615.922918,0.461144,-0.662620,0.829451,-0.814648,0.987308,0.156576
37.428860,1791353615.941435,0.445188,-0.642210,0.832715,-0.858015,0.955318,0.153316
37.448112,1791353615.962000,0.426825,-0.620362,0.836245,-0.906000,0.928382,0.152182
37.468826,1791353615.981293,0.406945,-0.598684,0.839755,-0.954654,0.902029,0.150402
37.488713,1791353616.000829,0.386827,-0.578192,0.843152,-0.999154,0.873826,0.145724
37.507971,1791353616.020911,0.365244,-0.557845,0.846496,-1.044434,0.846149,0.141265
37.528974,1791353616.045783,0.342285,-0.537854,0.849830,-1.090215,0.817962,0.138873
37.548480,1791353616.071039,0.319174,-0.519136,0.852926,-1.131459,0.787403,0.135175
37.567940,1791353616.081682,0.296314,-0.501791,0.855881,-1.167322,0.754066,0.132422
37.588557,1791353616.101157,0.272629,-0.487107,0.858483,-1.200778,0.713965,0.127909
37.608865,1791353616.122154,0.247707,-0.470795,0.861369,-1.234166,0.679959,0.123916
37.628587,1791353616.142388,0.221474,-0.455034,0.864252,-1.267275,0.645008,0.120826
37.648494,1791353616.161525,0.195495,-0.440566,0.866940,-1.295010,0.607288,0.117601
37.667847,1791353616.180911,0.170158,-0.427384,0.869481,-1.316408,0.566944,0.115223
37.687788,1791353616.200934,0.163387,-0.425577,0.869970,-1.272702,0.498573,0.105908
37.708817,1791353616.221343,0.135649,-0.413291,0.872582,-1.296482,0.459360,0.104554
37.728812,1791353616.240866,0.106940,-0.401778,0.875148,-1.319565,0.419049,0.103034
37.748442,1791353616.262230,0.079087,-0.391581,0.877602,-1.336248,0.376882,0.099533
37.782851,1791353616.301957,0.023206,-0.376097,0.881924,-1.360318,0.281712,0.092030
37.796340,1791353616.320508,-0.004710,-0.369000,0.884132,-1.368330,0.234708,0.090572
37.830114,1791353616.340993,-0.033475,-0.362918,0.886347,-1.376582,0.187237,0.087573
37.871290,1791353616.381414,-0.088633,-0.355852,0.890033,-1.379385,0.085362,0.079996
37.893282,1791353616.400943,-0.115437,-0.353285,0.891917,-1.376024,0.036092,0.077234
37.914051,1791353616.422587,-0.143111,-0.351801,0.893796,-1.373753,-0.012744,0.072532
37.917059,1791353616.441384,-0.171451,-0.351505,0.895546,-1.371798,-0.061776,0.067176
37.936128,1791353616.460335,-0.196817,-0.352194,0.897048,-1.358828,-0.110059,0.063289
37.955399,1791353616.461699,-0.222979,-0.353937,0.898450,-1.346915,-0.157392,0.055803
37.976104,1791353616.480181,-0.222979,-0.353937,0.898450,-1.346915,-0.157392,0.055803
37.995646,1791353616.521380,-0.257367,-0.360283,0.899873,-1.261330,-0.248168,0.043866
38.036139,1791353616.561470,-0.309808,-0.372221,0.901936,-1.232258,-0.347576,0.038959
38.037194,1791353616.561470,-0.309808,-0.372221,0.901936,-1.232258,-0.347576,0.038959
38.057683,1791353616.582970,-0.335630,-0.379185,0.902992,-1.215261,-0.394879,0.035685
38.078014,1791353616.601397,-0.360292,-0.387138,0.903970,-1.193792,-0.441813,0.033497
38.102355,1791353616.620817,-0.385193,-0.396267,0.904918,-1.172299,-0.489111,0.031742
38.118311,1791353616.641113,-0.410193,-0.406815,0.905770,-1.150069,-0.538015,0.032300
38.137586,1791353616.660871,-0.432258,-0.417176,0.906475,-1.119241,-0.581192,0.028798
38.157679,1791353616.682478,-0.456035,-0.429747,0.907243,-1.093172,-0.629593,0.028662
38.178387,1791353616.683411,-0.479255,-0.443604,0.908006,-1.061282,-0.678351,0.026969
38.198225,1791353616.720959,-0.499932,-0.457194,0.908586,-1.028193,-0.721394,0.020453
38.217702,1791353616.742427,-0.520555,-0.472394,0.908989,-0.995933,-0.766429,0.012966
38.238108,1791353616.762850,-0.530430,-0.480168,0.909101,-0.978761,-0.788144,0.009291
38.258231,1791353616.781399,-0.558496,-0.504624,0.909257,-0.923885,-0.851015,-0.001849
38.277572,1791353616.801708,-0.576736,-0.522617,0.909201,-0.886880,-0.893544,-0.008752
38.298691,1791353616.821446,-0.593650,-0.540890,0.908916,-0.847070,-0.932585,-0.017000
38.318327,1791353616.842027,-0.610248,-0.560740,0.908413,-0.807446,-0.972775,-0.026674
38.340031,1791353616.842027,-0.610248,-0.560740,0.908413,-0.807446,-0.972775,-0.026674
38.358198,1791353616.844481,-0.625558,-0.580855,0.907781,-0.764664,-1.010507,-0.034041
38.378496,1791353616.901275,-0.652638,-0.622703,0.905990,-0.672574,-1.080766,-0.047895
38.397726,1791353616.920976,-0.665418,-0.645910,0.904906,-0.625635,-1.118971,-0.051397
38.418329,1791353616.941458,-0.676876,-0.669226,0.903748,-0.576529,-1.153976,-0.054886
38.437657,1791353616.961881,-0.682524,-0.680847,0.903187,-0.552837,-1.169966,-0.057400
38.457674,1791353616.980815,-0.696902,-0.716388,0.901278,-0.477669,-1.214707,-0.066326
38.478509,1791353617.001691,-0.705255,-0.741812,0.899808,-0.425704,-1.246468,-0.069805
38.502341,1791353617.023335,-0.712350,-0.767119,0.898315,-0.372068,-1.274485,-0.072484
38.517943,1791353617.041693,-0.718649,-0.793920,0.896703,-0.319124,-1.303422,-0.078464
38.537810,1791353617.041693,-0.718649,-0.793920,0.896703,-0.319124,-1.303422,-0.078464
38.557624,1791353617.081147,-0.727985,-0.848671,0.893172,-0.211668,-1.354978,-0.086022
38.577893,1791353617.081147,-0.727985,-0.848671,0.893172,-0.211668,-1.354978,-0.086022
38.598190,1791353617.121422,-0.728010,-0.870989,0.891513,-0.123501,-1.323009,-0.085063
38.617681,1791353617.141353,-0.729932,-0.901091,0.889594,-0.070605,-1.349957,-0.086091
38.637812,1791353617.160998,-0.730737,-0.930792,0.887683,-0.017636,-1.371096,-0.089315
38.657916,1791353617.160998,-0.730737,-0.930792,0.887683,-0.017636,-1.371096,-0.089315
38.678317,1791353617.201788,-0.729174,-0.991916,0.883586,0.090368,-1.406502,-0.094851
38.697584,1791353617.220819,-0.726599,-1.001498,0.882783,0.139562,-1.350966,-0.090834
38.719025,1791353617.241562,-0.723218,-1.033660,0.880713,0.196231,-1.369559,-0.087484
38.737586,1791353617.260273,-0.718563,-1.066726,0.878685,0.253312,-1.388479,-0.086231
38.758639,1791353617.280873,-0.713329,-1.097230,0.876811,0.307903,-1.396429,-0.084514
38.779363,1791353617.303143,-0.706803,-1.128574,0.874948,0.363805,-1.404305,-0.081467
38.798042,1791353617.321841,-0.698975,-1.156607,0.873348,0.418770,-1.398412,-0.079083
38.817803,1791353617.341978,-0.690685,-1.186963,0.871628,0.472427,-1.397981,-0.076496
38.838254,1791353617.361216,-0.681024,-1.218027,0.869868,0.525841,-1.397578,-0.079545
38.861310,1791353617.380207,-0.670595,-1.247995,0.868140,0.578470,-1.390488,-0.081871
38.886528,1791353617.402069,-0.658755,-1.278475,0.866294,0.633130,-1.381520,-0.081212
38.897887,1791353617.421766,-0.646181,-1.307760,0.864584,0.685315,-1.366342,-0.080877
38.918826,1791353617.441223,-0.632190,-1.337419,0.862798,0.736868,-1.351604,-0.082525
38.938008,1791353617.461054,-0.617860,-1.365535,0.861103,0.784279,-1.332097,-0.083084
38.957723,1791353617.482222,-0.602947,-1.392404,0.859483,0.828922,-1.308603,-0.081931
38.977970,1791353617.501866,-0.585900,-1.418313,0.857834,0.875365,-1.281936,-0.083666
38.997949,1791353617.520459,-0.581242,-1.425065,0.857302,0.870564,-1.196066,-0.084480
39.017988,1791353617.521309,-0.562379,-1.452546,0.855412,0.915832,-1.175952,-0.087009
39.037546,1791353617.560939,-0.543231,-1.478563,0.853501,0.957263,-1.150202,-0.090225
39.058429,1791353617.582650,-0.522798,-1.504341,0.851472,0.999415,-1.122445,-0.095872
39.077851,1791353617.603159,-0.502144,-1.528618,0.849442,1.039192,-1.088773,-0.101113
39.097662,1791353617.622173,-0.495161,-1.534428,0.848647,1.025524,-0.999864,-0.105592
39.118003,1791353617.641463,-0.474297,-1.553982,0.846444,1.060546,-0.955100,-0.114486
39.137927,1791353617.661940,-0.450557,-1.576890,0.843931,1.103995,-0.920546,-0.118182
39.157686,1791353617.681842,-0.426785,-1.598046,0.841421,1.143379,-0.882223,-0.122389
39.178294,1791353617.702198,-0.401685,-1.618569,0.838731,1.182717,-0.843961,-0.129311
39.198133,1791353617.703063,-0.376896,-1.637305,0.836090,1.217252,-0.801529,-0.131052
39.217940,1791353617.740239,-0.350778,-1.655363,0.833414,1.251878,-0.759267,-0.132390
39.237902,1791353617.761146,-0.324823,-1.671843,0.830828,1.281768,-0.713617,-0.131342
39.257712,1791353617.780621,-0.298928,-1.685591,0.828239,1.307199,-0.660748,-0.126920
39.278352,1791353617.801258,-0.272996,-1.699397,0.825912,1.328753,-0.610899,-0.122894
39.298000,1791353617.820990,-0.245759,-1.712388,0.823545,1.350260,-0.560974,-0.121505
39.318166,1791353617.841703,-0.217023,-1.724538,0.821103,1.372422,-0.509779,-0.121297
39.339072,1791353617.860468,-0.189121,-1.734975,0.818820,1.388137,-0.454538,-0.118284
39.357488,1791353617.881040,-0.160157,-1.744236,0.816567,1.404050,-0.396843,-0.113089
39.377745,1791353617.902006,-0.132122,-1.751849,0.814506,1.413760,-0.336663,-0.106344
39.397851,1791353617.921345,-0.103070,-1.758117,0.812610,1.424106,-0.274129,-0.095726
39.417900,1791353617.941787,-0.074527,-1.762978,0.810765,1.429483,-0.211805,-0.088638
39.438179,1791353617.961276,-0.046496,-1.766344,0.809260,1.430019,-0.147794,-0.078003
39.457598,1791353617.981992,-0.017506,-1.768431,0.807923,1.430963,-0.083738,-0.066452
39.478884,1791353618.001452,0.010630,-1.769010,0.806842,1.427074,-0.020142,-0.055205
39.497487,1791353618.021672,0.039554,-1.768204,0.805983,1.424328,0.042945,-0.044931
39.518084,1791353618.040782,0.067577,-1.766125,0.805303,1.417557,0.103733,-0.039614
39.538436,1791353618.060158,0.094298,-1.762855,0.804863,1.404912,0.164461,-0.029981
39.558091,1791353618.081950,0.121794,-1.758279,0.804485,1.393232,0.224000,-0.023923
39.577971,1791353618.101470,0.148361,-1.752633,0.804225,1.376738,0.281790,-0.019376
39.602646,1791353618.121290,0.175495,-1.745540,0.804017,1.360491,0.340423,-0.014532
39.617693,1791353618.142282,0.201612,-1.737509,0.803873,1.339697,0.397336,-0.011359
39.651271,1791353618.162077,0.228208,-1.729008,0.803694,1.319244,0.452651,-0.006429
39.671707,1791353618.181787,0.254269,-1.718329,0.803767,1.295911,0.510874,-0.001076
39.682676,1791353618.201079,0.279943,-1.707566,0.803785,1.270912,0.565250,0.003151
39.714327,1791353618.221247,0.298079,-1.697578,0.804038,1.222539,0.609913,0.005189
39.738045,1791353618.261834,0.343644,-1.670738,0.804422,1.156614,0.711855,0.008465
39.826286,1791353618.342084,0.430785,-1.605952,0.805635,1.017870,0.905307,0.020930
39.844528,1791353618.362632,0.425531,-1.604773,0.806033,0.910367,0.890147,0.022499
39.848217,1791353618.362632,0.425531,-1.604773,0.806033,0.910367,0.890147,0.022499
39.868575,1791353618.381444,0.424407,-1.600743,0.806343,0.820125,0.882431,0.021382
39.888772,1791353618.404044,0.448865,-1.573526,0.807128,0.799489,0.951037,0.025333
39.908396,1791353618.424145,0.470562,-1.547588,0.807901,0.771896,1.010425,0.030445
39.927712,1791353618.441326,0.491321,-1.520782,0.808751,0.742222,1.068247,0.036664
39.948503,1791353618.463418,0.510092,-1.494686,0.809595,0.709164,1.119490,0.039758
39.968704,1791353618.481969,0.528093,-1.467254,0.810515,0.675475,1.170561,0.040164
39.989080,1791353618.501631,0.544436,-1.440207,0.811442,0.637893,1.217647,0.044662
40.007996,1791353618.521104,0.560088,-1.411844,0.812471,0.600253,1.265074,0.047779
40.027727,1791353618.541363,0.573491,-1.385547,0.813431,0.559606,1.301636,0.046491
40.048589,1791353618.563165,0.587003,-1.355954,0.814507,0.519746,1.345593,0.048896
40.068995,1791353618.581186,0.598562,-1.328145,0.815474,0.477970,1.378851,0.046174
40.090019,1791353618.600884,0.607651,-1.300271,0.816395,0.430745,1.408096,0.045793
40.108793,1791353618.621401,0.617787,-1.270783,0.817372,0.388561,1.438521,0.047297
40.128037,1791353618.641861,0.626715,-1.242058,0.818339,0.345651,1.461733,0.047590
40.149919,1791353618.662985,0.626895,-1.234865,0.818628,0.284411,1.411144,0.045936
40.167951,1791353618.682560,0.634694,-1.203439,0.819682,0.242798,1.436857,0.044577
40.187905,1791353618.700531,0.641636,-1.170987,0.820798,0.199213,1.461551,0.048054
40.208320,1791353618.722601,0.647639,-1.137593,0.821928,0.156469,1.484391,0.045387
40.228467,1791353618.742363,0.652411,-1.105099,0.823034,0.111790,1.500184,0.045866
40.248358,1791353618.761029,0.656159,-1.073773,0.824079,0.066821,1.508579,0.046322
40.269641,1791353618.781465,0.658802,-1.041669,0.825214,0.020394,1.516288,0.047377
40.288992,1791353618.801563,0.659912,-0.995357,0.826836,-0.054172,1.516155,0.049588
40.307924,1791353618.821303,0.658289,-0.965085,0.827848,-0.108112,1.510391,0.051563
40.328107,1791353618.842249,0.657363,-0.935534,0.829022,-0.156460,1.500092,0.052435
40.348581,1791353618.862362,0.655203,-0.905255,0.830212,-0.205195,1.489873,0.051003
40.368952,1791353618.883903,0.652010,-0.876119,0.831329,-0.253508,1.474061,0.049442
40.388591,1791353618.901809,0.647503,-0.846452,0.832490,-0.303757,1.457884,0.052122
40.408175,1791353618.922614,0.641644,-0.816450,0.833716,-0.354621,1.441321,0.053567
40.428403,1791353618.943185,0.634812,-0.787814,0.834915,-0.404291,1.419444,0.053252
40.448390,1791353618.960933,0.627103,-0.760477,0.836046,-0.452557,1.392833,0.051715
40.468500,1791353618.982688,0.618510,-0.734391,0.837148,-0.500323,1.361661,0.052995
40.488371,1791353619.002126,0.608535,-0.708084,0.838347,-0.548899,1.331072,0.056404
40.508597,1791353619.022230,0.597143,-0.681697,0.839606,-0.597179,1.301424,0.056862
40.528531,1791353619.043380,0.585036,-0.656664,0.840839,-0.643868,1.267734,0.058318
40.547931,1791353619.061701,0.581021,-0.653503,0.841223,-0.654491,1.167753,0.058176
40.568786,1791353619.085865,0.566343,-0.628636,0.842623,-0.702479,1.137715,0.058701
40.588327,1791353619.104029,0.551134,-0.605203,0.843984,-0.747637,1.104117,0.058822
40.608180,1791353619.123089,0.534509,-0.581922,0.845416,-0.794497,1.070176,0.063221
40.628206,1791353619.141898,0.518204,-0.560907,0.846695,-0.835689,1.030989,0.064816
40.648257,1791353619.172236,0.500374,-0.540073,0.848211,-0.878594,0.992349,0.068686
40.669264,1791353619.181488,0.482162,-0.520669,0.849774,-0.918627,0.951338,0.071640
40.687883,1791353619.201641,0.462532,-0.501432,0.851389,-0.959207,0.911933,0.072554
40.708031,1791353619.221058,0.441472,-0.482604,0.853108,-1.001249,0.872199,0.076695
40.728064,1791353619.241374,0.420223,-0.465136,0.854796,-1.039253,0.830799,0.077958
40.748323,1791353619.261923,0.409681,-0.457145,0.855640,-1.056301,0.808601,0.078569
40.768285,1791353619.281074,0.376407,-0.433735,0.858182,-1.107672,0.742392,0.084414
40.788927,1791353619.301827,0.365084,-0.426622,0.859092,-1.123276,0.719498,0.084848
40.808299,1791353619.321609,0.329769,-0.405866,0.861830,-1.169378,0.651171,0.089604
40.828681,1791353619.341878,0.318008,-0.399469,0.862727,-1.182591,0.628072,0.089767
40.848597,1791353619.363001,0.294124,-0.387653,0.864576,-1.207587,0.580022,0.091267
40.868191,1791353619.382359,0.270336,-0.376913,0.866407,-1.228434,0.531074,0.090247
40.888357,1791353619.401175,0.245252,-0.366804,0.868334,-1.250541,0.480764,0.093467
40.908470,1791353619.421354,0.218963,-0.357434,0.870345,-1.273016,0.430456,0.095131
40.928598,1791353619.441170,0.193050,-0.349335,0.872233,-1.290799,0.378811,0.093927
40.955003,1791353619.441170,0.193050,-0.349335,0.872233,-1.290799,0.378811,0.093927
40.968284,1791353619.487132,0.141605,-0.336670,0.875999,-1.317529,0.269401,0.096205
40.988372,1791353619.502901,0.117151,-0.332329,0.877728,-1.322737,0.213594,0.093557
41.008231,1791353619.520909,0.076584,-0.327163,0.880606,-1.339737,0.128729,0.094837
41.028189,1791353619.542866,0.050150,-0.325222,0.882458,-1.346240,0.071859,0.093423
41.048745,1791353619.562596,0.036669,-0.324649,0.883400,-1.349664,0.042634,0.095028
41.068265,1791353619.583314,0.010707,-0.324352,0.885204,-1.351433,-0.014078,0.093072
41.088201,1791353619.604083,-0.016294,-0.325206,0.887073,-1.354656,-0.071330,0.093020
41.108010,1791353619.621604,-0.042315,-0.327051,0.888845,-1.352827,-0.127046,0.091894
41.127941,1791353619.641689,-0.069364,-0.330070,0.890690,-1.352877,-0.182310,0.089947
41.148431,1791353619.660620,-0.095722,-0.334060,0.892427,-1.349249,-0.236411,0.087746
41.168694,1791353619.682932,-0.122937,-0.339248,0.894187,-1.347197,-0.290211,0.083711
41.188507,1791353619.701195,-0.149420,-0.345370,0.895826,-1.341495,-0.342731,0.078659
41.208866,1791353619.723015,-0.176602,-0.352659,0.897372,-1.336636,-0.395106,0.072200
41.228580,1791353619.742241,-0.203257,-0.361082,0.898749,-1.328299,-0.447254,0.065956
41.248645,1791353619.762982,-0.229045,-0.369860,0.900034,-1.315496,-0.496721,0.061120
41.268466,1791353619.781875,-0.253991,-0.379469,0.901203,-1.298253,-0.544770,0.056422
41.289177,1791353619.801255,-0.279540,-0.390380,0.902327,-1.280874,-0.594047,0.054994
41.308272,1791353619.821630,-0.304067,-0.401869,0.903346,-1.258767,-0.640794,0.053190
41.328384,1791353619.843104,-0.329071,-0.414688,0.904405,-1.236884,-0.688124,0.052713
41.348339,1791353619.861667,-0.352717,-0.427778,0.905473,-1.209865,-0.731787,0.052540
41.368138,1791353619.882375,-0.355865,-0.432101,0.905543,-1.119181,-0.735970,0.046598
41.388952,1791353619.901458,-0.380302,-0.447861,0.906708,-1.096065,-0.782856,0.049021
41.408928,1791353619.921185,-0.404742,-0.464902,0.907859,-1.073205,-0.829093,0.045931
41.433810,1791353619.942606,-0.438118,-0.491063,0.909348,-1.027733,-0.893297,0.043526
41.448598,1791353619.966548,-0.448305,-0.500100,0.909782,-1.009540,-0.913917,0.043248
41.468476,1791353619.983351,-0.469418,-0.518650,0.910785,-0.976293,-0.954178,0.040805
41.488373,1791353620.001783,-0.490450,-0.538613,0.911800,-0.943024,-0.996154,0.039086
41.508933,1791353620.021996,-0.511188,-0.560012,0.912890,-0.908857,-1.039901,0.040016
41.528263,1791353620.040728,-0.530479,-0.581544,0.913802,-0.872055,-1.079181,0.036322
41.548434,1791353620.061656,-0.548317,-0.602972,0.914664,-0.832086,-1.113905,0.032763
41.587340,1791353620.101158,-0.566162,-0.631656,0.915165,-0.706210,-1.123105,0.021889
41.600963,1791353620.120438,-0.580859,-0.653170,0.915837,-0.663045,-1.148373,0.019045
41.609095,1791353620.120438,-0.580859,-0.653170,0.915837,-0.663045,-1.148373,0.019045
41.652014,1791353620.160702,-0.608146,-0.701078,0.916923,-0.573749,-1.203244,0.013560
41.653324,1791353620.160702,-0.608146,-0.701078,0.916923,-0.573749,-1.203244,0.013560
41.674118,1791353620.183538,-0.619112,-0.725375,0.917184,-0.522470,-1.225981,0.012968
41.693742,1791353620.201345,-0.638311,-0.763482,0.918523,-0.456496,-1.261202,0.017741
41.714212,1791353620.221402,-0.645738,-0.779670,0.919171,-0.437451,-1.282948,0.020353
41.734017,1791353620.241418,-0.653944,-0.805521,0.919579,-0.382969,-1.301701,0.020188
41.755183,1791353620.268011,-0.663667,-0.834005,0.920395,-0.336185,-1.326295,0.016653
41.774181,1791353620.281929,-0.669065,-0.854440,0.921073,-0.247824,-1.286886,0.014245
41.793542,1791353620.304144,-0.680534,-0.902640,0.922308,-0.178389,-1.335951,0.009869
41.814400,1791353620.320633,-0.680534,-0.902640,0.922308,-0.178389,-1.335951,0.009869
41.834217,1791353620.340927,-0.683550,-0.929474,0.922444,-0.123401,-1.346845,0.002920
41.853656,1791353620.361072,-0.687803,-0.960232,0.922857,-0.074078,-1.367924,-0.002262
41.874199,1791353620.389453,-0.690825,-0.990284,0.923173,-0.024362,-1.383796,-0.008199
41.894396,1791353620.402433,-0.690171,-0.999537,0.922967,0.026636,-1.331270,-0.017943
41.913615,1791353620.421633,-0.692888,-1.036672,0.923317,0.073514,-1.367757,-0.022508
41.933761,1791353620.442219,-0.690856,-1.064045,0.922808,0.130136,-1.368938,-0.027058
41.954303,1791353620.462036,-0.689202,-1.112591,0.922768,0.207932,-1.389760,-0.026844
41.974145,1791353620.481751,-0.686980,-1.126477,0.922487,0.236385,-1.387246,-0.029246
41.993519,1791353620.501918,-0.683141,-1.157851,0.922184,0.290358,-1.391278,-0.031873
42.013725,1791353620.521795,-0.678232,-1.188168,0.921828,0.344918,-1.388370,-0.032689
42.033545,1791353620.541286,-0.672447,-1.217227,0.921460,0.398261,-1.379507,-0.034899
42.054079,1791353620.562229,-0.665199,-1.246777,0.920971,0.452360,-1.371847,-0.041039
42.073842,1791353620.581559,-0.656374,-1.276689,0.920343,0.508839,-1.365103,-0.046201
42.094461,1791353620.601820,-0.641694,-1.317149,0.919153,0.588539,-1.340554,-0.058432
42.113707,1791353620.621179,-0.636038,-1.332868,0.918756,0.615144,-1.339594,-0.065621
42.134364,1791353620.641173,-0.623812,-1.360847,0.917562,0.667559,-1.325291,-0.076625
42.153967,1791353620.661861,-0.603728,-1.400338,0.915326,0.741566,-1.293318,-0.090819
42.174008,1791353620.682626,-0.596189,-1.413210,0.914392,0.766253,-1.280935,-0.095889
42.193583,1791353620.703039,-0.580910,-1.439371,0.912682,0.812226,-1.256779,-0.106069
42.214343,1791353620.721263,-0.565096,-1.464227,0.910713,0.853873,-1.228694,-0.120375
42.234035,1791353620.741840,-0.547798,-1.489091,0.908402,0.897007,-1.200283,-0.131087
42.253873,1791353620.761407,-0.530307,-1.512315,0.906030,0.936809,-1.167467,-0.141145
42.274321,1791353620.783437,-0.512398,-1.534284,0.903487,0.974227,-1.131799,-0.153040
42.294264,1791353620.804095,-0.507503,-1.537631,0.902458,0.960142,-1.042811,-0.165486
42.313998,1791353620.821883,-0.487933,-1.558144,0.898936,0.996478,-1.008314,-0.187125
42.333796,1791353620.841829,-0.466624,-1.579565,0.895134,1.035275,-0.976914,-0.206781
42.354147,1791353620.863606,-0.443905,-1.600803,0.890798,1.074437,-0.945038,-0.225952
42.373668,1791353620.881336,-0.421116,-1.620645,0.886245,1.109510,-0.908803,-0.243419
42.394122,1791353620.902513,-0.396927,-1.640091,0.881153,1.145551,-0.870284,-0.260169
42.413873,1791353620.921560,-0.372975,-1.657931,0.875936,1.177551,-0.825780,-0.274942
42.434224,1791353620.941743,-0.347414,-1.675353,0.870142,1.211530,-0.780310,-0.291893
42.454289,1791353620.960851,-0.322103,-1.691143,0.864343,1.242032,-0.730979,-0.301840
42.474024,1791353620.982079,-0.295432,-1.706240,0.858245,1.273742,-0.681156,-0.304370
42.493805,1791353621.001412,-0.268894,-1.719847,0.852354,1.301248,-0.627891,-0.298928
42.513803,1791353621.021646,-0.241067,-1.732587,0.846419,1.328545,-0.573152,-0.292940
42.533579,1791353621.041692,-0.214302,-1.743473,0.840604,1.347196,-0.515162,-0.288336
42.554637,1791353621.061939,-0.186646,-1.753394,0.835156,1.364163,-0.455510,-0.279297
42.574216,1791353621.082757,-0.159408,-1.761885,0.829970,1.375337,-0.395275,-0.271835
42.593965,1791353621.106671,-0.131058,-1.769346,0.824717,1.386494,-0.335172,-0.266181
42.614213,1791353621.121757,-0.101723,-1.775641,0.819482,1.397599,-0.273972,-0.258420
42.634056,1791353621.143254,-0.073042,-1.780470,0.814541,1.403569,-0.212105,-0.250816
42.653934,1791353621.161300,-0.045383,-1.783872,0.809934,1.403617,-0.148913,-0.241108
42.673860,1791353621.181801,-0.016844,-1.786040,0.805436,1.404192,-0.084530,-0.229481
42.694134,1791353621.201746,0.010937,-1.786853,0.801284,1.400151,-0.020936,-0.219568
42.714195,1791353621.221354,0.039460,-1.786344,0.797219,1.396753,0.043787,-0.205294
42.736889,1791353621.261747,0.094485,-1.781831,0.789934,1.378917,0.170502,-0.175282
42.755070,1791353621.261747,0.094485,-1.781831,0.789934,1.378917,0.170502,-0.175282
42.774970,1791353621.281507,0.120763,-1.777680,0.786989,1.364209,0.232064,-0.161047
42.794883,1791353621.302922,0.147748,-1.772158,0.784164,1.350826,0.292682,-0.148724
42.813697,1791353621.324631,0.152291,-1.768246,0.784393,1.264854,0.335576,-0.126224
42.834287,1791353621.341472,0.180447,-1.760108,0.781939,1.255887,0.397272,-0.109526
42.854217,1791353621.361326,0.207311,-1.751066,0.779888,1.242328,0.456717,-0.094336
42.873748,1791353621.381541,0.234511,-1.740522,0.778090,1.229278,0.517166,-0.079072
42.894507,1791353621.402021,0.260541,-1.729118,0.776622,1.212290,0.575261,-0.065074
42.913670,1791353621.421420,0.298718,-1.709727,0.774875,1.184808,0.660245,-0.048022
42.933980,1791353621.443428,0.323635,-1.695484,0.773998,1.164899,0.715882,-0.036052
42.953877,1791353621.464769,0.347435,-1.680533,0.773377,1.141651,0.769037,-0.024968
42.974801,1791353621.481400,0.371385,-1.664073,0.772995,1.119162,0.822765,-0.014498
42.993482,1791353621.501403,0.394166,-1.647012,0.772782,1.093973,0.872503,-0.008353
43.014005,1791353621.522179,0.417032,-1.628444,0.772718,1.069603,0.922778,-0.001743
43.042355,1791353621.561727,0.458974,-1.589885,0.772894,1.011393,1.012003,0.005454
43.053570,1791353621.561727,0.458974,-1.589885,0.772894,1.011393,1.012003,0.005454
43.073911,1791353621.583308,0.478659,-1.569943,0.773124,0.979135,1.051788,0.008797
43.094913,1791353621.602893,0.498309,-1.548471,0.773484,0.946823,1.092523,0.013435
43.113842,1791353621.621927,0.499717,-1.543569,0.773813,0.861502,1.069152,0.016331
43.137511,1791353621.661943,0.538665,-1.493611,0.774672,0.801005,1.155191,0.014782
43.154345,1791353621.661943,0.538665,-1.493611,0.774672,0.801005,1.155191,0.014782
43.174224,1791353621.682044,0.555484,-1.469707,0.775093,0.762827,1.187307,0.014056
43.194395,1791353621.702030,0.571894,-1.444424,0.775561,0.722892,1.220505,0.017679
43.213373,1791353621.723266,0.573870,-1.437696,0.775762,0.643795,1.185905,0.019719
43.233583,1791353621.742162,0.588708,-1.411340,0.776423,0.602875,1.218132,0.024159
43.254179,1791353621.762364,0.603604,-1.382199,0.777241,0.563141,1.255922,0.028598
43.274704,1791353621.782948,0.611739,-1.366215,0.777828,0.545877,1.278386,0.031352
43.293750,1791353621.802509,0.624703,-1.336838,0.778821,0.499010,1.308417,0.037982
43.314300,1791353621.822372,0.636768,-1.306273,0.780032,0.451316,1.339075,0.045726
43.336277,1791353621.861426,0.655820,-1.249449,0.782674,0.356251,1.383800,0.058772
43.353824,1791353621.861426,0.655820,-1.249449,0.782674,0.356251,1.383800,0.058772
43.373894,1791353621.881530,0.663826,-1.220217,0.784169,0.308546,1.404311,0.061756
43.394480,1791353621.901274,0.670589,-1.191479,0.785726,0.258954,1.420212,0.066930
43.413535,1791353621.923286,0.671214,-1.182408,0.786382,0.197767,1.366129,0.069115
43.436779,1791353621.942988,0.674641,-1.155003,0.787791,0.144971,1.373697,0.071289
43.453749,1791353621.965021,0.678833,-1.122407,0.789828,0.095793,1.395067,0.076604
43.473944,1791353621.981570,0.681752,-1.090691,0.791927,0.045481,1.409823,0.083700
43.494015,1791353622.001238,0.683532,-1.060084,0.794077,-0.004754,1.417749,0.090287
43.514418,1791353622.022763,0.684098,-1.028705,0.796434,-0.056765,1.425071,0.099766
43.533692,1791353622.044836,0.683505,-0.998350,0.798850,-0.108377,1.426204,0.105495
43.554255,1791353622.062293,0.681907,-0.969336,0.801281,-0.160107,1.420586,0.111780
43.574466,1791353622.081480,0.678993,-0.939622,0.803885,-0.213359,1.415316,0.118895
43.595554,1791353622.103531,0.669705,-0.881774,0.809226,-0.318801,1.394463,0.123951
43.613494,1791353622.122055,0.669705,-0.881774,0.809226,-0.318801,1.394463,0.123951
43.634588,1791353622.141959,0.662782,-0.854051,0.811717,-0.373340,1.377295,0.124793
43.653835,1791353622.163205,0.654943,-0.824763,0.814564,-0.427278,1.363594,0.125657
43.673901,1791353622.181777,0.646170,-0.796800,0.817336,-0.481112,1.343862,0.130080
43.694374,1791353622.201499,0.636622,-0.770515,0.820080,-0.532878,1.318016,0.133577
43.714026,1791353622.222760,0.625565,-0.743979,0.822930,-0.584374,1.293006,0.132728
43.742056,1791353622.262531,0.601390,-0.695257,0.828410,-0.682532,1.227562,0.137371
43.754186,1791353622.262531,0.601390,-0.695257,0.828410,-0.682532,1.227562,0.137371
43.774200,1791353622.284023,0.587494,-0.671483,0.831161,-0.730412,1.193724,0.136035
43.794248,1791353622.301623,0.572939,-0.649011,0.833893,-0.776445,1.155696,0.136990
43.814238,1791353622.324198,0.556859,-0.626595,0.836689,-0.822462,1.118838,0.134806
43.836786,1791353622.346011,0.522747,-0.584616,0.842034,-0.909059,1.038054,0.133233
43.854231,1791353622.362523,0.522747,-0.584616,0.842034,-0.909059,1.038054,0.133233
43.874233,1791353622.381850,0.503804,-0.564414,0.844775,-0.951850,0.997089,0.131078
43.893947,1791353622.401978,0.484770,-0.545904,0.847374,-0.990968,0.951724,0.131332
43.914221,1791353622.422852,0.464204,-0.527553,0.849985,-1.030274,0.908325,0.127100
43.937017,1791353622.462168,0.421241,-0.494023,0.855091,-1.103648,0.815899,0.123670
43.953927,1791353622.462168,0.421241,-0.494023,0.855091,-1.103648,0.815899,0.123670
43.974379,1791353622.483987,0.398863,-0.478864,0.857640,-1.136818,0.767587,0.121533
43.994322,1791353622.501691,0.376773,-0.465319,0.859945,-1.164801,0.716131,0.119438
44.014588,1791353622.521525,0.354577,-0.452821,0.862202,-1.189348,0.663564,0.117432
44.044150,1791353622.562373,0.323043,-0.439095,0.866772,-1.186567,0.535898,0.111709
44.054030,1791353622.562373,0.323043,-0.439095,0.866772,-1.186567,0.535898,0.111709
44.073903,1791353622.581904,0.299652,-0.428468,0.870413,-1.207596,0.485582,0.115951
44.093836,1791353622.602825,0.273648,-0.418766,0.872435,-1.233736,0.435631,0.111938
44.113645,1791353622.621508,0.247780,-0.409444,0.876051,-1.256399,0.386778,0.117045
44.138712,1791353622.661376,0.194033,-0.394456,0.881423,-1.299852,0.286553,0.119007
44.154714,1791353622.661376,0.194033,-0.394456,0.881423,-1.299852,0.286553,0.119007
44.174041,1791353622.682721,0.167880,-0.389243,0.883785,-1.314966,0.234655,0.116938
44.193721,1791353622.702673,0.141090,-0.384045,0.887109,-1.329989,0.185998,0.117137
44.214389,1791353622.723313,0.113572,-0.380588,0.888560,-1.344898,0.135053,0.110584
44.236728,1791353622.746262,0.055424,-0.376378,0.891529,-1.376623,0.033395,0.097905
44.254066,1791353622.762576,0.055424,-0.376378,0.891529,-1.376623,0.033395,0.097905
44.274057,1791353622.781398,0.026529,-0.375867,0.892951,-1.387148,-0.018343,0.094334
44.294355,1791353622.801394,-0.001692,-0.376433,0.894309,-1.392209,-0.069712,0.089063
44.313557,1791353622.834322,-0.030705,-0.377883,0.895655,-1.396888,-0.121507,0.085484
44.336968,1791353622.842946,-0.084376,-0.383533,0.898151,-1.384228,-0.222508,0.075274
44.354263,1791353622.862544,-0.084376,-0.383533,0.898151,-1.384228,-0.222508,0.075274
44.373882,1791353622.882594,-0.112346,-0.388131,0.899451,-1.378160,-0.275197,0.074676
44.394164,1791353622.905355,-0.139442,-0.393607,0.900721,-1.367640,-0.325735,0.069801
44.414008,1791353622.922386,-0.167109,-0.400296,0.901984,-1.357476,-0.376783,0.065391
44.453318,1791353622.961871,-0.198347,-0.411879,0.903109,-1.257918,-0.454451,0.052540
44.454456,1791353622.961871,-0.198347,-0.411879,0.903109,-1.257918,-0.454451,0.052540
44.475266,1791353622.982834,-0.252231,-0.431819,0.905316,-1.229379,-0.553190,0.047721
44.495498,1791353623.001799,-0.252231,-0.431819,0.905316,-1.229379,-0.553190,0.047721
44.514758,1791353623.022849,-0.278132,-0.443032,0.906406,-1.209914,-0.600726,0.045994
44.536021,1791353623.043236,-0.328928,-0.468233,0.908684,-1.165618,-0.694491,0.046509
44.555386,1791353623.062994,-0.353677,-0.482405,0.909925,-1.141051,-0.741744,0.048531
44.575152,1791353623.081418,-0.353677,-0.482405,0.909925,-1.141051,-0.741744,0.048531
44.595743,1791353623.102481,-0.377136,-0.497207,0.911100,-1.113563,-0.785891,0.044585
44.615019,1791353623.125186,-0.422002,-0.530433,0.913031,-1.053789,-0.874695,0.037287
44.635268,1791353623.141262,-0.422002,-0.530433,0.913031,-1.053789,-0.874695,0.037287
44.655725,1791353623.162171,-0.444720,-0.548968,0.914076,-1.025503,-0.919523,0.032248
44.675392,1791353623.183344,-0.464682,-0.566471,0.914950,-0.988328,-0.957231,0.030672
44.695481,1791353623.204338,-0.503996,-0.605729,0.916675,-0.913606,-1.032801,0.022268
44.715500,1791353623.221670,-0.503996,-0.605729,0.916675,-0.913606,-1.032801,0.022268
44.752048,1791353623.261969,-0.525640,-0.633065,0.917352,-0.792372,-1.050442,0.012403
44.754998,1791353623.262910,-0.543110,-0.656173,0.917992,-0.753836,-1.089195,0.010501
44.775579,1791353623.281860,-0.543110,-0.656173,0.917992,-0.753836,-1.089195,0.010501
44.795131,1791353623.303035,-0.559230,-0.679326,0.918512,-0.713721,-1.124282,0.004496
44.815039,1791353623.322713,-0.574770,-0.703855,0.918979,-0.672671,-1.160671,0.001183
44.839018,1791353623.362755,-0.591845,-0.736918,0.919362,-0.554397,-1.167433,-0.003184
44.855604,1791353623.362755,-0.591845,-0.736918,0.919362,-0.554397,-1.167433,-0.003184
44.876973,1791353623.402151,-0.616205,-0.790221,0.919864,-0.463270,-1.230827,-0.011778
44.896429,1791353623.402987,-0.626811,-0.817994,0.919890,-0.416352,-1.261322,-0.015948
44.915668,1791353623.421802,-0.626811,-0.817994,0.919890,-0.416352,-1.261322,-0.015948
44.935452,1791353623.442237,-0.634609,-0.843423,0.919556,-0.363283,-1.281216,-0.017413
44.954968,1791353623.462312,-0.642886,-0.871228,0.919546,-0.313344,-1.306735,-0.015985
44.975105,1791353623.482022,-0.651015,-0.900796,0.919757,-0.264918,-1.335032,-0.013163
44.995409,1791353623.509779,-0.656746,-0.928964,0.919695,-0.213706,-1.354358,-0.015572
45.015558,1791353623.522992,-0.664915,-0.987108,0.919580,-0.108239,-1.389222,-0.008369
45.036455,1791353623.541644,-0.664915,-0.987108,0.919580,-0.108239,-1.389222,-0.008369
45.054964,1791353623.563558,-0.664675,-0.997024,0.919679,-0.053753,-1.338979,-0.007088
45.075171,1791353623.583443,-0.666149,-1.027708,0.919711,-0.001354,-1.357602,-0.004736
45.095472,1791353623.602974,-0.666496,-1.057784,0.919740,0.050296,-1.371210,-0.006499
45.115383,1791353623.622329,-0.665679,-1.088762,0.919720,0.103251,-1.384687,-0.007095
45.136419,1791353623.644816,-0.661834,-1.129628,0.919681,0.199342,-1.333658,-0.008543
45.154566,1791353623.661790,-0.661834,-1.129628,0.919681,0.199342,-1.333658,-0.008543
45.175593,1791353623.683717,-0.657300,-1.156236,0.919525,0.254353,-1.326547,-0.006148
45.195442,1791353623.702372,-0.652136,-1.187847,0.919510,0.309701,-1.333593,-0.004179
45.215709,1791353623.723344,-0.638132,-1.251087,0.919400,0.419051,-1.341651,-0.008342
45.236730,1791353623.762055,-0.629921,-1.280895,0.919328,0.471794,-1.337520,-0.008383
45.254701,1791353623.762055,-0.629921,-1.280895,0.919328,0.471794,-1.337520,-0.008383
45.275217,1791353623.783711,-0.620291,-1.311180,0.919228,0.525546,-1.333835,-0.009483
45.295302,1791353623.802399,-0.609871,-1.340332,0.919119,0.577737,-1.325585,-0.012295
45.316026,1791353623.823158,-0.597989,-1.369776,0.918903,0.629852,-1.317782,-0.020707
45.334991,1791353623.844834,-0.584878,-1.395944,0.918402,0.681159,-1.298510,-0.029167
45.355762,1791353623.863477,-0.566601,-1.430520,0.917253,0.739600,-1.206029,-0.049602
45.375142,1791353623.882245,-0.550508,-1.459002,0.916344,0.790862,-1.193405,-0.052689
45.396425,1791353623.901738,-0.550508,-1.459002,0.916344,0.790862,-1.193405,-0.052689
45.414936,1791353623.922897,-0.532939,-1.487439,0.915374,0.842818,-1.178894,-0.057214
45.439262,1791353623.964273,-0.496585,-1.539678,0.913255,0.938023,-1.131967,-0.070662
45.455246,1791353623.965628,-0.476814,-1.564805,0.911920,0.984920,-1.104372,-0.075453
45.475561,1791353623.981820,-0.476814,-1.564805,0.911920,0.984920,-1.104372,-0.075453
45.496394,1791353624.003056,-0.435099,-1.611937,0.908980,1.070917,-1.042562,-0.091616
45.515121,1791353624.021535,-0.435099,-1.611937,0.908980,1.070917,-1.042562,-0.091616
45.534730,1791353624.043614,-0.413283,-1.632398,0.907056,1.110294,-1.003267,-0.100842
45.555201,1791353624.062247,-0.390332,-1.655368,0.905292,1.149901,-0.972300,-0.107444
45.574847,1791353624.082109,-0.366975,-1.674384,0.903087,1.185223,-0.928918,-0.113256
45.596654,1791353624.105118,-0.318150,-1.711992,0.898612,1.247489,-0.840428,-0.126387
45.615544,1791353624.121876,-0.318150,-1.711992,0.898612,1.247489,-0.840428,-0.126387
45.635316,1791353624.143329,-0.293181,-1.728837,0.896195,1.273667,-0.790001,-0.131187
45.654593,1791353624.162852,-0.268702,-1.743875,0.893789,1.294587,-0.734652,-0.132786
45.675646,1791353624.185929,-0.233950,-1.760032,0.890354,1.280705,-0.592140,-0.129858
45.695591,1791353624.203205,-0.205911,-1.772576,0.887637,1.304146,-0.535783,-0.129531
45.714818,1791353624.221828,-0.205911,-1.772576,0.887637,1.304146,-0.535783,-0.129531
45.735108,1791353624.242717,-0.179689,-1.782686,0.885073,1.317332,-0.475102,-0.126654
45.755789,1791353624.264021,-0.149992,-1.793096,0.882473,1.338248,-0.418444,-0.124510
45.775226,1791353624.283231,-0.123144,-1.800859,0.880014,1.345819,-0.357812,-0.121086
45.795717,1791353624.302321,-0.095192,-1.807700,0.877659,1.353846,-0.297531,-0.116660
45.815245,1791353624.324957,-0.038282,-1.817385,0.873152,1.364873,-0.175417,-0.107047
45.835283,1791353624.341293,-0.038282,-1.817385,0.873152,1.364873,-0.175417,-0.107047
45.855997,1791353624.365309,-0.011248,-1.819933,0.871149,1.362513,-0.113590,-0.102841
45.875247,1791353624.382419,0.016605,-1.821161,0.869244,1.361212,-0.050538,-0.096199
45.895479,1791353624.402664,0.043674,-1.821076,0.867504,1.355958,0.011848,-0.092507
45.914653,1791353624.423280,0.097056,-1.817026,0.864375,1.338268,0.139825,-0.077107
45.935115,1791353624.443274,0.125049,-1.813416,0.862812,1.327117,0.203802,-0.071887
45.955157,1791353624.461202,0.125049,-1.813416,0.862812,1.327117,0.203802,-0.071887
45.975492,1791353624.485558,0.168940,-1.802163,0.860943,1.274296,0.320483,-0.063908
45.995001,1791353624.503680,0.195824,-1.794174,0.859783,1.263703,0.380967,-0.060630
46.015902,1791353624.522887,0.220935,-1.786000,0.858583,1.246901,0.436089,-0.059773
46.034874,1791353624.541719,0.220935,-1.786000,0.858583,1.246901,0.436089,-0.059773
46.054753,1791353624.563513,0.255773,-1.769447,0.857442,1.159916,0.528668,-0.053242
46.075413,1791353624.581453,0.255773,-1.769447,0.857442,1.159916,0.528668,-0.053242
46.095148,1791353624.602552,0.282559,-1.756253,0.856340,1.149227,0.588642,-0.054688
46.115393,1791353624.622772,0.308221,-1.742300,0.855250,1.133915,0.646769,-0.053393
46.135451,1791353624.643202,0.330637,-1.728843,0.854238,1.107210,0.698556,-0.048282
46.155617,1791353624.663217,0.356094,-1.712152,0.853279,1.090241,0.757002,-0.046465
46.175166,1791353624.683717,0.403005,-1.677150,0.851532,1.042764,0.866129,-0.038269
46.195041,1791353624.701182,0.403005,-1.677150,0.851532,1.042764,0.866129,-0.038269
46.215176,1791353624.724028,0.425848,-1.657793,0.850792,1.017440,0.920105,-0.034832
46.235079,1791353624.745700,0.447444,-1.637995,0.850110,0.989072,0.970779,-0.032742
46.255757,1791353624.762721,0.468956,-1.616631,0.849473,0.961058,1.022762,-0.028810
46.275144,1791353624.785044,0.489098,-1.595136,0.848841,0.930534,1.069131,-0.028559
46.295317,1791353624.802183,0.509221,-1.571863,0.848260,0.900609,1.116887,-0.026896
46.315181,1791353624.824693,0.526864,-1.549109,0.847758,0.863330,1.158020,-0.023694
46.334779,1791353624.842999,0.544902,-1.525043,0.847246,0.828303,1.198643,-0.023250
46.354594,1791353624.862305,0.562623,-1.499507,0.846838,0.792102,1.240112,-0.018005
46.375287,1791353624.883950,0.577898,-1.475795,0.846528,0.750472,1.269611,-0.015132
46.395284,1791353624.902237,0.579974,-1.468791,0.846557,0.672834,1.236337,-0.011486
46.414693,1791353624.922295,0.595780,-1.440713,0.846340,0.637057,1.273570,-0.010378
46.435138,1791353624.942306,0.610961,-1.411442,0.846192,0.599567,1.310203,-0.007025
46.458754,1791353624.964793,0.624740,-1.382571,0.846091,0.559725,1.340387,-0.006958
46.475318,1791353624.985309,0.637160,-1.354447,0.846011,0.516710,1.364149,-0.003924
46.495309,1791353625.002344,0.648884,-1.324837,0.846077,0.471521,1.389413,0.004086
46.515155,1791353625.022256,0.657812,-1.296890,0.846183,0.421143,1.404852,0.006048
46.535853,1791353625.043809,0.675802,-1.237564,0.846758,0.323779,1.438270,0.017730
46.557552,1791353625.062434,0.682998,-1.208508,0.847226,0.272960,1.447879,0.023749
46.575154,1791353625.083086,0.682998,-1.208508,0.847226,0.272960,1.447879,0.023749
46.595069,1791353625.106066,0.693762,-1.150775,0.848578,0.168259,1.456469,0.032398
46.615209,1791353625.121869,0.693762,-1.150775,0.848578,0.168259,1.456469,0.032398
46.634743,1791353625.143963,0.700108,-1.091764,0.850346,0.060092,1.458273,0.040241
46.655537,1791353625.162608,0.701446,-1.063727,0.851317,0.004772,1.450891,0.046437
46.675231,1791353625.181678,0.701446,-1.063727,0.851317,0.004772,1.450891,0.046437
46.695234,1791353625.202195,0.699740,-1.058639,0.851686,-0.048819,1.366487,0.046806
46.719055,1791353625.243412,0.697135,-1.000328,0.853918,-0.156795,1.355134,0.050450
46.734661,1791353625.243412,0.697135,-1.000328,0.853918,-0.156795,1.355134,0.050450
46.755011,1791353625.263440,0.693427,-0.973386,0.854999,-0.214022,1.338331,0.058265
46.775244,1791353625.282393,0.689159,-0.944513,0.856413,-0.269733,1.326259,0.066461
46.795079,1791353625.302440,0.683935,-0.917148,0.857928,-0.324891,1.308504,0.076106
46.815240,1791353625.323660,0.677279,-0.889450,0.859693,-0.381080,1.291641,0.085750
46.836269,1791353625.343009,0.669166,-0.861522,0.861661,-0.437605,1.275811,0.093514
46.855017,1791353625.362311,0.660846,-0.836626,0.863570,-0.489659,1.250705,0.100747
46.875709,1791353625.382435,0.651045,-0.811422,0.865735,-0.542716,1.227034,0.109180
46.895386,1791353625.402123,0.639779,-0.786011,0.868040,-0.595040,1.205158,0.112691
46.915930,1791353625.422700,0.627360,-0.762169,0.870339,-0.646926,1.178516,0.118296
46.935048,1791353625.448465,0.614402,-0.738508,0.872793,-0.695860,1.152353,0.122563
46.955026,1791353625.465986,0.601048,-0.716354,0.875196,-0.741087,1.122507,0.124274
46.975179,1791353625.484066,0.587134,-0.695254,0.877523,-0.783521,1.090531,0.123393
46.995571,1791353625.506685,0.571723,-0.674008,0.879954,-0.826931,1.059831,0.122933
47.014874,1791353625.522134,0.554877,-0.652732,0.882442,-0.870556,1.030103,0.121251
47.034891,1791353625.555163,0.537886,-0.633002,0.884794,-0.910400,0.995935,0.120617
47.055134,1791353625.562202,0.520516,-0.614319,0.887078,-0.946842,0.959686,0.117153
47.075235,1791353625.582134,0.501729,-0.595602,0.889346,-0.984469,0.924276,0.112935
47.095392,1791353625.602185,0.481561,-0.577197,0.891621,-1.023702,0.888210,0.111004
47.115409,1791353625.622699,0.460714,-0.559803,0.893783,-1.060598,0.850947,0.104603
47.136420,1791353625.642884,0.439639,-0.543320,0.895823,-1.094649,0.811982,0.097727
47.154879,1791353625.663067,0.417106,-0.527138,0.897863,-1.130324,0.772481,0.092646
47.176463,1791353625.685286,0.394911,-0.512472,0.899592,-1.161010,0.729787,0.085328
47.194847,1791353625.703432,0.372740,-0.499055,0.901034,-1.187708,0.685170,0.074885
47.215458,1791353625.726930,0.326832,-0.474659,0.903416,-1.237076,0.592308,0.057410
47.234653,1791353625.741512,0.326832,-0.474659,0.903416,-1.237076,0.592308,0.057410
47.255103,1791353625.763174,0.301873,-0.463226,0.904371,-1.263530,0.545768,0.048936
47.275774,1791353625.784940,0.276349,-0.452785,0.905263,-1.288468,0.497998,0.040495
47.294750,1791353625.802413,0.253438,-0.444353,0.905754,-1.301686,0.446855,0.031633
47.315591,1791353625.822403,0.233280,-0.437742,0.905880,-1.302684,0.393415,0.021043
47.335843,1791353625.842543,0.207377,-0.430410,0.906114,-1.320446,0.342564,0.014480
47.359620,1791353625.881980,0.155280,-0.418899,0.906262,-1.346762,0.238782,0.002148
47.375208,1791353625.881980,0.155280,-0.418899,0.906262,-1.346762,0.238782,0.002148
47.394925,1791353625.909029,0.100288,-0.411013,0.905807,-1.370342,0.133584,-0.008837
47.415741,1791353625.921672,0.100288,-0.411013,0.905807,-1.370342,0.133584,-0.008837
47.435612,1791353625.945566,0.046403,-0.407464,0.905033,-1.379979,0.026173,-0.016834
47.454513,1791353625.961295,0.046403,-0.407464,0.905033,-1.379979,0.026173,-0.016834
47.475596,1791353625.990733,0.018754,-0.407252,0.904597,-1.383866,-0.027903,-0.019854
47.495348,1791353626.002398,-0.009775,-0.408116,0.904075,-1.388291,-0.081864,-0.022717
47.515331,1791353626.022864,-0.037541,-0.410293,0.903602,-1.387749,-0.135949,-0.023825
47.535836,1791353626.043244,-0.065369,-0.413351,0.903022,-1.385199,-0.188581,-0.025600
47.554649,1791353626.062152,-0.092043,-0.417218,0.902461,-1.377051,-0.239577,-0.026529
47.575413,1791353626.082130,-0.119598,-0.422178,0.901857,-1.369822,-0.290848,-0.026040
47.596018,1791353626.103054,-0.146316,-0.428075,0.901294,-1.358195,-0.340759,-0.027171
47.614905,1791353626.123370,-0.151412,-0.431102,0.901077,-1.277200,-0.371234,-0.026011
47.635725,1791353626.143611,-0.206219,-0.447560,0.899828,-1.255580,-0.469201,-0.028758
47.654743,1791353626.161819,-0.206219,-0.447560,0.899828,-1.255580,-0.469201,-0.028758
47.692691,1791353626.204467,-0.259779,-0.467845,0.898715,-1.222342,-0.566673,-0.021297
47.694386,1791353626.204467,-0.259779,-0.467845,0.898715,-1.222342,-0.566673,-0.021297
47.716302,1791353626.223583,-0.286252,-0.479631,0.898247,-1.202709,-0.615700,-0.017260
47.734729,1791353626.242246,-0.310022,-0.492429,0.897947,-1.173829,-0.663829,-0.013113
47.755157,1791353626.262461,-0.334424,-0.505419,0.897667,-1.147499,-0.708812,-0.012362
47.775229,1791353626.281966,-0.358969,-0.519882,0.897366,-1.121476,-0.755358,-0.011850
47.794981,1791353626.303606,-0.383483,-0.535693,0.897107,-1.094976,-0.803367,-0.008728
47.815490,1791353626.322920,-0.388454,-0.540955,0.897050,-1.010232,-0.807760,-0.006103
47.835893,1791353626.342218,-0.408285,-0.557545,0.896955,-0.972535,-0.850827,-0.003664
47.854699,1791353626.363478,-0.432261,-0.577152,0.896836,-0.947970,-0.900493,-0.002569
47.875107,1791353626.384490,-0.454687,-0.596861,0.896759,-0.920418,-0.945443,-0.004119
47.895260,1791353626.404824,-0.475574,-0.616832,0.896657,-0.888696,-0.987392,-0.002559
47.917273,1791353626.423800,-0.496146,-0.638187,0.896580,-0.856431,-1.030243,0.001975
47.934974,1791353626.445256,-0.515275,-0.659728,0.896661,-0.821086,-1.069294,0.005902
47.979547,1791353626.503176,-0.567249,-0.728779,0.897077,-0.707151,-1.175764,0.009004
47.987531,1791353626.503176,-0.567249,-0.728779,0.897077,-0.707151,-1.175764,0.009004
48.002590,1791353626.521934,-0.582730,-0.753197,0.897276,-0.666816,-1.207743,0.008882
48.021251,1791353626.542262,-0.585231,-0.760444,0.897260,-0.593276,-1.177460,0.005478
48.041671,1791353626.563016,-0.599041,-0.785631,0.897407,-0.552452,-1.206873,0.006491
48.060695,1791353626.582773,-0.612175,-0.812084,0.897601,-0.510828,-1.236751,0.008523
48.081670,1791353626.601726,-0.624506,-0.839689,0.897848,-0.468973,-1.266461,0.008141
48.100961,1791353626.621956,-0.633388,-0.865211,0.897995,-0.418997,-1.285295,0.006626
48.120939,1791353626.645139,-0.634595,-0.872165,0.898009,-0.351966,-1.240767,0.008137
48.178971,1791353626.683767,-0.660353,-0.960878,0.898653,-0.218870,-1.319536,0.003060
48.205824,1791353626.721777,-0.666546,-0.990809,0.898761,-0.171873,-1.340880,0.001691
48.228492,1791353626.742188,-0.669443,-1.017716,0.898790,-0.117759,-1.349331,0.001025
48.232078,1791353626.742188,-0.669443,-1.017716,0.898790,-0.117759,-1.349331,0.001025
48.259286,1791353626.762191,-0.673224,-1.043373,0.898796,-0.070506,-1.351789,-0.004004
48.269857,1791353626.785185,-0.676182,-1.073602,0.898667,-0.022122,-1.366712,-0.009976
48.293140,1791353626.787514,-0.677908,-1.102983,0.898470,0.027433,-1.376479,-0.014270
48.310850,1791353626.831307,-0.676821,-1.130531,0.898113,0.081274,-1.377849,-0.021714
48.330478,1791353626.841812,-0.677742,-1.136477,0.897921,0.120494,-1.309456,-0.023409
48.350396,1791353626.862338,-0.675873,-1.168308,0.897460,0.172747,-1.322788,-0.027222
48.370016,1791353626.882749,-0.672912,-1.199126,0.896905,0.224039,-1.330219,-0.033267
48.390257,1791353626.903499,-0.668905,-1.228917,0.896293,0.276086,-1.331502,-0.034624
48.410614,1791353626.921490,-0.663543,-1.259208,0.895657,0.329134,-1.331673,-0.035572
48.430524,1791353626.941991,-0.657333,-1.288173,0.895021,0.381353,-1.325484,-0.035581
48.450617,1791353626.961893,-0.650187,-1.316060,0.894407,0.432501,-1.314142,-0.037433
48.470868,1791353626.981652,-0.641641,-1.344253,0.893736,0.484332,-1.302470,-0.041478
48.490847,1791353627.004595,-0.632231,-1.371265,0.893015,0.535461,-1.285786,-0.044236
48.510809,1791353627.024472,-0.621378,-1.398532,0.892226,0.587777,-1.268950,-0.046529
48.530294,1791353627.042019,-0.610384,-1.423312,0.891450,0.636210,-1.243275,-0.046811
48.550222,1791353627.063795,-0.597953,-1.448319,0.890654,0.684628,-1.217997,-0.049311
48.570880,1791353627.082181,-0.584068,-1.473398,0.889792,0.732944,-1.192715,-0.054936
48.592123,1791353627.103056,-0.568725,-1.498371,0.888816,0.782587,-1.166110,-0.058048
48.612537,1791353627.122721,-0.552600,-1.521369,0.887605,0.829440,-1.133284,-0.063294
48.630444,1791353627.142223,-0.546299,-1.529143,0.887249,0.835812,-1.053108,-0.062411
48.650497,1791353627.162705,-0.529141,-1.549820,0.886025,0.879273,-1.014336,-0.061046
48.669897,1791353627.182302,-0.509901,-1.572237,0.884906,0.924164,-0.982365,-0.065375
48.690752,1791353627.203104,-0.490373,-1.593090,0.883765,0.965174,-0.945201,-0.068103
48.710782,1791353627.223128,-0.469489,-1.613572,0.882582,1.006965,-0.905769,-0.065741
48.730586,1791353627.242660,-0.447255,-1.633395,0.881473,1.048688,-0.864553,-0.063467
48.750235,1791353627.261711,-0.439884,-1.637463,0.881151,1.033737,-0.777391,-0.057035
48.770617,1791353627.283007,-0.416619,-1.655093,0.880204,1.073463,-0.732462,-0.050725
48.790630,1791353627.305506,-0.392109,-1.671910,0.879297,1.112602,-0.687963,-0.051018
48.811159,1791353627.323148,-0.367703,-1.687135,0.878352,1.147292,-0.640435,-0.053163
48.830377,1791353627.344249,-0.344485,-1.699399,0.877263,1.174013,-0.585414,-0.055130
48.851352,1791353627.362211,-0.318177,-1.712756,0.876192,1.207957,-0.535475,-0.057623
48.870283,1791353627.383578,-0.292382,-1.724416,0.875101,1.236632,-0.483215,-0.061234
48.889967,1791353627.403209,-0.266858,-1.734541,0.873950,1.261103,-0.429085,-0.064347
48.909993,1791353627.421500,-0.240125,-1.743666,0.872771,1.286388,-0.374665,-0.067136
48.930561,1791353627.443618,-0.212234,-1.751722,0.871469,1.311918,-0.320186,-0.071808
48.949980,1791353627.462539,-0.189199,-1.757367,0.870244,1.317803,-0.261977,-0.075920
48.970751,1791353627.482329,-0.163336,-1.762401,0.868896,1.330261,-0.202949,-0.077499
48.989870,1791353627.501918,-0.136344,-1.766351,0.867428,1.342853,-0.144074,-0.083207
49.010625,1791353627.522698,-0.107991,-1.769179,0.865697,1.356727,-0.084098,-0.089380
49.030496,1791353627.542558,-0.080474,-1.770585,0.863971,1.365002,-0.023065,-0.094938
49.050553,1791353627.564871,-0.053509,-1.770725,0.862235,1.368776,0.039078,-0.097658
49.070665,1791353627.582222,-0.025563,-1.769523,0.860414,1.373241,0.102745,-0.098948
49.090471,1791353627.601884,0.001766,-1.767155,0.858554,1.373395,0.165499,-0.102536
49.110482,1791353627.622339,0.029942,-1.763299,0.856669,1.374394,0.229180,-0.105991
49.130412,1791353627.641951,0.057141,-1.758395,0.854766,1.370268,0.291959,-0.107062
49.150282,1791353627.662705,0.064769,-1.754426,0.854041,1.301415,0.340089,-0.106106
49.170226,1791353627.682534,0.092090,-1.747358,0.852097,1.297490,0.400443,-0.106896
49.190451,1791353627.703341,0.121696,-1.738266,0.849963,1.299245,0.463266,-0.108085
49.210604,1791353627.722083,0.150386,-1.728137,0.847831,1.295757,0.524208,-0.107757
49.230159,1791353627.743965,0.176156,-1.717064,0.845719,1.280627,0.582671,-0.104019
49.250225,1791353627.762588,0.203527,-1.705076,0.843838,1.269846,0.638652,-0.101327
49.270550,1791353627.782151,0.231471,-1.691521,0.841998,1.259626,0.696083,-0.094521
49.290492,1791353627.801760,0.259860,-1.676368,0.840291,1.249931,0.754364,-0.087070
49.310305,1791353627.822942,0.287114,-1.660527,0.838721,1.236179,0.809538,-0.080638
49.331824,1791353627.842362,0.313245,-1.644072,0.837334,1.218635,0.861218,-0.074485
49.401660,1791353627.922343,0.411311,-1.567303,0.832689,1.125783,1.047224,-0.053586
49.413472,1791353627.922343,0.411311,-1.567303,0.832689,1.125783,1.047224,-0.053586
49.426236,1791353627.942065,0.425374,-1.555156,0.832366,1.070700,1.055681,-0.045795
49.469425,1791353627.981670,0.447963,-1.532500,0.832161,0.949008,1.052070,-0.039323
49.478036,1791353627.981670,0.447963,-1.532500,0.832161,0.949008,1.052070,-0.039323
49.490961,1791353628.010252,0.466572,-1.511160,0.831432,0.911429,1.081491,-0.032964
49.512355,1791353628.022582,0.462728,-1.511649,0.831971,0.812512,1.031202,-0.023987
49.534744,1791353628.042672,0.489096,-1.482929,0.831581,0.799353,1.082111,-0.019061
49.551336,1791353628.062376,0.514586,-1.453313,0.831323,0.782611,1.131543,-0.012678
49.571065,1791353628.083818,0.520715,-1.444264,0.831491,0.714216,1.107745,-0.007988
49.591391,1791353628.103344,0.544096,-1.414213,0.831477,0.693538,1.153978,-0.003032
49.610954,1791353628.123104,0.566446,-1.383327,0.831552,0.669486,1.199803,0.001855
49.631361,1791353628.143300,0.587022,-1.353209,0.831745,0.640935,1.240350,0.006159
49.651107,1791353628.163304,0.605684,-1.323755,0.832037,0.607138,1.275593,0.010928
49.671183,1791353628.184048,0.623327,-1.293278,0.832449,0.571096,1.311433,0.015862
49.691565,1791353628.203114,0.634206,-1.266859,0.832798,0.516571,1.329975,0.018863
49.711302,1791353628.222211,0.649962,-1.234677,0.833321,0.478138,1.364852,0.019639
49.731472,1791353628.242211,0.663915,-1.203262,0.833837,0.436311,1.393731,0.019670
49.751173,1791353628.262754,0.676189,-1.172835,0.834370,0.391780,1.416112,0.019844
49.771095,1791353628.281908,0.678798,-1.164095,0.834552,0.326161,1.364660,0.015617
49.790939,1791353628.303510,0.689008,-1.131695,0.835022,0.281144,1.389174,0.012135
49.811340,1791353628.322024,0.697900,-1.098464,0.835422,0.233623,1.412507,0.010548
49.831372,1791353628.343134,0.705243,-1.066415,0.835779,0.184841,1.428338,0.007816
49.851793,1791353628.363377,0.711153,-1.033646,0.836094,0.133786,1.442946,0.006407
49.877074,1791353628.383709,0.716550,-0.972928,0.836535,0.019892,1.447050,0.007785
49.891085,1791353628.402809,0.716550,-0.972928,0.836535,0.019892,1.447050,0.007785
49.911175,1791353628.422294,0.718342,-0.940475,0.836860,-0.035214,1.452521,0.007117
49.932001,1791353628.441968,0.718739,-0.909561,0.837119,-0.089453,1.451461,0.003902
49.951179,1791353628.463113,0.717859,-0.880142,0.837343,-0.143614,1.443880,0.003667
49.972374,1791353628.482276,0.715469,-0.850092,0.837555,-0.198684,1.436437,0.005391
49.992217,1791353628.504435,0.710916,-0.821500,0.837715,-0.256422,1.422114,0.010872
50.024835,1791353628.542151,0.699714,-0.762261,0.838692,-0.364532,1.396423,0.023717
50.030936,1791353628.542151,0.699714,-0.762261,0.838692,-0.364532,1.396423,0.023717
50.051186,1791353628.565014,0.693135,-0.736592,0.839309,-0.412947,1.370363,0.028177
50.071103,1791353628.582810,0.690900,-0.733816,0.839733,-0.435458,1.272622,0.030852
50.091228,1791353628.603281,0.680434,-0.703760,0.840623,-0.489904,1.261740,0.037160
50.111599,1791353628.623068,0.669858,-0.676654,0.841555,-0.538934,1.241231,0.040651
50.131101,1791353628.643665,0.657865,-0.649479,0.842556,-0.587753,1.220733,0.040253
50.151305,1791353628.663439,0.645214,-0.623689,0.843538,-0.634801,1.195346,0.041465
50.182668,1791353628.702111,0.615700,-0.572219,0.845664,-0.733215,1.143577,0.047772
50.190589,1791353628.702111,0.615700,-0.572219,0.845664,-0.733215,1.143577,0.047772
50.211369,1791353628.724962,0.600592,-0.549691,0.846609,-0.777282,1.108900,0.046087
50.230892,1791353628.743347,0.583763,-0.526325,0.847668,-0.824144,1.077052,0.043731
50.251291,1791353628.763613,0.566662,-0.504717,0.848648,-0.868596,1.039833,0.042804
50.271146,1791353628.783268,0.559715,-0.498455,0.848928,-0.872359,0.958550,0.038140
50.291383,1791353628.803068,0.538750,-0.476275,0.849930,-0.923335,0.926298,0.035895
50.311553,1791353628.823082,0.518806,-0.456808,0.850970,-0.967324,0.885962,0.038146
50.331681,1791353628.842978,0.497487,-0.437908,0.851820,-1.011272,0.845802,0.036561
50.351682,1791353628.863027,0.474600,-0.419310,0.852750,-1.056983,0.805264,0.039046
50.371383,1791353628.884519,0.451496,-0.402032,0.853555,-1.098754,0.763248,0.039265
50.391104,1791353628.903334,0.431892,-0.388652,0.854218,-1.124810,0.711694,0.041343
50.410742,1791353628.923670,0.408560,-0.374089,0.855232,-1.159786,0.665699,0.043323
50.431782,1791353628.942884,0.383840,-0.360186,0.856252,-1.195261,0.620305,0.042607
50.451942,1791353628.962950,0.359627,-0.348275,0.857129,-1.225619,0.570507,0.044927
50.471075,1791353628.982589,0.332875,-0.335993,0.858209,-1.260499,0.524412,0.045029
50.490776,1791353629.005086,0.304882,-0.324528,0.859304,-1.295613,0.477933,0.045109
50.512147,1791353629.022952,0.278960,-0.314997,0.860255,-1.319512,0.429389,0.041045
50.531211,1791353629.041984,0.251741,-0.306289,0.861152,-1.344214,0.379674,0.038830
50.551379,1791353629.062981,0.223314,-0.298392,0.862028,-1.368554,0.330095,0.033282
50.571700,1791353629.083751,0.195708,-0.291858,0.862699,-1.386001,0.278792,0.026898
50.592338,1791353629.105958,0.167835,-0.286827,0.863208,-1.400679,0.223774,0.025060
50.611101,1791353629.124314,0.138759,-0.282430,0.863819,-1.415521,0.168773,0.024714
50.631240,1791353629.142422,0.110757,-0.279413,0.864362,-1.423198,0.113015,0.022432
50.651289,1791353629.163486,0.083379,-0.277558,0.864794,-1.425661,0.057225,0.018258
50.671680,1791353629.181913,0.054950,-0.276979,0.865131,-1.428644,0.000184,0.014479
50.691487,1791353629.202883,0.027741,-0.277491,0.865401,-1.424928,-0.057343,0.013121
50.711747,1791353629.222618,-0.000407,-0.279291,0.865669,-1.421694,-0.116213,0.013404
50.731113,1791353629.242993,-0.027705,-0.282245,0.865915,-1.413373,-0.175320,0.015431
50.750804,1791353629.262138,-0.055754,-0.286526,0.866189,-1.405642,-0.234241,0.015167
50.771733,1791353629.282738,-0.083777,-0.291788,0.866473,-1.396073,-0.291823,0.013021
50.790798,1791353629.303097,-0.110205,-0.298113,0.866625,-1.379698,-0.348525,0.011551
50.811289,1791353629.329071,-0.137289,-0.305874,0.866794,-1.363667,-0.406578,0.012649
50.830935,1791353629.342973,-0.162884,-0.314511,0.866970,-1.341434,-0.463010,0.013948
50.851210,1791353629.363336,-0.189026,-0.324600,0.867172,-1.319724,-0.519952,0.014431
50.872108,1791353629.382269,-0.214041,-0.335546,0.867367,-1.293266,-0.575432,0.016524
50.890827,1791353629.401897,-0.237981,-0.347190,0.867531,-1.262749,-0.628750,0.019083
50.911055,1791353629.423275,-0.262235,-0.360412,0.867859,-1.232530,-0.683609,0.023555
50.931117,1791353629.444102,-0.285316,-0.374239,0.868228,-1.198577,-0.735861,0.026769
50.951059,1791353629.463433,-0.308974,-0.389488,0.868788,-1.166745,-0.788798,0.028809
50.971122,1791353629.486904,-0.329859,-0.404885,0.869137,-1.127082,-0.837452,0.029410
50.991644,1791353629.502505,-0.350990,-0.422097,0.869567,-1.089753,-0.887484,0.028026
51.011500,1791353629.526128,-0.372118,-0.440790,0.869904,-1.054010,-0.937724,0.026558
51.037438,1791353629.543802,-0.410338,-0.479276,0.870703,-0.973542,-1.028408,0.032436
51.051211,1791353629.562928,-0.410338,-0.479276,0.870703,-0.973542,-1.028408,0.032436
51.072271,1791353629.583179,-0.428864,-0.500394,0.871175,-0.934526,-1.072045,0.030967
51.091148,1791353629.603571,-0.447170,-0.522264,0.871827,-0.895542,-1.114636,0.034919
51.111574,1791353629.625713,-0.464392,-0.546029,0.872288,-0.854072,-1.158797,0.040110
51.131136,1791353629.643002,-0.481064,-0.569591,0.873137,-0.812794,-1.196924,0.044816
51.151230,1791353629.663263,-0.495961,-0.593159,0.873845,-0.767660,-1.229515,0.046884
51.170861,1791353629.683226,-0.510602,-0.618264,0.874629,-0.722839,-1.262631,0.048034
51.191261,1791353629.704503,-0.524614,-0.644447,0.875466,-0.673204,-1.292287,0.048740
51.211918,1791353629.723066,-0.537492,-0.670825,0.876326,-0.626787,-1.321293,0.046798
51.231423,1791353629.743417,-0.549043,-0.696709,0.877143,-0.578859,-1.345103,0.046151
51.251072,1791353629.765761,-0.560226,-0.724397,0.878095,-0.531217,-1.372105,0.050037
51.271378,1791353629.783907,-0.570184,-0.751538,0.879064,-0.482366,-1.393649,0.052050
51.291518,1791353629.802692,-0.571059,-0.760126,0.879340,-0.407667,-1.344265,0.053180
51.310744,1791353629.822978,-0.579855,-0.789667,0.880497,-0.360088,-1.369328,0.050240
51.330996,1791353629.843466,-0.586538,-0.817202,0.881476,-0.307844,-1.383593,0.048085
51.351574,1791353629.862161,-0.594664,-0.850451,0.882748,-0.260634,-1.413892,0.048700
51.370757,1791353629.883053,-0.600300,-0.880050,0.883855,-0.209479,-1.428730,0.050002
51.390692,1791353629.902593,-0.605036,-0.910718,0.885028,-0.158581,-1.444833,0.050498
51.410885,1791353629.923355,-0.607672,-0.939699,0.886013,-0.104720,-1.452879,0.048481
51.430705,1791353629.947306,-0.610389,-0.971638,0.887248,-0.051959,-1.468848,0.051007
51.451260,1791353629.963619,-0.611966,-1.000765,0.888356,-0.001039,-1.472924,0.047562
51.471110,1791353629.982757,-0.612557,-1.030907,0.889452,0.051022,-1.477697,0.048460
51.491477,1791353630.006396,-0.612222,-1.059904,0.890579,0.101785,-1.475724,0.048270
51.511792,1791353630.028795,-0.610798,-1.089828,0.891704,0.152314,-1.473989,0.044750
51.531915,1791353630.042534,-0.608379,-1.118875,0.892750,0.203761,-1.466519,0.042396
51.550982,1791353630.066735,-0.605037,-1.147081,0.893714,0.254925,-1.454282,0.037848
51.572096,1791353630.084011,-0.600450,-1.176007,0.894653,0.308056,-1.443162,0.035736
51.591097,1791353630.105775,-0.593719,-1.204748,0.895355,0.365004,-1.430493,0.034463
51.611194,1791353630.122461,-0.589946,-1.212440,0.895385,0.400762,-1.352809,0.024798
51.631410,1791353630.141968,-0.581487,-1.243918,0.896216,0.455834,-1.350051,0.019675
51.651633,1791353630.163452,-0.572176,-1.274097,0.896926,0.509271,-1.341409,0.014536
51.671434,1791353630.182972,-0.562258,-1.302685,0.897464,0.560558,-1.326094,0.010774
51.691480,1791353630.204696,-0.551804,-1.329755,0.897957,0.609188,-1.304723,0.007433
51.711101,1791353630.222836,-0.541695,-1.353021,0.898223,0.650897,-1.271396,-0.000745
51.730870,1791353630.243068,-0.528990,-1.379514,0.898449,0.699424,-1.247648,-0.005624
51.751451,1791353630.263347,-0.514799,-1.406156,0.898616,0.749585,-1.223974,-0.009770
51.771558,1791353630.282953,-0.499309,-1.430325,0.898349,0.799258,-1.192380,-0.016501
51.791297,1791353630.302810,-0.482617,-1.456437,0.898303,0.849610,-1.166663,-0.021782
51.811552,1791353630.322288,-0.466115,-1.481720,0.898435,0.894171,-1.139279,-0.029531
51.831074,1791353630.343507,-0.447768,-1.504147,0.897758,0.940088,-1.102989,-0.038273
51.851051,1791353630.362287,-0.428634,-1.527157,0.897216,0.984324,-1.069189,-0.046322
51.871986,1791353630.382550,-0.409465,-1.548358,0.896496,1.023804,-1.030718,-0.055050
51.891241,1791353630.403192,-0.389947,-1.568277,0.895675,1.060173,-0.988874,-0.062708
51.911339,1791353630.423167,-0.368960,-1.587943,0.894622,1.097021,-0.947135,-0.071087
51.931440,1791353630.444221,-0.347762,-1.606238,0.893435,1.130055,-0.902383,-0.079735
51.951746,1791353630.462484,-0.325137,-1.624139,0.892047,1.164069,-0.856843,-0.085947
51.970990,1791353630.483516,-0.302397,-1.640617,0.890593,1.194408,-0.807943,-0.090090
51.991655,1791353630.502308,-0.278273,-1.656520,0.888951,1.224785,-0.759348,-0.096178
52.012103,1791353630.524300,-0.254534,-1.670779,0.887283,1.249647,-0.707427,-0.101094
52.057133,1791353630.563243,-0.179197,-1.707723,0.881378,1.313226,-0.544885,-0.116514
52.103493,1791353630.624178,-0.126027,-1.727261,0.876487,1.342936,-0.430694,-0.126443
52.118836,1791353630.643993,-0.099060,-1.735289,0.873913,1.353083,-0.371937,-0.130691
52.125509,1791353630.643993,-0.099060,-1.735289,0.873913,1.353083,-0.371937,-0.130691
52.145970,1791353630.665973,-0.082113,-1.738761,0.872375,1.328219,-0.304482,-0.128288
52.165123,1791353630.682895,-0.055656,-1.743658,0.870108,1.332499,-0.241823,-0.125524
52.185715,1791353630.702947,-0.027710,-1.747527,0.867746,1.338984,-0.179987,-0.124722
52.204993,1791353630.723456,-0.000576,-1.749968,0.865457,1.340413,-0.118065,-0.123658
52.226295,1791353630.742666,0.004128,-1.747300,0.865016,1.269743,-0.051842,-0.117491
52.245944,1791353630.762750,0.033259,-1.747697,0.862652,1.276051,0.010564,-0.112252
52.265376,1791353630.782709,0.061213,-1.746719,0.860517,1.276801,0.072157,-0.109457
52.285636,1791353630.804010,0.089838,-1.744469,0.858334,1.277738,0.134226,-0.106706
52.305636,1791353630.823284,0.117453,-1.741056,0.856253,1.273847,0.195090,-0.105552
52.325401,1791353630.844465,0.122586,-1.737729,0.855834,1.198671,0.243013,-0.101896
52.345008,1791353630.862546,0.151620,-1.731702,0.853629,1.200683,0.304974,-0.099944
52.365617,1791353630.885026,0.179603,-1.724642,0.851606,1.199830,0.366005,-0.096919
52.385750,1791353630.902835,0.208079,-1.716043,0.849594,1.200569,0.427153,-0.096528
52.405606,1791353630.922491,0.231951,-1.706924,0.847697,1.186135,0.484697,-0.092820
52.426142,1791353630.943661,0.259219,-1.696208,0.845885,1.181664,0.544239,-0.088345
52.446275,1791353630.962395,0.286879,-1.683980,0.844094,1.177714,0.602794,-0.089298
52.466777,1791353630.982648,0.313272,-1.671102,0.842356,1.169372,0.658239,-0.090552
52.486475,1791353631.005973,0.340034,-1.656672,0.840531,1.162158,0.713420,-0.093927
52.506055,1791353631.022785,0.365501,-1.641832,0.838695,1.151303,0.764053,-0.099929
52.525703,1791353631.042985,0.391434,-1.625254,0.836694,1.141452,0.816257,-0.105145
52.545533,1791353631.063273,0.416228,-1.608207,0.834629,1.127195,0.865386,-0.107805
52.564932,1791353631.082683,0.441244,-1.589687,0.832511,1.112821,0.914319,-0.110014
52.586008,1791353631.103020,0.465141,-1.570786,0.830381,1.094450,0.959353,-0.111608
52.605247,1791353631.123191,0.487704,-1.551854,0.828349,1.071856,0.999245,-0.113961
52.643625,1791353631.163286,0.516420,-1.523116,0.825494,0.977210,1.033689,-0.109825
52.646293,1791353631.163286,0.516420,-1.523116,0.825494,0.977210,1.033689,-0.109825
52.665905,1791353631.182239,0.538134,-1.501533,0.823382,0.950804,1.069758,-0.109549
52.686299,1791353631.202508,0.556777,-1.479818,0.821227,0.913038,1.101192,-0.106406
52.711497,1791353631.222756,0.579892,-1.455864,0.819258,0.888417,1.136666,-0.102178
52.726522,1791353631.243246,0.586260,-1.446886,0.818700,0.814076,1.114595,-0.091888
52.746212,1791353631.263247,0.605731,-1.422079,0.816876,0.779802,1.147142,-0.086245
52.765901,1791353631.289286,0.620864,-1.398903,0.815186,0.733252,1.170072,-0.083184
52.786306,1791353631.302454,0.638140,-1.373976,0.813626,0.693704,1.196952,-0.078795
52.806453,1791353631.324436,0.654768,-1.347890,0.812147,0.652312,1.224829,-0.073409
52.828065,1791353631.343033,0.669846,-1.322196,0.810848,0.607021,1.248284,-0.067784
52.847044,1791353631.363860,0.684114,-1.295393,0.809668,0.560086,1.272747,-0.060660
52.865903,1791353631.382456,0.696816,-1.269272,0.808717,0.510141,1.292744,-0.051024
52.886126,1791353631.403105,0.708045,-1.243519,0.807986,0.458542,1.309527,-0.041559
52.906325,1791353631.423279,0.718367,-1.216622,0.807391,0.407955,1.328031,-0.034717
52.931273,1791353631.443117,0.727296,-1.190143,0.806974,0.356915,1.343093,-0.027557
52.946604,1791353631.468701,0.733888,-1.163130,0.806491,0.302189,1.357732,-0.020395
52.966126,1791353631.482267,0.740883,-1.135257,0.806378,0.252544,1.373209,-0.012994
52.986317,1791353631.505800,0.746839,-1.106360,0.806418,0.202435,1.389637,-0.003957
53.005907,1791353631.523234,0.751481,-1.078079,0.806647,0.152279,1.401505,0.002749
53.026385,1791353631.546051,0.754926,-1.050763,0.806954,0.103206,1.407693,0.004975
53.046387,1791353631.563141,0.758017,-1.022467,0.807551,0.055198,1.414798,0.011068
53.066146,1791353631.583504,0.758601,-0.994124,0.807785,0.003262,1.418864,0.011805
53.085774,1791353631.605152,0.758787,-0.965338,0.808235,-0.046890,1.420915,0.011522
53.106170,1791353631.623763,0.757910,-0.937750,0.808690,-0.098598,1.415225,0.016150
53.127236,1791353631.647398,0.756060,-0.911498,0.809262,-0.149812,1.401703,0.020274
53.147031,1791353631.663612,0.753205,-0.885983,0.809842,-0.200472,1.383321,0.022485
53.165555,1791353631.683149,0.749122,-0.859765,0.810507,-0.252919,1.365224,0.027601
53.187402,1791353631.703498,0.743674,-0.832688,0.811251,-0.305857,1.348827,0.029847
53.205966,1791353631.724454,0.737385,-0.807006,0.812022,-0.358020,1.326975,0.033927
53.228120,1791353631.742845,0.729658,-0.780615,0.812936,-0.411858,1.306715,0.040087
53.246115,1791353631.762425,0.720901,-0.754693,0.813738,-0.463641,1.285086,0.040125
53.265839,1791353631.783018,0.711411,-0.730255,0.814685,-0.513918,1.258501,0.040916
53.286297,1791353631.803001,0.700504,-0.705498,0.815680,-0.565805,1.232424,0.043949
53.306045,1791353631.823706,0.688839,-0.681946,0.816676,-0.615693,1.202855,0.045233
53.327374,1791353631.842742,0.676662,-0.659879,0.817637,-0.662655,1.169154,0.045932
53.346318,1791353631.864275,0.663051,-0.637633,0.818655,-0.709980,1.136780,0.045988
53.365965,1791353631.883042,0.648841,-0.616496,0.819623,-0.754925,1.101731,0.045604
53.386044,1791353631.903089,0.633212,-0.595320,0.820652,-0.800492,1.067522,0.045015
53.406545,1791353631.922610,0.617073,-0.575312,0.821643,-0.843655,1.030220,0.045579
53.429466,1791353631.943403,0.599765,-0.555063,0.822560,-0.886859,0.994306,0.046302
53.445773,1791353631.962905,0.582622,-0.537286,0.823568,-0.925346,0.951734,0.048593
53.466580,1791353631.983159,0.564283,-0.519784,0.824659,-0.963897,0.909679,0.051356
53.485876,1791353632.003705,0.545733,-0.503640,0.825918,-0.999409,0.864777,0.056045
53.506169,1791353632.024999,0.525768,-0.487699,0.827083,-1.035580,0.821284,0.058213
53.529033,1791353632.042957,0.505554,-0.472757,0.828383,-1.068774,0.776446,0.060779
53.545824,1791353632.063113,0.499077,-0.471097,0.828808,-1.051397,0.696474,0.060968
53.566239,1791353632.086050,0.476159,-0.456431,0.830166,-1.088397,0.656093,0.061447
53.586627,1791353632.106328,0.451696,-0.442032,0.831651,-1.127372,0.615401,0.065798
53.606368,1791353632.123170,0.427423,-0.428968,0.833075,-1.161281,0.573753,0.064660
53.626951,1791353632.142572,0.401704,-0.416449,0.834553,-1.197266,0.530747,0.068859
53.646340,1791353632.163356,0.394072,-0.414880,0.834989,-1.168346,0.461190,0.068177
53.667074,1791353632.182630,0.367466,-0.403913,0.836531,-1.203428,0.419938,0.068101
53.686727,1791353632.203326,0.341035,-0.394131,0.838034,-1.234867,0.376624,0.070626
53.706800,1791353632.222508,0.313360,-0.385081,0.839616,-1.266802,0.333304,0.071693
53.726006,1791353632.242918,0.285892,-0.377053,0.841174,-1.294233,0.289534,0.071483
53.749376,1791353632.262475,0.257304,-0.369783,0.842763,-1.321976,0.245602,0.071443
53.765721,1791353632.284899,0.230684,-0.365371,0.844192,-1.339635,0.195145,0.072180
53.786229,1791353632.305873,0.200402,-0.359985,0.845905,-1.366569,0.148214,0.076898
53.806289,1791353632.326963,0.170659,-0.355764,0.847642,-1.388128,0.100227,0.080491
53.826235,1791353632.342887,0.141740,-0.352604,0.849407,-1.403309,0.051535,0.083774
53.846110,1791353632.363757,0.111795,-0.350517,0.851288,-1.417803,0.000922,0.089186
53.865688,1791353632.382567,0.096548,-0.350491,0.852310,-1.380407,-0.049488,0.091828
53.886009,1791353632.402989,0.065364,-0.350828,0.854507,-1.393172,-0.102252,0.096624
53.906273,1791353632.422902,0.035387,-0.352009,0.856650,-1.399505,-0.153924,0.101422
53.925894,1791353632.443385,0.004435,-0.354488,0.858936,-1.407205,-0.205455,0.102502
53.946619,1791353632.463747,-0.025328,-0.357961,0.861151,-1.409789,-0.255723,0.101717
53.966349,1791353632.488985,-0.053484,-0.363602,0.863157,-1.405310,-0.308503,0.099790
53.986081,1791353632.503666,-0.083401,-0.367713,0.865337,-1.405327,-0.353235,0.101581
54.006277,1791353632.523131,-0.111429,-0.375281,0.867330,-1.397100,-0.403273,0.097351
54.026336,1791353632.545609,-0.139495,-0.382467,0.869276,-1.387818,-0.447693,0.092265
54.046241,1791353632.562912,-0.168161,-0.390913,0.871218,-1.378422,-0.493420,0.092801
54.066487,1791353632.583774,-0.175483,-0.394607,0.871595,-1.300499,-0.513529,0.087209
54.086334,1791353632.603349,-0.205181,-0.405466,0.873640,-1.292654,-0.560162,0.087623
54.105963,1791353632.622946,-0.233625,-0.416951,0.875596,-1.278961,-0.604464,0.085234
54.126235,1791353632.643142,-0.260579,-0.428628,0.877458,-1.258868,-0.646486,0.085010
54.146626,1791353632.663274,-0.287679,-0.441713,0.879376,-1.237309,-0.691135,0.089216
54.165689,1791353632.683496,-0.313402,-0.455297,0.881241,-1.210819,-0.732998,0.090003
54.186157,1791353632.705583,-0.339123,-0.470211,0.883261,-1.183677,-0.775493,0.090056
54.206337,1791353632.723954,-0.364624,-0.486476,0.885303,-1.155316,-0.819356,0.090487
54.226300,1791353632.742602,-0.388686,-0.503228,0.887337,-1.122260,-0.862128,0.092571
54.246185,1791353632.763216,-0.411026,-0.520135,0.889341,-1.084502,-0.902411,0.094649
54.265637,1791353632.782848,-0.432330,-0.538598,0.891193,-1.045685,-0.943433,0.089806
54.285913,1791353632.802908,-0.453695,-0.557868,0.893249,-1.007764,-0.984466,0.088301
54.306227,1791353632.822460,-0.473547,-0.577357,0.895127,-0.967258,-1.021556,0.082692
54.326142,1791353632.843209,-0.491689,-0.596838,0.896830,-0.922450,-1.054900,0.078836
54.346268,1791353632.863302,-0.509545,-0.617845,0.898540,-0.878697,-1.089375,0.073347
54.366616,1791353632.882261,-0.526067,-0.639048,0.900101,-0.832042,-1.121421,0.069916
54.386349,1791353632.903043,-0.542169,-0.661725,0.901662,-0.786142,-1.154615,0.065575
54.406510,1791353632.922953,-0.556746,-0.684211,0.903053,-0.737947,-1.182908,0.058996
54.425993,1791353632.943154,-0.571003,-0.708476,0.904402,-0.689563,-1.213698,0.054377
54.445799,1791353632.962599,-0.583724,-0.732353,0.905646,-0.637453,-1.239302,0.051976
54.466516,1791353632.983036,-0.584323,-0.737971,0.905636,-0.554518,-1.198244,0.042946
54.486124,1791353633.003355,-0.594881,-0.762162,0.906476,-0.501085,-1.220384,0.041156
54.506517,1791353633.022774,-0.605523,-0.789382,0.907725,-0.449215,-1.249528,0.041432
54.525925,1791353633.043569,-0.614701,-0.816143,0.908914,-0.396178,-1.274142,0.039069
54.546046,1791353633.066152,-0.623031,-0.844184,0.910138,-0.342544,-1.300381,0.038355
54.566458,1791353633.086355,-0.630045,-0.871891,0.911218,-0.288748,-1.322424,0.034718
54.585723,1791353633.102828,-0.636092,-0.900821,0.912266,-0.235119,-1.345593,0.031265
54.606394,1791353633.123172,-0.641055,-0.930869,0.913244,-0.180623,-1.369352,0.030435
54.626589,1791353633.142622,-0.644775,-0.960423,0.914178,-0.126004,-1.387815,0.028725
54.645916,1791353633.162909,-0.647294,-0.989202,0.915015,-0.070256,-1.400350,0.028502
54.666486,1791353633.183043,-0.648125,-1.017284,0.915548,-0.013131,-1.407234,0.023387
54.686524,1791353633.204014,-0.648382,-1.047349,0.916196,0.042613,-1.417812,0.015374
54.706134,1791353633.223900,-0.647504,-1.076671,0.916683,0.099446,-1.423618,0.010811
54.726072,1791353633.243827,-0.645611,-1.104955,0.917055,0.155022,-1.423930,0.005858
54.746377,1791353633.263559,-0.642458,-1.134177,0.917302,0.210650,-1.425175,0.000437
54.766327,1791353633.286053,-0.638352,-1.162654,0.917365,0.263882,-1.422038,-0.009546
54.786057,1791353633.302997,-0.635176,-1.169263,0.916995,0.302787,-1.348367,-0.024828
54.806670,1791353633.323843,-0.628885,-1.199574,0.916545,0.356310,-1.350076,-0.038858
54.826310,1791353633.343071,-0.621716,-1.228908,0.915756,0.408471,-1.346467,-0.054496
54.846047,1791353633.362850,-0.613251,-1.258912,0.914622,0.461093,-1.343160,-0.070977
54.866887,1791353633.383056,-0.603986,-1.287822,0.913109,0.511672,-1.335072,-0.088271
54.894944,1791353633.402591,-0.599628,-1.294345,0.911974,0.536335,-1.256996,-0.102149
54.906137,1791353633.424397,-0.587946,-1.324370,0.909767,0.589260,-1.253009,-0.115414
54.926273,1791353633.443840,-0.575565,-1.353240,0.907395,0.640267,-1.244322,-0.126595
54.946341,1791353633.463375,-0.561843,-1.382374,0.904707,0.691608,-1.235148,-0.136212
54.966952,1791353633.482617,-0.547528,-1.410304,0.901987,0.740346,-1.220496,-0.143217
54.986463,1791353633.503180,-0.541278,-1.418799,0.900761,0.753092,-1.145437,-0.143881
55.005917,1791353633.524041,-0.524567,-1.446923,0.897711,0.802351,-1.130728,-0.147686
55.026584,1791353633.543206,-0.507456,-1.473729,0.894597,0.847251,-1.111613,-0.155362
55.046751,1791353633.563163,-0.489015,-1.500428,0.891322,0.893602,-1.090383,-0.158119
55.066260,1791353633.582124,-0.470260,-1.525748,0.888124,0.936435,-1.064685,-0.162161
55.087525,1791353633.605978,-0.462603,-1.533544,0.886874,0.935127,-0.986337,-0.158997
55.106695,1791353633.624479,-0.440533,-1.559433,0.883288,0.983842,-0.963164,-0.160157
55.126133,1791353633.643879,-0.419576,-1.582612,0.879941,1.023594,-0.932934,-0.164338
55.146174,1791353633.662580,-0.397358,-1.605333,0.876441,1.063422,-0.901741,-0.169976
55.170165,1791353633.683628,-0.375753,-1.622895,0.873028,1.096636,-0.853963,-0.170855
55.185784,1791353633.702695,-0.351532,-1.644295,0.869424,1.135905,-0.817488,-0.168695
55.206244,1791353633.723278,-0.327381,-1.663955,0.865964,1.170096,-0.777072,-0.169357
55.226995,1791353633.745036,-0.303676,-1.681882,0.862587,1.197996,-0.734117,-0.174652
55.245599,1791353633.762964,-0.278772,-1.699015,0.859073,1.226665,-0.689117,-0.175622
55.265892,1791353633.783249,-0.254070,-1.714505,0.855726,1.251595,-0.640239,-0.170320
55.286315,1791353633.805857,-0.228210,-1.729074,0.852401,1.276436,-0.592339,-0.168190
55.307103,1791353633.823711,-0.201282,-1.742679,0.849059,1.301196,-0.544060,-0.165173
55.327259,1791353633.842859,-0.176543,-1.754026,0.846114,1.314622,-0.493120,-0.163523
55.345874,1791353633.862804,-0.150664,-1.764497,0.843108,1.328694,-0.441984,-0.160562
55.366738,1791353633.882855,-0.125203,-1.773519,0.840229,1.337994,-0.390054,-0.159101
55.386551,1791353633.902732,-0.117821,-1.774758,0.839533,1.284038,-0.321357,-0.148754
55.406447,1791353633.923219,-0.090506,-1.782034,0.836547,1.295850,-0.270723,-0.148940
55.426409,1791353633.942941,-0.063783,-1.787970,0.833696,1.302300,-0.218506,-0.147265
55.447499,1791353633.964828,-0.036270,-1.792791,0.830797,1.308343,-0.165091,-0.144571
55.466242,1791353633.982792,-0.009449,-1.796313,0.828065,1.309371,-0.110677,-0.141577
55.485471,1791353634.003864,-0.000881,-1.796050,0.827278,1.248124,-0.053556,-0.135311
55.506610,1791353634.023191,0.027101,-1.797324,0.824431,1.251463,0.002311,-0.135339
55.526343,1791353634.043278,0.054276,-1.797355,0.821639,1.250455,0.058551,-0.137270
55.545895,1791353634.062916,0.079191,-1.795610,0.818849,1.240543,0.115886,-0.141988
55.566191,1791353634.083194,0.106877,-1.793270,0.815788,1.237869,0.173423,-0.145243
55.586419,1791353634.104089,0.134953,-1.789451,0.812625,1.234546,0.232496,-0.148268
55.606235,1791353634.123578,0.161971,-1.784415,0.809549,1.226378,0.291661,-0.150062
55.625956,1791353634.146561,0.187735,-1.778265,0.806569,1.213534,0.350427,-0.150360
55.645996,1791353634.163833,0.213837,-1.770589,0.803504,1.201282,0.409743,-0.151598
55.665716,1791353634.182480,0.238869,-1.761857,0.800507,1.185000,0.467759,-0.151998
55.686491,1791353634.203069,0.264173,-1.751504,0.797459,1.169163,0.526678,-0.152093
55.706997,1791353634.222678,0.288133,-1.740325,0.794545,1.149077,0.583149,-0.152344
55.726204,1791353634.245272,0.311036,-1.728265,0.791720,1.125636,0.638153,-0.150057
55.746119,1791353634.262975,0.333303,-1.714957,0.788742,1.100667,0.692309,-0.148023
55.766613,1791353634.283617,0.355969,-1.700134,0.786015,1.077353,0.747409,-0.142516
55.788450,1791353634.302684,0.378770,-1.683671,0.783338,1.055282,0.803102,-0.137036
55.806134,1791353634.322956,0.400378,-1.666520,0.780899,1.030216,0.856191,-0.129646
55.826184,1791353634.342479,0.420626,-1.648997,0.778694,1.002164,0.904259,-0.124208
55.845765,1791353634.363010,0.440980,-1.629866,0.776524,0.974856,0.952237,-0.118751
55.865882,1791353634.385237,0.460252,-1.610315,0.774522,0.944615,0.996247,-0.112856
55.885639,1791353634.402495,0.479502,-1.589223,0.772608,0.914273,1.041213,-0.104940
55.905947,1791353634.424777,0.497589,-1.567838,0.770916,0.881002,1.081843,-0.099418
55.925570,1791353634.444016,0.514577,-1.546209,0.769332,0.844828,1.118200,-0.095506
55.946531,1791353634.462813,0.531385,-1.523118,0.767843,0.807729,1.155459,-0.089056
55.965805,1791353634.482998,0.547052,-1.499886,0.766482,0.767555,1.188824,-0.081980
55.985828,1791353634.504173,0.562398,-1.475263,0.765210,0.727519,1.222550,-0.076532
56.006936,1791353634.523581,0.564267,-1.467987,0.765215,0.650427,1.192952,-0.063786
56.026205,1791353634.543091,0.578098,-1.442431,0.764338,0.608914,1.224901,-0.052432
56.045955,1791353634.564017,0.589824,-1.417686,0.763354,0.563335,1.249167,-0.045844
56.066073,1791353634.585103,0.601578,-1.392045,0.762876,0.519046,1.273037,-0.037062
56.086525,1791353634.603326,0.613427,-1.363538,0.762498,0.476190,1.302846,-0.029004
56.106485,1791353634.623958,0.615053,-1.354745,0.762780,0.408543,1.263185,-0.018687
56.125784,1791353634.643894,0.625114,-1.325780,0.762778,0.363165,1.290748,-0.005894
56.145955,1791353634.664236,0.634291,-1.295831,0.763012,0.317323,1.317992,0.003605
56.165512,1791353634.683171,0.640107,-1.269346,0.763170,0.264268,1.329950,0.011700
56.186518,1791353634.702941,0.647358,-1.237943,0.763726,0.217288,1.355389,0.019452
56.205912,1791353634.722203,0.653230,-1.207357,0.764467,0.168634,1.375564,0.028636
56.225987,1791353634.742230,0.657889,-1.177794,0.765357,0.119254,1.390176,0.038485
56.245832,1791353634.764001,0.661467,-1.147263,0.766454,0.069520,1.405382,0.047136
56.265923,1791353634.783515,0.663827,-1.117595,0.767718,0.018605,1.415147,0.058243
56.286183,1791353634.804638,0.665058,-1.087074,0.769200,-0.032468,1.424878,0.067259
56.306789,1791353634.823398,0.665226,-1.057766,0.770772,-0.083199,1.427923,0.075153
56.326368,1791353634.846487,0.664310,-1.029284,0.772461,-0.133852,1.425507,0.082840
56.346306,1791353634.864491,0.661087,-1.000820,0.774202,-0.188289,1.420281,0.090890
56.366153,1791353634.884178,0.657943,-0.971619,0.776238,-0.238788,1.415301,0.098768
56.385959,1791353634.903756,0.653257,-0.940431,0.778601,-0.291827,1.409413,0.105516
56.406216,1791353634.923373,0.651279,-0.930810,0.779819,-0.325813,1.332673,0.109781
56.426651,1791353634.943719,0.644253,-0.904322,0.782086,-0.376593,1.315633,0.116544
56.445755,1791353634.962659,0.637127,-0.873268,0.785059,-0.425721,1.311491,0.126086
56.466964,1791353634.983875,0.628108,-0.847254,0.787666,-0.476037,1.289303,0.134988
56.486960,1791353635.002704,0.618301,-0.819133,0.790821,-0.526070,1.272465,0.145744
56.506305,1791353635.022376,0.607762,-0.792352,0.794052,-0.573843,1.250664,0.153572
56.525981,1791353635.043741,0.603006,-0.785711,0.795367,-0.593545,1.166659,0.154449
56.546276,1791353635.064147,0.590022,-0.758770,0.799007,-0.642322,1.147231,0.158517
56.565600,1791353635.084100,0.576466,-0.733220,0.802547,-0.688663,1.123259,0.160091
56.586619,1791353635.103997,0.561561,-0.707753,0.806230,-0.736855,1.097912,0.166086
56.606399,1791353635.122078,0.546110,-0.683791,0.809899,-0.782153,1.068458,0.168577
56.625771,1791353635.142665,0.540001,-0.677826,0.811045,-0.788348,0.985560,0.160391
56.646466,1791353635.162744,0.522153,-0.654414,0.814875,-0.836143,0.958444,0.161739
56.666125,1791353635.183109,0.503937,-0.632574,0.818584,-0.880829,0.927651,0.160345
56.687037,1791353635.202625,0.484331,-0.611057,0.822260,-0.926374,0.896943,0.157513
56.705924,1791353635.228368,0.464601,-0.591287,0.825705,-0.968615,0.861787,0.155628
56.726322,1791353635.242433,0.443289,-0.571793,0.829217,-1.012202,0.827138,0.152318
56.746291,1791353635.263151,0.422665,-0.555690,0.832240,-1.049900,0.782821,0.150113
56.766841,1791353635.282656,0.400484,-0.538522,0.835580,-1.088947,0.744310,0.145460
56.786966,1791353635.303428,0.376842,-0.521914,0.838897,-1.128926,0.705533,0.141139
56.805899,1791353635.322532,0.353186,-0.506811,0.841955,-1.165227,0.663445,0.138924
56.826401,1791353635.342567,0.328136,-0.492361,0.844954,-1.202007,0.621198,0.136555
56.855947,1791353635.363900,0.303135,-0.479365,0.847793,-1.234169,0.576947,0.132706
56.865772,1791353635.383444,0.278167,-0.468306,0.850419,-1.262243,0.528604,0.130465
56.886153,1791353635.404367,0.255075,-0.458556,0.852730,-1.280467,0.478826,0.130058
56.938098,1791353635.448017,0.176423,-0.433038,0.860404,-1.340986,0.333109,0.128639
56.987199,1791353635.504282,0.149048,-0.429914,0.862809,-1.283113,0.214120,0.119857
57.007695,1791353635.523081,0.123312,-0.426143,0.865207,-1.289878,0.163002,0.119856
57.010193,1791353635.523081,0.123312,-0.426143,0.865207,-1.289878,0.163002,0.119856
57.029261,1791353635.543198,0.135619,-0.432413,0.863831,-1.174984,0.097284,0.105497
57.050274,1791353635.564699,0.112123,-0.430979,0.865944,-1.174117,0.046118,0.105337
57.071500,1791353635.582636,0.074840,-0.426498,0.869452,-1.212692,0.002857,0.105731
57.089296,1791353635.605627,0.038370,-0.423764,0.872856,-1.244869,-0.043169,0.107218
57.109797,1791353635.622674,0.004437,-0.422527,0.876077,-1.266565,-0.091968,0.113841
57.130181,1791353635.643404,-0.029386,-0.422833,0.879224,-1.286361,-0.141620,0.114819
57.150349,1791353635.663270,-0.061150,-0.423974,0.882134,-1.298995,-0.191074,0.115132
57.169952,1791353635.682830,-0.091351,-0.426424,0.884944,-1.304910,-0.242135,0.116711
57.189190,1791353635.702329,-0.121859,-0.430472,0.887768,-1.309303,-0.294104,0.114577
57.210382,1791353635.723206,-0.152582,-0.436030,0.890603,-1.311183,-0.348509,0.116663
57.230151,1791353635.743451,-0.181793,-0.442615,0.893337,-1.305952,-0.402251,0.118391
57.249363,1791353635.763962,-0.209338,-0.449997,0.895920,-1.293534,-0.455880,0.122936
57.270157,1791353635.783558,-0.235020,-0.459682,0.898398,-1.274105,-0.512313,0.124169
57.289344,1791353635.803134,-0.262477,-0.469720,0.901130,-1.259783,-0.566339,0.123706
57.309864,1791353635.824380,-0.288524,-0.480745,0.903691,-1.240978,-0.618769,0.120228
57.329837,1791353635.845404,-0.312889,-0.492321,0.905936,-1.217177,-0.667536,0.111886
57.349671,1791353635.863237,-0.337442,-0.505501,0.908142,-1.193720,-0.716702,0.102257
57.369407,1791353635.885910,-0.360747,-0.519351,0.910031,-1.166245,-0.762955,0.092732
57.389907,1791353635.903544,-0.384050,-0.534796,0.911829,-1.138415,-0.810076,0.086634
57.409400,1791353635.922897,-0.405720,-0.550569,0.913379,-1.105603,-0.853157,0.081391
57.430851,1791353635.942785,-0.427653,-0.568228,0.914885,-1.073814,-0.897610,0.075252
57.449623,1791353635.962884,-0.447914,-0.586043,0.916136,-1.037334,-0.937032,0.067544
57.469487,1791353635.983596,-0.468311,-0.605174,0.917403,-1.001840,-0.975831,0.060193
57.489632,1791353636.002831,-0.487630,-0.625307,0.918441,-0.963201,-1.013395,0.055558
57.509377,1791353636.023006,-0.505592,-0.645682,0.919359,-0.921520,-1.047226,0.049289
57.529507,1791353636.042799,-0.521909,-0.665970,0.920085,-0.875940,-1.077041,0.040650
57.549165,1791353636.066289,-0.527241,-0.675260,0.920000,-0.801537,-1.066650,0.027275
57.569446,1791353636.082435,-0.542872,-0.698139,0.920440,-0.756481,-1.100981,0.020088
57.589814,1791353636.102898,-0.557949,-0.722386,0.920807,-0.710121,-1.136173,0.016503
57.609967,1791353636.124417,-0.572354,-0.747874,0.921129,-0.663301,-1.170955,0.013231
57.629788,1791353636.144289,-0.585323,-0.773237,0.921380,-0.614504,-1.200901,0.009163
57.649818,1791353636.163348,-0.593643,-0.791745,0.921441,-0.554523,-1.204791,0.008336
57.669324,1791353636.182272,-0.604192,-0.817294,0.921626,-0.502568,-1.229972,0.006681
57.689559,1791353636.203669,-0.613943,-0.844088,0.921845,-0.449429,-1.256623,0.007943
57.709252,1791353636.224094,-0.622808,-0.872005,0.922096,-0.396272,-1.283603,0.007528
57.730023,1791353636.243235,-0.630312,-0.899577,0.922280,-0.342466,-1.305965,0.003911
57.749830,1791353636.264478,-0.629986,-0.907461,0.922119,-0.274112,-1.259773,-0.004632
57.769561,1791353636.283371,-0.635839,-0.937045,0.922064,-0.222176,-1.286087,-0.010994
57.789583,1791353636.303016,-0.640456,-0.966171,0.921910,-0.169654,-1.308315,-0.017380
57.809396,1791353636.323030,-0.644011,-0.996224,0.921599,-0.116823,-1.330812,-0.025039
57.829727,1791353636.346203,-0.646366,-1.025666,0.921120,-0.062671,-1.348470,-0.029513
57.849822,1791353636.366241,-0.645218,-1.035837,0.920651,-0.008075,-1.300239,-0.036137
57.869371,1791353636.383311,-0.645624,-1.066914,0.919995,0.045166,-1.320584,-0.038963
57.889626,1791353636.403484,-0.644917,-1.097215,0.919247,0.096759,-1.335704,-0.045875
57.909066,1791353636.424262,-0.643103,-1.128307,0.918376,0.149534,-1.351118,-0.049156
57.929528,1791353636.443830,-0.640252,-1.158579,0.917489,0.201455,-1.361648,-0.053487
57.949470,1791353636.463575,-0.637918,-1.166923,0.917093,0.241509,-1.298284,-0.056376
57.969850,1791353636.482906,-0.632572,-1.192840,0.915866,0.293126,-1.292891,-0.066314
57.989841,1791353636.502639,-0.626609,-1.224476,0.914498,0.345731,-1.303149,-0.075347
58.009886,1791353636.522817,-0.619777,-1.255035,0.913044,0.397779,-1.307601,-0.082164
58.036973,1791353636.542365,-0.611596,-1.286021,0.911387,0.451210,-1.311733,-0.087263
58.049402,1791353636.564770,-0.602619,-1.315818,0.909666,0.502014,-1.310997,-0.096395
58.069490,1791353636.585761,-0.593052,-1.344219,0.907845,0.551253,-1.304261,-0.103639
58.090287,1791353636.603150,-0.582082,-1.372911,0.905846,0.601575,-1.296327,-0.112121
58.109092,1791353636.625533,-0.570622,-1.400171,0.903721,0.649551,-1.281950,-0.121399
58.129823,1791353636.643398,-0.557499,-1.427855,0.901308,0.699420,-1.267137,-0.131177
58.149872,1791353636.662952,-0.543013,-1.452964,0.898575,0.749035,-1.243242,-0.142066
58.169348,1791353636.683255,-0.528552,-1.478589,0.895871,0.795713,-1.220209,-0.149958
58.189011,1791353636.704091,-0.512602,-1.504216,0.892917,0.842666,-1.196795,-0.159760
58.209624,1791353636.723938,-0.496161,-1.528423,0.889815,0.885882,-1.168710,-0.170618
58.229589,1791353636.743063,-0.478307,-1.552563,0.886366,0.927854,-1.140504,-0.184241
58.249299,1791353636.763744,-0.460413,-1.574851,0.882773,0.964601,-1.106486,-0.195644
58.269686,1791353636.783152,-0.442213,-1.595751,0.879135,0.998623,-1.067331,-0.198281
58.289789,1791353636.802814,-0.424076,-1.614975,0.875646,1.027796,-1.023740,-0.198177
58.309889,1791353636.823679,-0.404499,-1.634041,0.871968,1.057486,-0.980754,-0.198753
58.329907,1791353636.844142,-0.383279,-1.653055,0.868090,1.088581,-0.937974,-0.198940
58.349473,1791353636.863728,-0.361202,-1.671368,0.864141,1.118703,-0.892881,-0.195341
58.370022,1791353636.883529,-0.339727,-1.687707,0.860563,1.142347,-0.843723,-0.192236
58.390018,1791353636.903091,-0.316974,-1.703456,0.856961,1.166460,-0.794091,-0.188116
58.409345,1791353636.924959,-0.294350,-1.717766,0.853546,1.187006,-0.741425,-0.180356
58.429329,1791353636.943857,-0.272207,-1.730363,0.850457,1.202936,-0.685423,-0.169538
58.449825,1791353636.963458,-0.248797,-1.742319,0.847478,1.220032,-0.629572,-0.157814
58.469575,1791353636.983675,-0.242426,-1.743075,0.847226,1.177212,-0.546435,-0.137202
58.489451,1791353637.003831,-0.216849,-1.753684,0.844479,1.197518,-0.491808,-0.125134
58.509690,1791353637.025103,-0.191639,-1.762870,0.842037,1.213447,-0.435811,-0.113458
58.529590,1791353637.043561,-0.167057,-1.770574,0.839911,1.224405,-0.377717,-0.099273
58.549326,1791353637.062868,-0.139885,-1.777723,0.837787,1.240834,-0.321472,-0.090724
58.570227,1791353637.083470,-0.113277,-1.783431,0.835904,1.252777,-0.263446,-0.080449
58.589303,1791353637.104877,-0.088170,-1.788131,0.834374,1.257459,-0.206326,-0.072142
58.609544,1791353637.123017,-0.062243,-1.791238,0.832827,1.262777,-0.147025,-0.065593
58.629750,1791353637.143878,-0.037276,-1.792960,0.831389,1.263481,-0.087278,-0.060921
58.649591,1791353637.162823,-0.011388,-1.793536,0.829998,1.266446,-0.028173,-0.059949
58.669811,1791353637.184108,0.013887,-1.792983,0.828583,1.266918,0.029784,-0.060888
58.689902,1791353637.202816,0.040047,-1.791219,0.827095,1.269882,0.088270,-0.060983
58.709372,1791353637.223482,0.066971,-1.788222,0.825517,1.274274,0.145508,-0.066476
58.729484,1791353637.243653,0.093132,-1.784085,0.823942,1.274806,0.203176,-0.068328
58.749660,1791353637.263703,0.118278,-1.778999,0.822318,1.271082,0.258061,-0.076054
58.769367,1791353637.283152,0.143669,-1.773300,0.820742,1.267680,0.311574,-0.082309
58.789212,1791353637.304592,0.169575,-1.765984,0.818746,1.265424,0.365535,-0.093254
58.809495,1791353637.323452,0.194685,-1.757767,0.816558,1.259762,0.418681,-0.102107
58.829629,1791353637.347723,0.220502,-1.748241,0.814120,1.255093,0.471665,-0.112518
58.849360,1791353637.364588,0.244019,-1.738533,0.811684,1.242181,0.520318,-0.123560
58.870160,1791353637.385452,0.267921,-1.727714,0.809013,1.229204,0.569445,-0.131772
58.889787,1791353637.405767,0.292477,-1.715570,0.806094,1.217020,0.618452,-0.141668
58.909788,1791353637.424673,0.317527,-1.702094,0.802948,1.204602,0.668152,-0.148933
58.930297,1791353637.443189,0.341567,-1.688104,0.799783,1.187435,0.715423,-0.153988
58.949444,1791353637.462931,0.364634,-1.673608,0.796651,1.166004,0.760477,-0.156696
58.970219,1791353637.484453,0.386758,-1.658644,0.793522,1.141092,0.802375,-0.161053
58.989812,1791353637.503042,0.409184,-1.642384,0.790234,1.116541,0.844546,-0.164768
59.009982,1791353637.526325,0.430582,-1.625749,0.786993,1.088185,0.884265,-0.165478
59.029782,1791353637.542859,0.450715,-1.609088,0.783903,1.055669,0.919850,-0.164396
59.049347,1791353637.568726,0.471037,-1.591120,0.780739,1.023787,0.955685,-0.163567
59.070249,1791353637.583092,0.491618,-1.571615,0.777503,0.992207,0.993008,-0.160084
59.094032,1791353637.607891,0.511119,-1.551399,0.774338,0.957390,1.028373,-0.155208
59.109328,1791353637.622890,0.529620,-1.531430,0.771477,0.920425,1.059074,-0.147834
59.129699,1791353637.643369,0.548052,-1.510190,0.768729,0.883921,1.091088,-0.135212
59.151327,1791353637.662570,0.565035,-1.489339,0.766443,0.845070,1.118185,-0.121032
59.170301,1791353637.684927,0.582065,-1.466863,0.764328,0.807771,1.147685,-0.105361
59.189993,1791353637.702922,0.583791,-1.460317,0.764560,0.728613,1.118922,-0.082275
59.209760,1791353637.723198,0.600351,-1.435778,0.763033,0.694343,1.150433,-0.067340
59.229945,1791353637.744442,0.615656,-1.411454,0.761854,0.657332,1.177563,-0.052432
59.250083,1791353637.763103,0.629636,-1.387738,0.761062,0.616883,1.199560,-0.035525
59.269645,1791353637.783126,0.643187,-1.362635,0.760610,0.575530,1.223148,-0.019103
59.289747,1791353637.803769,0.644498,-1.356135,0.761230,0.502380,1.179186,-0.004920
59.308954,1791353637.822898,0.656318,-1.330753,0.761226,0.460557,1.199981,0.005465
59.329460,1791353637.844150,0.667414,-1.304408,0.761485,0.417267,1.221169,0.018181
59.349595,1791353637.864481,0.675253,-1.279861,0.761965,0.366577,1.233060,0.029833
59.369602,1791353637.882376,0.684206,-1.253943,0.762683,0.321684,1.247775,0.042642
59.389403,1791353637.903941,0.692311,-1.227081,0.763716,0.277107,1.263688,0.053339
59.409724,1791353637.924653,0.699483,-1.199374,0.765025,0.231887,1.281046,0.063527
59.429753,1791353637.942833,0.705356,-1.172337,0.766511,0.185635,1.294849,0.071664
59.449367,1791353637.963072,0.710018,-1.146288,0.768136,0.138002,1.304095,0.081616
59.469150,1791353637.982560,0.713523,-1.120770,0.769867,0.090642,1.309799,0.086768
59.489455,1791353638.005896,0.716009,-1.094288,0.771820,0.042172,1.317013,0.092899
59.508994,1791353638.024257,0.717412,-1.068406,0.773799,-0.005868,1.320404,0.094705
59.529474,1791353638.044071,0.717742,-1.041643,0.775900,-0.055238,1.324843,0.097720
59.550150,1791353638.063995,0.716121,-1.015129,0.777835,-0.107004,1.326058,0.095910
59.570479,1791353638.084033,0.714511,-0.989489,0.779888,-0.156231,1.322350,0.096759
59.589240,1791353638.104906,0.712540,-0.963590,0.782177,-0.202968,1.317446,0.096460
59.609106,1791353638.122528,0.708819,-0.938474,0.784240,-0.252614,1.307854,0.098960
59.628938,1791353638.144209,0.703248,-0.912393,0.786212,-0.304512,1.299751,0.098285
59.649401,1791353638.163323,0.698101,-0.887676,0.788483,-0.351647,1.285759,0.099150
59.670193,1791353638.184194,0.690552,-0.862083,0.790445,-0.403201,1.272987,0.097172
59.689465,1791353638.205162,0.682488,-0.836841,0.792626,-0.453537,1.257422,0.098230
59.709282,1791353638.223562,0.673086,-0.811142,0.794818,-0.503605,1.242213,0.094207
59.729921,1791353638.243654,0.663688,-0.788302,0.796738,-0.550549,1.216401,0.092967
59.749764,1791353638.263166,0.652900,-0.765023,0.798718,-0.598414,1.191344,0.090255
59.769815,1791353638.283114,0.640698,-0.741466,0.800694,-0.646819,1.166950,0.085170
59.789059,1791353638.303710,0.627840,-0.718958,0.802504,-0.694785,1.138469,0.084489
59.809337,1791353638.323384,0.613526,-0.696342,0.804348,-0.742820,1.111158,0.079383
59.830274,1791353638.343564,0.598830,-0.675232,0.806019,-0.788328,1.079402,0.074744
59.849802,1791353638.363643,0.583583,-0.655109,0.807515,-0.831168,1.045570,0.067244
59.869530,1791353638.384550,0.566500,-0.634515,0.808797,-0.876820,1.013401,0.061258
59.889749,1791353638.403820,0.548849,-0.615009,0.810118,-0.920035,0.978309,0.055252
59.912286,1791353638.423270,0.542922,-0.612318,0.810027,-0.918390,0.894483,0.047261
59.929520,1791353638.442961,0.522445,-0.592946,0.811256,-0.964806,0.861323,0.045041
59.950019,1791353638.463275,0.501842,-0.575029,0.812423,-1.007345,0.824266,0.045380
59.969592,1791353638.483754,0.479724,-0.557308,0.813785,-1.050679,0.787266,0.048248
59.989444,1791353638.503839,0.457585,-0.540850,0.814956,-1.089274,0.748039,0.050404
60.011083,1791353638.524657,0.433853,-0.524821,0.816519,-1.129509,0.707990,0.057193
60.029427,1791353638.543954,0.410496,-0.510206,0.817916,-1.164483,0.665230,0.062158
60.049444,1791353638.563799,0.386885,-0.497359,0.819180,-1.196093,0.619320,0.064070
60.069742,1791353638.583543,0.363201,-0.484994,0.820628,-1.224456,0.573800,0.069156
60.089729,1791353638.604647,0.338080,-0.473094,0.822253,-1.253205,0.529101,0.074114
60.119464,1791353638.643519,0.302633,-0.461236,0.824690,-1.251103,0.414170,0.080083
60.129654,1791353638.643519,0.302633,-0.461236,0.824690,-1.251103,0.414170,0.080083
60.150107,1791353638.663831,0.275429,-0.451537,0.826632,-1.275569,0.369801,0.084663
60.169341,1791353638.684556,0.247187,-0.442568,0.828685,-1.299099,0.325740,0.088447
60.190489,1791353638.702909,0.219480,-0.434808,0.830747,-1.317064,0.280009,0.091699
60.211714,1791353638.723728,0.190840,-0.428041,0.832934,-1.334875,0.232216,0.096444
60.229330,1791353638.743884,0.164050,-0.423945,0.834950,-1.343533,0.177182,0.105213
60.249782,1791353638.764354,0.136178,-0.419372,0.837534,-1.353840,0.129810,0.115121
60.269620,1791353638.784885,0.108979,-0.415985,0.839910,-1.358140,0.072701,0.122734
60.289809,1791353638.804465,0.080902,-0.413787,0.842719,-1.362828,0.017759,0.132870
60.317463,1791353638.824618,0.025956,-0.412989,0.848650,-1.360356,-0.092845,0.143719
60.329361,1791353638.843280,0.025956,-0.412989,0.848650,-1.360356,-0.092845,0.143719
60.348943,1791353638.863833,-0.001199,-0.415441,0.851566,-1.354596,-0.152268,0.147460
60.369888,1791353638.884225,-0.027382,-0.417867,0.854570,-1.344893,-0.207638,0.149967
60.389828,1791353638.903523,-0.054301,-0.421603,0.857711,-1.337220,-0.262512,0.150754
60.410464,1791353638.923285,-0.058626,-0.424134,0.858411,-1.259281,-0.301123,0.141804
60.430685,1791353638.942609,-0.086783,-0.430324,0.861682,-1.258322,-0.353883,0.139121
60.449238,1791353638.963940,-0.113798,-0.437460,0.864756,-1.252928,-0.404413,0.134764
60.469941,1791353638.984404,-0.141240,-0.445821,0.867779,-1.247803,-0.454119,0.128872
60.489474,1791353639.003800,-0.166056,-0.455395,0.870305,-1.233385,-0.503382,0.124823
60.509124,1791353639.023467,-0.191895,-0.465276,0.873034,-1.222031,-0.550054,0.121225
60.530071,1791353639.043829,-0.218101,-0.476528,0.875680,-1.211303,-0.597581,0.117859
60.549948,1791353639.063692,-0.242828,-0.488044,0.878132,-1.195157,-0.641761,0.114788
60.569652,1791353639.083536,-0.267859,-0.501035,0.880637,-1.178243,-0.687211,0.113880
60.589983,1791353639.103316,-0.291637,-0.514424,0.882999,-1.156333,-0.729553,0.110662
60.609753,1791353639.123784,-0.315565,-0.529252,0.885397,-1.133092,-0.773989,0.109996
60.634143,1791353639.144931,-0.337904,-0.544284,0.887708,-1.103529,-0.815879,0.110502
60.649656,1791353639.163601,-0.359038,-0.559841,0.889945,-1.070068,-0.855664,0.109877
60.669740,1791353639.184628,-0.380117,-0.577381,0.892116,-1.037621,-0.898037,0.106843
60.690094,1791353639.203247,-0.400617,-0.595134,0.894301,-1.005104,-0.937317,0.102445
60.710212,1791353639.223260,-0.419890,-0.613222,0.896307,-0.970310,-0.973912,0.095654
60.730708,1791353639.244480,-0.422697,-0.618813,0.896486,-0.891041,-0.963654,0.078647
60.749140,1791353639.265810,-0.441889,-0.639628,0.898244,-0.859238,-1.003394,0.067085
60.769896,1791353639.283595,-0.459822,-0.660546,0.899667,-0.824011,-1.039062,0.054897
60.789198,1791353639.303025,-0.477432,-0.682823,0.900935,-0.787185,-1.075398,0.048014
60.809235,1791353639.325977,-0.494580,-0.706324,0.902076,-0.748840,-1.111809,0.044889
60.829728,1791353639.344711,-0.497439,-0.713814,0.901984,-0.672890,-1.091010,0.038189
60.849609,1791353639.364950,-0.512840,-0.738384,0.903023,-0.632706,-1.125803,0.035148
60.869630,1791353639.385863,-0.526098,-0.761368,0.903868,-0.587682,-1.152300,0.030864
60.889699,1791353639.404177,-0.539492,-0.787012,0.904685,-0.543584,-1.184794,0.027004
60.909049,1791353639.429821,-0.552078,-0.813843,0.905438,-0.498011,-1.217991,0.024034
60.930807,1791353639.444131,-0.563234,-0.840222,0.906113,-0.450387,-1.246466,0.020539
60.949513,1791353639.466622,-0.571712,-0.865368,0.906476,-0.397349,-1.267730,0.015072
60.969555,1791353639.483866,-0.580505,-0.891955,0.906965,-0.347409,-1.291556,0.010749
60.989794,1791353639.505751,-0.588423,-0.919785,0.907410,-0.297088,-1.316726,0.006943
61.010431,1791353639.523288,-0.594968,-0.946914,0.907716,-0.246920,-1.336227,-0.001120
61.029624,1791353639.543481,-0.600295,-0.973674,0.907909,-0.195794,-1.351595,-0.006843
61.049015,1791353639.565184,-0.604680,-1.001605,0.907992,-0.144942,-1.367725,-0.012382
61.069080,1791353639.584379,-0.607898,-1.029144,0.908018,-0.093689,-1.379606,-0.016783
61.089641,1791353639.603380,-0.610115,-1.057759,0.907918,-0.042123,-1.391857,-0.020714
61.109472,1791353639.624076,-0.611245,-1.085807,0.907751,0.009754,-1.399238,-0.024100
61.129111,1791353639.643881,-0.611254,-1.115117,0.907435,0.061313,-1.407615,-0.032134
61.149296,1791353639.663860,-0.610254,-1.143444,0.907050,0.113281,-1.410618,-0.037976
61.169749,1791353639.683390,-0.608125,-1.172660,0.906496,0.165184,-1.414484,-0.045825
61.189670,1791353639.703643,-0.605007,-1.201082,0.905791,0.216193,-1.413984,-0.054211
61.209463,1791353639.724523,-0.600690,-1.230262,0.904906,0.268090,-1.414087,-0.061327
61.229184,1791353639.744850,-0.597583,-1.237874,0.904263,0.305739,-1.344980,-0.069902
61.249002,1791353639.764203,-0.591558,-1.266726,0.903077,0.356259,-1.343284,-0.079820
61.269570,1791353639.784737,-0.583913,-1.293491,0.901372,0.408173,-1.332641,-0.090536
61.289725,1791353639.803650,-0.575617,-1.322883,0.899726,0.459139,-1.328323,-0.100020
61.309523,1791353639.825271,-0.566510,-1.351102,0.897957,0.508069,-1.319006,-0.109236
61.329771,1791353639.844603,-0.556722,-1.378367,0.896062,0.555552,-1.305951,-0.117125
61.349430,1791353639.866042,-0.545623,-1.406124,0.893884,0.603235,-1.294053,-0.130024
61.369763,1791353639.884270,-0.534091,-1.432506,0.891554,0.648152,-1.277204,-0.146296
61.389316,1791353639.904510,-0.521206,-1.459314,0.888709,0.694247,-1.260295,-0.163568
61.409630,1791353639.924113,-0.506979,-1.486348,0.885445,0.740562,-1.242918,-0.181632
61.432638,1791353639.942939,-0.503015,-1.490352,0.884209,0.743766,-1.154921,-0.189949
61.456187,1791353639.963945,-0.486230,-1.517742,0.880223,0.793571,-1.139220,-0.197987
61.469693,1791353639.984049,-0.469038,-1.543775,0.876118,0.838831,-1.120095,-0.210452
61.489347,1791353640.004781,-0.451852,-1.565862,0.871812,0.879543,-1.088013,-0.219798
61.510183,1791353640.024337,-0.437394,-1.585510,0.868392,0.907422,-1.048087,-0.223868
61.529704,1791353640.043926,-0.431975,-1.590641,0.867116,0.899023,-0.965540,-0.221014
61.549093,1791353640.063780,-0.413639,-1.609544,0.862649,0.934111,-0.924366,-0.226050
61.570000,1791353640.084608,-0.394615,-1.627606,0.858076,0.967802,-0.881584,-0.231728
61.594610,1791353640.103932,-0.386889,-1.636105,0.856345,0.959652,-0.814899,-0.232582
61.609678,1791353640.123744,-0.371976,-1.650926,0.852806,0.975141,-0.767519,-0.237039
61.629384,1791353640.143570,-0.364853,-1.656039,0.851162,0.962222,-0.694302,-0.231270
61.667563,1791353640.184345,-0.307043,-1.702078,0.837926,1.071543,-0.641788,-0.244733
61.668508,1791353640.184345,-0.307043,-1.702078,0.837926,1.071543,-0.641788,-0.244733
61.689892,1791353640.204311,-0.285351,-1.714379,0.833064,1.097182,-0.588122,-0.241678
61.709022,1791353640.223902,-0.256893,-1.733236,0.826896,1.141887,-0.554752,-0.245977
61.729889,1791353640.245835,-0.227481,-1.750751,0.820625,1.186367,-0.518850,-0.249708
61.749490,1791353640.263955,-0.198646,-1.766294,0.814651,1.226229,-0.478690,-0.249122
61.787332,1791353640.304047,-0.145022,-1.788191,0.804083,1.282631,-0.380304,-0.241723
61.790410,1791353640.304047,-0.145022,-1.788191,0.804083,1.282631,-0.380304,-0.241723
61.809928,1791353640.325178,-0.119027,-1.798914,0.799203,1.303045,-0.335850,-0.237748
61.829273,1791353640.343966,-0.088197,-1.809327,0.793633,1.335094,-0.291562,-0.233893
61.910512,1791353640.426507,0.020540,-1.823526,0.776467,1.375438,-0.063676,-0.195837
61.932561,1791353640.444005,0.030472,-1.827391,0.774992,1.325108,-0.021329,-0.179114
61.947514,1791353640.465542,0.056961,-1.827252,0.771531,1.323015,0.035425,-0.166690
61.954531,1791353640.465542,0.056961,-1.827252,0.771531,1.323015,0.035425,-0.166690
61.974584,1791353640.483268,0.053733,-1.827119,0.772617,1.231107,0.080080,-0.142118
61.994307,1791353640.505060,0.099828,-1.831283,0.766713,1.286951,0.124898,-0.140925
62.014261,1791353640.524310,0.135494,-1.829800,0.762668,1.307280,0.181087,-0.130783
62.034515,1791353640.544169,0.169091,-1.826874,0.759154,1.320005,0.236568,-0.122217
62.054934,1791353640.564168,0.176900,-1.825289,0.758746,1.255166,0.277510,-0.101526
62.075319,1791353640.584575,0.211210,-1.819180,0.755735,1.271872,0.335735,-0.091678
62.094161,1791353640.604289,0.236541,-1.811924,0.754000,1.260977,0.389942,-0.080975
62.114122,1791353640.624809,0.269394,-1.803615,0.751545,1.272765,0.445698,-0.071305
62.134769,1791353640.644073,0.302303,-1.793639,0.749330,1.284059,0.500777,-0.066277
62.155683,1791353640.664994,0.337645,-1.782715,0.746842,1.302255,0.554868,-0.062911
62.174747,1791353640.684574,0.363564,-1.771109,0.745702,1.289145,0.605547,-0.051183
62.194318,1791353640.704365,0.393741,-1.757837,0.744255,1.287951,0.657648,-0.045181
62.214456,1791353640.724172,0.422564,-1.743842,0.743015,1.280586,0.706726,-0.042465
62.234596,1791353640.746319,0.449791,-1.729360,0.741934,1.265972,0.752947,-0.038540
62.253981,1791353640.768720,0.477162,-1.713362,0.740956,1.249705,0.799819,-0.034562
62.274303,1791353640.783455,0.503132,-1.696863,0.740117,1.227789,0.842798,-0.034196
62.294756,1791353640.804911,0.529122,-1.678908,0.739292,1.204827,0.885986,-0.035337
62.313741,1791353640.823868,0.554928,-1.659550,0.738500,1.179713,0.929852,-0.033777
62.334403,1791353640.844865,0.577663,-1.641208,0.737859,1.143253,0.966120,-0.026784
62.354535,1791353640.866456,0.601669,-1.620130,0.737411,1.110189,1.007521,-0.019722
62.374755,1791353640.883361,0.624137,-1.598857,0.737083,1.072075,1.044827,-0.013871
62.394219,1791353640.903894,0.645065,-1.577452,0.736850,1.029770,1.077866,-0.011148
62.414299,1791353640.925911,0.665446,-1.554796,0.736657,0.986692,1.110929,-0.010935
62.434683,1791353640.944645,0.684255,-1.532123,0.736493,0.939511,1.140293,-0.010032
62.454095,1791353640.963465,0.702439,-1.508203,0.736356,0.891593,1.170363,-0.008474
62.475187,1791353640.985100,0.719018,-1.484375,0.736301,0.839574,1.196714,-0.003776
62.494498,1791353641.003674,0.735301,-1.460193,0.736274,0.788308,1.221057,0.001569
62.515290,1791353641.024065,0.748886,-1.436380,0.736503,0.730121,1.240721,0.008446
62.534186,1791353641.044839,0.761709,-1.411302,0.736868,0.671404,1.261533,0.015432
62.554540,1791353641.064483,0.772987,-1.386479,0.737360,0.610008,1.278437,0.023956
62.574463,1791353641.082925,0.772633,-1.380191,0.737876,0.520548,1.229470,0.028880
62.594580,1791353641.104371,0.782204,-1.353382,0.738653,0.461386,1.249697,0.033629
62.613990,1791353641.123401,0.790309,-1.327015,0.739467,0.400373,1.266099,0.037680
62.634270,1791353641.146457,0.797396,-1.299611,0.740420,0.339577,1.283698,0.040484
62.654802,1791353641.163076,0.803068,-1.272723,0.741394,0.279346,1.297218,0.041174
62.674631,1791353641.182729,0.801933,-1.264464,0.741836,0.207048,1.248062,0.044687
62.694696,1791353641.204644,0.805729,-1.235584,0.743078,0.149104,1.268396,0.051406
62.713990,1791353641.225382,0.808267,-1.207209,0.744361,0.092322,1.285861,0.055425
62.734369,1791353641.243888,0.809678,-1.177854,0.745755,0.035895,1.305448,0.059483
62.755053,1791353641.264821,0.809843,-1.151664,0.746982,-0.019249,1.313228,0.062663
62.774635,1791353641.285485,0.809009,-1.122760,0.748485,-0.074089,1.328576,0.065884
62.795227,1791353641.305969,0.807048,-1.092910,0.750093,-0.127977,1.345222,0.067626
62.814741,1791353641.324508,0.803890,-1.062150,0.751808,-0.182137,1.362862,0.070528
62.834411,1791353641.343487,0.800079,-1.034162,0.753376,-0.233168,1.369518,0.071298
62.854271,1791353641.364105,0.795130,-1.005139,0.754985,-0.283924,1.377508,0.070546
62.874742,1791353641.386921,0.791938,-0.997697,0.755474,-0.318661,1.314814,0.068093
62.894746,1791353641.403477,0.784881,-0.966940,0.757118,-0.369545,1.327041,0.067170
62.913763,1791353641.423866,0.776627,-0.935539,0.758758,-0.420579,1.339003,0.064446
62.934507,1791353641.446209,0.767699,-0.905154,0.760282,-0.470314,1.344925,0.061539
62.955800,1791353641.464747,0.757804,-0.878338,0.761486,-0.519172,1.335972,0.059028
62.973988,1791353641.483396,0.747417,-0.849269,0.762842,-0.566841,1.330797,0.056598
62.994905,1791353641.504185,0.735777,-0.819725,0.764111,-0.614268,1.324040,0.050886
63.014166,1791353641.524760,0.722892,-0.789923,0.765284,-0.662790,1.315103,0.048107
63.034039,1791353641.543779,0.710492,-0.763341,0.766315,-0.705109,1.294775,0.044743
63.054459,1791353641.564056,0.696765,-0.736441,0.767295,-0.748277,1.274446,0.040811
63.074470,1791353641.584133,0.681677,-0.709504,0.768270,-0.793297,1.252676,0.040420
63.095196,1791353641.605614,0.666159,-0.684038,0.769283,-0.836020,1.225087,0.041040
63.114322,1791353641.626499,0.649308,-0.658569,0.770306,-0.878887,1.196718,0.040183
63.135602,1791353641.644065,0.632111,-0.634583,0.771254,-0.918216,1.163693,0.038397
63.157385,1791353641.664398,0.595477,-0.590214,0.772828,-0.991061,1.087781,0.033070
63.174461,1791353641.683270,0.595477,-0.590214,0.772828,-0.991061,1.087781,0.033070
63.194097,1791353641.707261,0.576250,-0.568932,0.773719,-1.025690,1.046712,0.036599
63.215055,1791353641.723720,0.557186,-0.549497,0.774758,-1.055308,1.000904,0.040189
63.234565,1791353641.744839,0.538362,-0.531806,0.775788,-1.080016,0.950527,0.045109
63.254608,1791353641.764146,0.516554,-0.513152,0.776948,-1.110645,0.904018,0.048281
63.274591,1791353641.783396,0.494834,-0.496155,0.778063,-1.136563,0.854034,0.047426
63.294809,1791353641.804605,0.471829,-0.479579,0.779010,-1.163509,0.803205,0.047303
63.322120,1791353641.823838,0.450088,-0.465415,0.780064,-1.183040,0.747546,0.046640
63.334450,1791353641.853528,0.427078,-0.451932,0.781136,-1.204358,0.691194,0.049834
63.354729,1791353641.864392,0.406042,-0.440996,0.782168,-1.216497,0.630226,0.053869
63.374693,1791353641.883249,0.381854,-0.429791,0.783354,-1.236577,0.572915,0.057120
63.394136,1791353641.903450,0.357861,-0.420281,0.784614,-1.253209,0.514422,0.058796
63.415010,1791353641.922999,0.334542,-0.412130,0.785728,-1.265059,0.456033,0.058275
63.434134,1791353641.943843,0.311406,-0.405202,0.786744,-1.273886,0.398167,0.055031
63.454367,1791353641.966314,0.287053,-0.399160,0.787715,-1.284454,0.340098,0.052469
63.474482,1791353641.984065,0.261541,-0.394038,0.788702,-1.296049,0.281327,0.051431
63.494589,1791353642.004240,0.236498,-0.390141,0.789575,-1.303070,0.222512,0.047478
63.514382,1791353642.023847,0.210401,-0.387343,0.790433,-1.311196,0.162113,0.045672
63.534833,1791353642.044266,0.184785,-0.385737,0.791287,-1.315702,0.100390,0.047012
63.553981,1791353642.063706,0.158418,-0.384320,0.792242,-1.320382,0.041452,0.047727
63.574754,1791353642.083900,0.133705,-0.385191,0.793019,-1.317108,-0.020406,0.046561
63.594294,1791353642.103491,0.129919,-0.388450,0.793107,-1.244797,-0.079524,0.045569
63.614171,1791353642.124124,0.101692,-0.391564,0.794138,-1.251472,-0.142710,0.048773
63.634055,1791353642.143491,0.075990,-0.395612,0.795012,-1.248625,-0.204146,0.053844
63.654922,1791353642.163514,0.049468,-0.400923,0.796118,-1.247324,-0.265302,0.059286
63.674745,1791353642.184511,0.023695,-0.407242,0.797291,-1.242497,-0.325025,0.064640
63.693923,1791353642.204201,0.017551,-0.411534,0.797758,-1.174927,-0.366841,0.067376
63.714234,1791353642.223595,-0.005833,-0.419432,0.799170,-1.163012,-0.422711,0.073773
63.733941,1791353642.244922,-0.034500,-0.429671,0.800821,-1.166806,-0.483440,0.080685
63.754106,1791353642.264148,-0.062032,-0.440640,0.802540,-1.166209,-0.541210,0.087248
63.774647,1791353642.283725,-0.088420,-0.452096,0.804298,-1.161409,-0.595058,0.093609
63.794568,1791353642.304508,-0.115189,-0.464833,0.806200,-1.157173,-0.647571,0.096662
63.814646,1791353642.324243,-0.142349,-0.478739,0.808164,-1.153732,-0.698879,0.094457
63.848001,1791353642.364036,-0.191094,-0.508663,0.812020,-1.125900,-0.797451,0.099685
63.854260,1791353642.364036,-0.191094,-0.508663,0.812020,-1.125900,-0.797451,0.099685
63.896398,1791353642.405110,-0.237593,-0.541485,0.816257,-1.087121,-0.888350,0.109989
63.929838,1791353642.445178,-0.275410,-0.568916,0.819849,-1.018780,-0.942355,0.107744
63.952806,1791353642.464415,-0.295460,-0.588175,0.822037,-0.985622,-0.983263,0.111251
63.999354,1791353642.504580,-0.283372,-0.595252,0.822198,-0.696693,-0.915989,0.100602
64.044979,1791353642.563805,-0.279738,-0.605180,0.822900,-0.534308,-0.883683,0.092046
64.093501,1791353642.604337,-0.320375,-0.650865,0.828701,-0.496537,-0.968384,0.097650
64.099297,1791353642.624990,-0.329831,-0.670491,0.830625,-0.448697,-0.994059,0.095237
64.128559,1791353642.644483,-0.353946,-0.693816,0.833894,-0.442374,-1.033585,0.099555
64.135637,1791353642.644483,-0.353946,-0.693816,0.833894,-0.442374,-1.033585,0.099555
64.155769,1791353642.666971,-0.384469,-0.731686,0.838970,-0.452287,-1.115727,0.107618
64.186885,1791353642.704699,-0.434007,-0.803493,0.848196,-0.445021,-1.255414,0.115287
64.214058,1791353642.725027,-0.442457,-0.828916,0.850457,-0.399711,-1.286637,0.110995
64.216140,1791353642.725027,-0.442457,-0.828916,0.850457,-0.399711,-1.286637,0.110995
64.243903,1791353642.764026,-0.467940,-0.869672,0.855098,-0.346465,-1.314637,0.095568
64.260298,1791353642.784944,-0.474738,-0.897566,0.856993,-0.300795,-1.341359,0.084306
64.283280,1791353642.806634,-0.492149,-0.936817,0.860831,-0.287106,-1.400713,0.077616
64.333762,1791353642.848690,-0.512894,-0.986263,0.864859,-0.228079,-1.418058,0.061297
64.345504,1791353642.865176,-0.516993,-1.014769,0.866008,-0.181463,-1.431977,0.054219
64.362277,1791353642.885246,-0.520437,-1.020378,0.866210,-0.141142,-1.376049,0.042077
64.386007,1791353642.904236,-0.531094,-1.063187,0.869309,-0.112481,-1.427908,0.042180
64.410778,1791353642.927380,-0.532844,-1.091795,0.870102,-0.062357,-1.432277,0.037154
64.420939,1791353642.944317,-0.541057,-1.130912,0.872868,-0.030144,-1.465379,0.034294
64.435167,1791353642.944317,-0.541057,-1.130912,0.872868,-0.030144,-1.465379,0.034294
64.455412,1791353642.968384,-0.547469,-1.158167,0.875224,-0.017181,-1.500147,0.035746
64.480767,1791353642.984160,-0.552188,-1.198235,0.877558,0.025413,-1.529842,0.035024
64.495500,1791353643.007522,-0.555142,-1.236222,0.879619,0.070474,-1.548722,0.030805
64.515545,1791353643.026228,-0.556642,-1.247003,0.880250,0.111162,-1.480764,0.021807
64.535328,1791353643.043864,-0.556263,-1.285490,0.881805,0.161072,-1.498352,0.017009
64.555326,1791353643.064523,-0.552496,-1.315352,0.882012,0.215582,-1.487446,0.003330
64.585781,1791353643.104753,-0.545703,-1.395195,0.884468,0.319251,-1.521926,-0.015196
64.595393,1791353643.104753,-0.545703,-1.395195,0.884468,0.319251,-1.521926,-0.015196
64.615350,1791353643.123908,-0.541488,-1.422407,0.884669,0.364209,-1.495338,-0.030663
64.635325,1791353643.143874,-0.533670,-1.452107,0.883912,0.417223,-1.474114,-0.044915
64.655680,1791353643.165065,-0.524794,-1.485488,0.883410,0.469886,-1.462281,-0.054570
64.677325,1791353643.186013,-0.514903,-1.517101,0.882666,0.521443,-1.443043,-0.062226
64.695930,1791353643.204341,-0.503265,-1.548532,0.881598,0.574355,-1.421736,-0.071090
64.715238,1791353643.223760,-0.489907,-1.579578,0.880245,0.629203,-1.397124,-0.078067
64.735732,1791353643.244833,-0.475676,-1.608324,0.878714,0.682362,-1.363716,-0.083010
64.755404,1791353643.263484,-0.460677,-1.635244,0.877051,0.733081,-1.323566,-0.087418
64.775442,1791353643.283839,-0.443926,-1.661666,0.875212,0.785333,-1.281224,-0.092773
64.795729,1791353643.305480,-0.425455,-1.687384,0.873187,0.839543,-1.235943,-0.098443
64.816108,1791353643.324531,-0.406330,-1.711182,0.871052,0.891632,-1.184736,-0.105170
64.834932,1791353643.343868,-0.386612,-1.733202,0.868797,0.940672,-1.129365,-0.113619
64.855233,1791353643.366077,-0.365210,-1.754455,0.866244,0.989603,-1.074190,-0.124601
64.894608,1791353643.404163,-0.322299,-1.793656,0.860757,1.072764,-0.960127,-0.138329
64.896493,1791353643.404972,-0.312313,-1.796072,0.859518,1.065325,-0.853987,-0.134699
64.916310,1791353643.423048,-0.312313,-1.796072,0.859518,1.065325,-0.853987,-0.134699
64.936391,1791353643.444588,-0.290686,-1.812588,0.856803,1.096684,-0.797560,-0.136530
64.956832,1791353643.464254,-0.264863,-1.827276,0.853666,1.136839,-0.738481,-0.137644
64.977182,1791353643.483854,-0.237601,-1.841056,0.850466,1.177129,-0.679933,-0.135674
64.997191,1791353643.504724,-0.210451,-1.853220,0.847417,1.212113,-0.620403,-0.131367
65.017231,1791353643.523795,-0.183571,-1.863704,0.844480,1.241204,-0.560649,-0.128882
65.036788,1791353643.544834,-0.155396,-1.873359,0.841594,1.270457,-0.501719,-0.124764
65.057017,1791353643.565447,-0.097083,-1.889327,0.836087,1.323453,-0.384326,-0.117670
65.081443,1791353643.603255,-0.070486,-1.896474,0.833726,1.335650,-0.330240,-0.118429
65.096658,1791353643.603255,-0.070486,-1.896474,0.833726,1.335650,-0.330240,-0.118429
65.117153,1791353643.625094,-0.041891,-1.901209,0.831089,1.351368,-0.270473,-0.117904
65.136305,1791353643.644011,-0.012195,-1.904998,0.828386,1.367385,-0.210659,-0.117110
65.157136,1791353643.664664,0.016788,-1.907526,0.825837,1.377571,-0.150745,-0.116796
65.179063,1791353643.704339,0.075542,-1.909335,0.820783,1.391172,-0.029642,-0.113865
65.196343,1791353643.704339,0.075542,-1.909335,0.820783,1.391172,-0.029642,-0.113865
65.217756,1791353643.726874,0.105181,-1.908472,0.818284,1.395041,0.031112,-0.114711
65.236255,1791353643.745457,0.133046,-1.907274,0.815980,1.390905,0.088604,-0.115833
65.257099,1791353643.764768,0.161385,-1.904154,0.813578,1.386324,0.148305,-0.117825
65.277477,1791353643.785985,0.190458,-1.899881,0.811100,1.382330,0.208544,-0.118100
65.297212,1791353643.804074,0.218102,-1.894682,0.808768,1.372034,0.268175,-0.115043
65.316885,1791353643.826476,0.246393,-1.888203,0.806395,1.362922,0.326734,-0.115772
65.336757,1791353643.844817,0.273609,-1.880848,0.804115,1.349264,0.383818,-0.114089
65.356566,1791353643.864013,0.301670,-1.872090,0.801774,1.337767,0.441049,-0.113000
65.377518,1791353643.886032,0.354531,-1.852171,0.797466,1.302282,0.550230,-0.105766
65.396702,1791353643.903715,0.354531,-1.852171,0.797466,1.302282,0.550230,-0.105766
65.417248,1791353643.924475,0.380835,-1.840467,0.795473,1.283255,0.604307,-0.100832
65.436410,1791353643.944471,0.385310,-1.835690,0.795360,1.193482,0.624944,-0.087118
65.457095,1791353643.964249,0.410726,-1.822368,0.793681,1.173197,0.677840,-0.079471
65.477121,1791353643.983808,0.436489,-1.807490,0.792056,1.153139,0.730691,-0.074976
65.496543,1791353644.006116,0.462324,-1.791268,0.790529,1.132348,0.782963,-0.070826
65.516862,1791353644.023809,0.486835,-1.774540,0.789185,1.106945,0.831593,-0.065688
65.536602,1791353644.043712,0.509861,-1.757624,0.788058,1.077130,0.876001,-0.059308
65.556343,1791353644.063976,0.532994,-1.739114,0.787051,1.047215,0.922591,-0.049357
65.577310,1791353644.084237,0.554798,-1.720236,0.786304,1.013202,0.966266,-0.039506
65.596546,1791353644.104305,0.575288,-1.701039,0.785784,0.975021,1.006810,-0.031023
65.617492,1791353644.127833,0.594488,-1.681551,0.785431,0.933416,1.043719,-0.025356
65.636803,1791353644.144135,0.613443,-1.660707,0.785165,0.892538,1.081138,-0.020632
65.656574,1791353644.164665,0.647284,-1.618842,0.784968,0.806180,1.145252,-0.011732
65.681450,1791353644.204665,0.663164,-1.596670,0.784975,0.764348,1.176184,-0.012255
65.696500,1791353644.204665,0.663164,-1.596670,0.784975,0.764348,1.176184,-0.012255
65.717192,1791353644.224787,0.678775,-1.572801,0.784979,0.722495,1.210513,-0.009730
65.737301,1791353644.245867,0.692955,-1.549280,0.785058,0.678362,1.240075,-0.007113
65.757863,1791353644.264252,0.706578,-1.524395,0.785166,0.635002,1.270514,-0.007287
65.776728,1791353644.288337,0.718966,-1.499588,0.785260,0.589790,1.297094,-0.007422
65.796912,1791353644.304946,0.730683,-1.473525,0.785424,0.543249,1.325196,-0.003664
65.817404,1791353644.323907,0.741065,-1.446748,0.785357,0.494778,1.351893,-0.004063
65.836660,1791353644.345271,0.758481,-1.395468,0.785894,0.393251,1.388134,0.002027
65.856566,1791353644.363454,0.758481,-1.395468,0.785894,0.393251,1.388134,0.002027
65.878031,1791353644.385011,0.772214,-1.340840,0.786731,0.290676,1.422552,0.006076
65.896941,1791353644.403948,0.772214,-1.340840,0.786731,0.290676,1.422552,0.006076
65.921617,1791353644.444555,0.781476,-1.286108,0.787746,0.183909,1.446697,0.012911
65.937868,1791353644.444555,0.781476,-1.286108,0.787746,0.183909,1.446697,0.012911
65.956818,1791353644.464320,0.784530,-1.257803,0.788274,0.131228,1.457509,0.010276
65.976642,1791353644.484196,0.786470,-1.229954,0.788785,0.076849,1.464227,0.012985
65.996603,1791353644.504177,0.787459,-1.200575,0.789069,0.021999,1.473009,0.015330
66.017086,1791353644.525918,0.785859,-1.145599,0.790476,-0.089416,1.470520,0.026107
66.037380,1791353644.543517,0.785859,-1.145599,0.790476,-0.089416,1.470520,0.026107
66.056734,1791353644.563870,0.783495,-1.118161,0.791293,-0.144816,1.466030,0.031198
66.077059,1791353644.584273,0.779947,-1.089754,0.792271,-0.201030,1.462766,0.038654
66.097114,1791353644.605438,0.775485,-1.062472,0.793319,-0.255460,1.454045,0.045228
66.117605,1791353644.624680,0.769704,-1.033846,0.794510,-0.310812,1.448148,0.052455
66.137332,1791353644.644401,0.763123,-1.006469,0.795841,-0.365176,1.436237,0.061619
66.156911,1791353644.663756,0.755276,-0.977836,0.797122,-0.419431,1.426463,0.066464
66.176802,1791353644.684276,0.746956,-0.952098,0.798682,-0.470366,1.405793,0.071282
66.197202,1791353644.704588,0.737296,-0.925559,0.800377,-0.521926,1.386507,0.076013
66.217215,1791353644.724179,0.726878,-0.899922,0.802115,-0.571864,1.363258,0.080718
66.238352,1791353644.747178,0.715083,-0.873680,0.803911,-0.621558,1.341042,0.080108
66.262463,1791353644.783839,0.688772,-0.822930,0.807319,-0.719249,1.286424,0.078235
66.276513,1791353644.783839,0.688772,-0.822930,0.807319,-0.719249,1.286424,0.078235
66.301649,1791353644.824075,0.658693,-0.774183,0.810526,-0.815257,1.220962,0.078172
66.316980,1791353644.824075,0.658693,-0.774183,0.810526,-0.815257,1.220962,0.078172
66.338048,1791353644.845468,0.643229,-0.752462,0.812157,-0.858914,1.179201,0.080156
66.356365,1791353644.865524,0.625065,-0.729112,0.814023,-0.908588,1.141931,0.084940
66.377350,1791353644.884238,0.606481,-0.707223,0.815907,-0.955304,1.100575,0.089258
66.397448,1791353644.904709,0.586283,-0.685454,0.817965,-1.003199,1.059483,0.093023
66.417533,1791353644.925806,0.565760,-0.665091,0.819929,-1.047397,1.015420,0.094327
66.437474,1791353644.943927,0.545209,-0.646417,0.821812,-1.087015,0.967817,0.093960
66.456736,1791353644.964256,0.539091,-0.643934,0.822313,-1.071444,0.874581,0.090686
66.477161,1791353644.985217,0.515479,-0.625524,0.824360,-1.115879,0.831303,0.090463
66.496983,1791353645.003902,0.491727,-0.608441,0.826277,-1.155836,0.786581,0.085907
66.517373,1791353645.026212,0.466509,-0.591924,0.828231,-1.197468,0.740793,0.085959
66.536745,1791353645.044994,0.441202,-0.576780,0.830146,-1.235283,0.692634,0.087969
66.556721,1791353645.070760,0.401584,-0.555723,0.832849,-1.289284,0.620633,0.085842
66.576938,1791353645.083988,0.374445,-0.542921,0.834849,-1.323461,0.570549,0.088716
66.602221,1791353645.124480,0.320450,-0.521648,0.838447,-1.378250,0.467387,0.083927
66.616739,1791353645.124480,0.320450,-0.521648,0.838447,-1.378250,0.467387,0.083927
66.637517,1791353645.145526,0.291695,-0.511850,0.840291,-1.405822,0.416811,0.082004
66.656310,1791353645.164598,0.263253,-0.503372,0.842050,-1.428736,0.364097,0.082080
66.676905,1791353645.184999,0.257090,-0.504729,0.842307,-1.375091,0.291371,0.075129
66.706241,1791353645.224182,0.195319,-0.491491,0.845811,-1.421822,0.189805,0.071245
66.716567,1791353645.224182,0.195319,-0.491491,0.845811,-1.421822,0.189805,0.071245
66.736973,1791353645.248661,0.163568,-0.486477,0.847580,-1.441968,0.137152,0.073944
66.756735,1791353645.265706,0.129500,-0.481394,0.849667,-1.465948,0.086644,0.079722
66.776668,1791353645.284261,0.100130,-0.480242,0.851299,-1.470398,0.028358,0.083813
66.797582,1791353645.303942,0.083557,-0.478639,0.852378,-1.477858,0.002481,0.088712
66.816743,1791353645.325379,0.038230,-0.478512,0.855331,-1.481035,-0.081909,0.095630
66.838939,1791353645.344560,0.006785,-0.479483,0.857534,-1.484012,-0.137408,0.100019
66.856683,1791353645.366029,-0.035176,-0.484423,0.860806,-1.416206,-0.239565,0.105506
66.877589,1791353645.384220,-0.068446,-0.488996,0.863415,-1.419975,-0.295384,0.113056
66.900655,1791353645.424925,-0.100557,-0.494681,0.866132,-1.417788,-0.349097,0.116700
66.916995,1791353645.424925,-0.100557,-0.494681,0.866132,-1.417788,-0.349097,0.116700
66.937285,1791353645.443865,-0.131221,-0.500969,0.868683,-1.409144,-0.399741,0.117188
66.956273,1791353645.464005,-0.162331,-0.508780,0.871338,-1.399995,-0.451625,0.117445
66.976758,1791353645.485290,-0.174691,-0.513174,0.872480,-1.329902,-0.483720,0.116210
66.997456,1791353645.504453,-0.206038,-0.523473,0.875338,-1.320521,-0.537646,0.121236
67.016711,1791353645.525197,-0.232186,-0.534736,0.877769,-1.293782,-0.588444,0.121741
67.036999,1791353645.545079,-0.261618,-0.546669,0.880624,-1.277308,-0.638132,0.121294
67.056505,1791353645.567090,-0.276890,-0.552233,0.882027,-1.271021,-0.660052,0.119884
67.076864,1791353645.583693,-0.317586,-0.573055,0.885916,-1.234211,-0.733218,0.121637
67.101654,1791353645.625420,-0.360175,-0.596665,0.890242,-1.204462,-0.805401,0.119378
67.116754,1791353645.625420,-0.360175,-0.596665,0.890242,-1.204462,-0.805401,0.119378
67.136577,1791353645.645950,-0.385252,-0.612676,0.892797,-1.174349,-0.848733,0.118950
67.157379,1791353645.664845,-0.410248,-0.630157,0.895355,-1.145021,-0.891940,0.115736
67.176885,1791353645.686691,-0.437117,-0.651234,0.898084,-1.069385,-0.929747,0.110776
67.201041,1791353645.723895,-0.473128,-0.682292,0.901928,-1.024149,-0.993973,0.107770
67.216730,1791353645.723895,-0.473128,-0.682292,0.901928,-1.024149,-0.993973,0.107770
67.236994,1791353645.745894,-0.494221,-0.702608,0.904228,-0.986091,-1.029475,0.105450
67.256528,1791353645.765524,-0.514927,-0.724256,0.906457,-0.948299,-1.064867,0.100745
67.277843,1791353645.785890,-0.539215,-0.754780,0.908958,-0.827384,-1.079872,0.084037
67.296468,1791353645.804317,-0.539215,-0.754780,0.908958,-0.827384,-1.079872,0.084037
67.317086,1791353645.824921,-0.555297,-0.776647,0.910594,-0.780354,-1.106417,0.080307
67.336670,1791353645.845058,-0.572939,-0.801278,0.912468,-0.739175,-1.139092,0.078421
67.356470,1791353645.864452,-0.589093,-0.825765,0.914187,-0.696062,-1.167016,0.072118
67.376800,1791353645.884409,-0.604621,-0.851417,0.915855,-0.651575,-1.195936,0.070012
67.397064,1791353645.906215,-0.631980,-0.903105,0.918906,-0.557947,-1.245416,0.062709
67.416774,1791353645.923288,-0.631980,-0.903105,0.918906,-0.557947,-1.245416,0.062709
67.436857,1791353645.946147,-0.643857,-0.929202,0.920292,-0.509056,-1.266958,0.058961
67.462015,1791353645.965633,-0.664606,-0.983530,0.922871,-0.410061,-1.308191,0.048478
67.476659,1791353645.986668,-0.664606,-0.983530,0.922871,-0.410061,-1.308191,0.048478
67.496922,1791353646.004084,-0.672267,-1.009833,0.923795,-0.355747,-1.321613,0.044412
67.516214,1791353646.024541,-0.679560,-1.036200,0.924740,-0.303981,-1.332310,0.037986
67.537542,1791353646.044466,-0.685948,-1.063648,0.925637,-0.252149,-1.343719,0.031834
67.556423,1791353646.065422,-0.691105,-1.090653,0.926360,-0.198913,-1.351093,0.028332
67.576636,1791353646.084264,-0.695248,-1.118644,0.927046,-0.145803,-1.359120,0.023350
67.596782,1791353646.104299,-0.698294,-1.147501,0.927679,-0.091043,-1.367629,0.021904
67.617561,1791353646.124396,-0.700102,-1.175645,0.928301,-0.035804,-1.371562,0.020407
67.637952,1791353646.143967,-0.700798,-1.202713,0.928850,0.018799,-1.369998,0.017764
67.656913,1791353646.165218,-0.698785,-1.257782,0.929903,0.127941,-1.364663,0.012371
67.676722,1791353646.184289,-0.695671,-1.285023,0.930081,0.183211,-1.359098,0.004382
67.697204,1791353646.203557,-0.695671,-1.285023,0.930081,0.183211,-1.359098,0.004382
67.716461,1791353646.224250,-0.692162,-1.310796,0.930212,0.234838,-1.348185,-0.009068
67.738000,1791353646.245888,-0.687441,-1.337449,0.930084,0.287580,-1.338961,-0.022493
67.757474,1791353646.264697,-0.681813,-1.363270,0.929662,0.338768,-1.325887,-0.037840
67.777022,1791353646.284442,-0.674889,-1.389710,0.928951,0.391274,-1.313258,-0.050351
67.796861,1791353646.304724,-0.671098,-1.396007,0.928126,0.423831,-1.237065,-0.063389
67.816812,1791353646.324663,-0.661763,-1.423507,0.926870,0.477715,-1.227720,-0.075255
67.837373,1791353646.344654,-0.651779,-1.449715,0.925459,0.529613,-1.213485,-0.086960
67.857055,1791353646.364651,-0.640366,-1.476167,0.923771,0.583237,-1.199092,-0.096383
67.877234,1791353646.386379,-0.628229,-1.501566,0.921917,0.635168,-1.180700,-0.105762
67.896872,1791353646.405047,-0.608614,-1.532892,0.918681,0.707185,-1.083439,-0.121259
67.916567,1791353646.423416,-0.608614,-1.532892,0.918681,0.707185,-1.083439,-0.121259
67.937660,1791353646.445300,-0.593220,-1.557492,0.916259,0.758551,-1.062666,-0.129472
67.956511,1791353646.464310,-0.576392,-1.582104,0.913557,0.810203,-1.042374,-0.140088
67.976785,1791353646.486263,-0.559064,-1.605452,0.910727,0.859400,-1.018761,-0.150158
67.996777,1791353646.504287,-0.552696,-1.611273,0.909503,0.863142,-0.943489,-0.156709
68.016709,1791353646.525512,-0.533726,-1.633475,0.906271,0.910181,-0.920975,-0.170407
68.036882,1791353646.548857,-0.513350,-1.655567,0.902663,0.958019,-0.898205,-0.182487
68.056517,1791353646.564751,-0.491559,-1.677444,0.898720,1.006885,-0.874956,-0.194112
68.076602,1791353646.584834,-0.469510,-1.698108,0.894667,1.052260,-0.848573,-0.208223
68.096942,1791353646.604240,-0.461525,-1.703646,0.892928,1.044398,-0.776698,-0.211475
68.116890,1791353646.624693,-0.436868,-1.723723,0.888268,1.094154,-0.749210,-0.221946
68.136818,1791353646.644851,-0.385822,-1.760727,0.878532,1.185903,-0.686653,-0.238888
68.156982,1791353646.663413,-0.385822,-1.760727,0.878532,1.185903,-0.686653,-0.238888
68.176750,1791353646.683805,-0.359546,-1.777628,0.873590,1.227208,-0.651102,-0.240604
68.197044,1791353646.704710,-0.349098,-1.782961,0.871691,1.207838,-0.583800,-0.232608
68.216595,1791353646.724720,-0.320544,-1.798636,0.866503,1.248037,-0.547561,-0.235161
68.236726,1791353646.744406,-0.292157,-1.812923,0.861424,1.282731,-0.507374,-0.233855
68.256769,1791353646.764065,-0.262594,-1.826398,0.856357,1.317041,-0.465967,-0.228464
68.276673,1791353646.784304,-0.233336,-1.838510,0.851562,1.346202,-0.423713,-0.221418
68.296377,1791353646.805356,-0.222056,-1.842048,0.850092,1.310731,-0.361578,-0.199504
68.316940,1791353646.824965,-0.190874,-1.852499,0.845649,1.342640,-0.321468,-0.190131
68.337536,1791353646.844777,-0.160147,-1.861700,0.841478,1.369436,-0.281345,-0.184319
68.356691,1791353646.865726,-0.128432,-1.869976,0.837391,1.396216,-0.240446,-0.178272
68.376862,1791353646.884547,-0.097279,-1.877064,0.833534,1.417120,-0.198592,-0.173199
68.403201,1791353646.923862,-0.038300,-1.885626,0.826616,1.436096,-0.105003,-0.164351
68.416649,1791353646.923862,-0.038300,-1.885626,0.826616,1.436096,-0.105003,-0.164351
68.438487,1791353646.944177,-0.006894,-1.889670,0.823118,1.447203,-0.060639,-0.162233
68.456462,1791353646.964861,0.023672,-1.892485,0.819805,1.453016,-0.014994,-0.160046
68.478809,1791353646.990789,0.086993,-1.894544,0.813078,1.465373,0.079794,-0.157998
68.505557,1791353647.024274,0.117956,-1.893816,0.809825,1.465977,0.127832,-0.160044
68.516471,1791353647.024274,0.117956,-1.893816,0.809825,1.465977,0.127832,-0.160044
68.536908,1791353647.045184,0.147586,-1.892035,0.806701,1.460253,0.175948,-0.161037
68.557395,1791353647.066297,0.177807,-1.888957,0.803444,1.454607,0.224600,-0.164081
68.576635,1791353647.085194,0.206944,-1.884854,0.800277,1.443195,0.273917,-0.162584
68.596452,1791353647.105577,0.248862,-1.876509,0.795679,1.417022,0.347600,-0.160614
68.617034,1791353647.125690,0.262989,-1.872906,0.794070,1.408144,0.372829,-0.161312
68.636768,1791353647.144137,0.290816,-1.865545,0.790996,1.387970,0.421664,-0.160318
68.656925,1791353647.165312,0.317449,-1.857293,0.788021,1.362669,0.470050,-0.156964
68.687184,1791353647.204635,0.371516,-1.836411,0.782000,1.312076,0.569332,-0.150963
68.696985,1791353647.204635,0.371516,-1.836411,0.782000,1.312076,0.569332,-0.150963
68.717195,1791353647.224743,0.377097,-1.832121,0.781474,1.220180,0.587887,-0.139030
68.736579,1791353647.246892,0.402826,-1.819067,0.778536,1.192161,0.637341,-0.135278
68.757477,1791353647.264828,0.428475,-1.804557,0.775649,1.163250,0.688154,-0.128026
68.781451,1791353647.304189,0.486110,-1.765971,0.769427,1.073319,0.801612,-0.110322
68.796207,1791353647.304189,0.486110,-1.765971,0.769427,1.073319,0.801612,-0.110322
68.816465,1791353647.324611,0.496744,-1.757850,0.768338,1.053354,0.822369,-0.107504
68.836864,1791353647.345954,0.518431,-1.739964,0.766061,1.015322,0.867014,-0.102212
68.856525,1791353647.365602,0.558700,-1.701863,0.761842,0.932264,0.954844,-0.087977
68.876269,1791353647.383472,0.558700,-1.701863,0.761842,0.932264,0.954844,-0.087977
68.897562,1791353647.404523,0.578200,-1.680594,0.759904,0.890569,1.000723,-0.081709
68.916840,1791353647.424535,0.596247,-1.659019,0.758090,0.846411,1.043320,-0.077089
68.936697,1791353647.444621,0.612675,-1.637422,0.756430,0.799091,1.082211,-0.071785
68.957108,1791353647.463699,0.628591,-1.614324,0.754875,0.751574,1.122995,-0.064706
68.976936,1791353647.484011,0.643129,-1.591060,0.753521,0.702137,1.160586,-0.057290
68.996760,1791353647.505754,0.662570,-1.555899,0.751892,0.625823,1.211061,-0.044646
69.016872,1791353647.524147,0.668705,-1.543705,0.751463,0.600960,1.227571,-0.041103
69.037083,1791353647.546803,0.680208,-1.518325,0.750542,0.550690,1.261158,-0.034777
69.056908,1791353647.564876,0.690461,-1.492976,0.749754,0.499038,1.291148,-0.027634
69.076552,1791353647.584191,0.700040,-1.466132,0.749076,0.447679,1.322354,-0.021193
69.096564,1791353647.604426,0.708857,-1.437811,0.748493,0.396121,1.354552,-0.014160
69.118353,1791353647.626627,0.716391,-1.409802,0.748063,0.344314,1.381181,-0.010201
69.136521,1791353647.646219,0.722682,-1.382360,0.747726,0.291482,1.402221,-0.004666
69.156934,1791353647.664393,0.728102,-1.353575,0.747558,0.238405,1.424405,0.002999
69.176465,1791353647.683872,0.734151,-1.310644,0.747635,0.158400,1.450012,0.016009
69.196548,1791353647.704909,0.736845,-1.282894,0.747891,0.104865,1.459878,0.025405
69.216831,1791353647.724954,0.735465,-1.273941,0.748360,0.047640,1.405459,0.033787
69.237268,1791353647.745439,0.735881,-1.245750,0.749111,-0.006368,1.413042,0.041948
69.257873,1791353647.765225,0.735921,-1.215313,0.749891,-0.059070,1.424800,0.050083
69.276842,1791353647.786183,0.734925,-1.183887,0.750864,-0.111637,1.436354,0.056377
69.297039,1791353647.804701,0.733060,-1.153591,0.751893,-0.163570,1.441276,0.062822
69.317259,1791353647.824319,0.729956,-1.122167,0.753203,-0.217306,1.446755,0.072218
69.336448,1791353647.844410,0.726035,-1.091957,0.754601,-0.269399,1.445820,0.079624
69.357178,1791353647.864300,0.720936,-1.061046,0.756210,-0.321615,1.444769,0.085285
69.377667,1791353647.886216,0.714971,-1.031181,0.757864,-0.372670,1.438254,0.089906
69.401647,1791353647.924511,0.699393,-0.974308,0.761539,-0.476302,1.410182,0.103000
69.416248,1791353647.924511,0.699393,-0.974308,0.761539,-0.476302,1.410182,0.103000
69.437325,1791353647.944687,0.690518,-0.945424,0.763587,-0.526509,1.394854,0.112097
69.456373,1791353647.964257,0.680891,-0.917765,0.765806,-0.575192,1.373764,0.122194
69.476262,1791353647.984873,0.669944,-0.889669,0.768275,-0.623735,1.352419,0.129669
69.496479,1791353648.004944,0.657652,-0.861361,0.770976,-0.672533,1.330100,0.136873
69.516661,1791353648.024270,0.644752,-0.834475,0.773767,-0.719039,1.302144,0.144392
69.536661,1791353648.045825,0.639849,-0.830288,0.774779,-0.729540,1.206088,0.142937
69.558121,1791353648.064909,0.631379,-0.813804,0.776617,-0.756946,1.197042,0.146108
69.576867,1791353648.087459,0.616036,-0.787986,0.779737,-0.803245,1.166907,0.152495
69.596635,1791353648.104830,0.598544,-0.761393,0.783293,-0.852401,1.133326,0.159937
69.617009,1791353648.125567,0.581439,-0.737492,0.786677,-0.895868,1.097243,0.166052
69.637025,1791353648.144932,0.576372,-0.733356,0.787630,-0.888755,1.002135,0.159878
69.656946,1791353648.164032,0.556896,-0.709937,0.791266,-0.933982,0.968759,0.164244
69.677197,1791353648.184767,0.537148,-0.688114,0.794907,-0.977282,0.930078,0.171749
69.696237,1791353648.204233,0.517205,-0.669999,0.798385,-1.016526,0.881254,0.175242
69.718284,1791353648.225590,0.474504,-0.631906,0.805946,-1.093666,0.795709,0.177608
69.736701,1791353648.244630,0.474504,-0.631906,0.805946,-1.093666,0.795709,0.177608
69.757477,1791353648.264472,0.450691,-0.613680,0.810068,-1.135322,0.752248,0.181516
69.776424,1791353648.285270,0.427131,-0.597065,0.813910,-1.171922,0.707543,0.180167
69.796505,1791353648.304344,0.402140,-0.581160,0.817863,-1.210688,0.662278,0.181831
69.817314,1791353648.325819,0.378857,-0.567599,0.821385,-1.238818,0.614687,0.175106
69.836171,1791353648.344702,0.354049,-0.554709,0.824925,-1.269149,0.566909,0.171909
69.857409,1791353648.366854,0.327806,-0.542563,0.828490,-1.300068,0.520390,0.166348
69.877047,1791353648.384656,0.301722,-0.531785,0.831816,-1.326673,0.472469,0.161351
69.896799,1791353648.403861,0.274935,-0.522838,0.834979,-1.351505,0.422110,0.154719
69.921404,1791353648.444630,0.221494,-0.506513,0.840992,-1.389107,0.323389,0.146780
69.937335,1791353648.444630,0.221494,-0.506513,0.840992,-1.389107,0.323389,0.146780
69.957022,1791353648.464454,0.192454,-0.499688,0.844142,-1.409098,0.272839,0.144427
69.977489,1791353648.484692,0.164267,-0.494181,0.847073,-1.422306,0.221380,0.140754
69.996917,1791353648.505235,0.134951,-0.489649,0.850019,-1.435674,0.168795,0.139205
70.016328,1791353648.528808,0.106237,-0.486353,0.852821,-1.443626,0.115456,0.136656
70.036388,1791353648.544931,0.078496,-0.484333,0.855519,-1.445355,0.060184,0.137486
70.057099,1791353648.564943,0.049701,-0.483442,0.858301,-1.447828,0.005113,0.135092
70.077139,1791353648.584518,0.021549,-0.483694,0.860917,-1.445525,-0.050550,0.133180
70.096368,1791353648.605018,-0.007344,-0.485274,0.863569,-1.443248,-0.107052,0.130413
70.118878,1791353648.625736,-0.034237,-0.487628,0.866027,-1.432208,-0.161774,0.126468
70.137100,1791353648.646712,-0.062102,-0.491221,0.868507,-1.422274,-0.216921,0.121847
70.157010,1791353648.664733,-0.067675,-0.494180,0.868746,-1.340481,-0.259171,0.108207
70.209036,1791353648.728963,-0.149975,-0.514976,0.875249,-1.302136,-0.422817,0.093802
70.226287,1791353648.744975,-0.171248,-0.521757,0.876815,-1.268977,-0.466260,0.084415
70.236230,1791353648.744975,-0.171248,-0.521757,0.876815,-1.268977,-0.466260,0.084415
70.250476,1791353648.765028,-0.201366,-0.532772,0.879051,-1.262269,-0.523059,0.081108
70.271061,1791353648.784090,-0.229861,-0.544368,0.880967,-1.250143,-0.576117,0.073074
70.291636,1791353648.804744,-0.258584,-0.557326,0.882768,-1.237857,-0.630134,0.066862
70.310604,1791353648.824217,-0.285867,-0.571109,0.884398,-1.220481,-0.682877,0.061940
70.330892,1791353648.845089,-0.311611,-0.585226,0.885835,-1.198809,-0.731522,0.053785
70.350927,1791353648.866291,-0.337572,-0.600753,0.887055,-1.177436,-0.781332,0.048001
70.370973,1791353648.884393,-0.362238,-0.616757,0.888138,-1.152634,-0.827494,0.040076
70.391322,1791353648.904378,-0.384994,-0.633751,0.888834,-1.122583,-0.871634,0.029497
70.410754,1791353648.927080,-0.409297,-0.652337,0.889605,-1.097305,-0.916987,0.020439
70.430449,1791353648.944820,-0.432039,-0.670858,0.890062,-1.068001,-0.957123,0.010296
70.451054,1791353648.965134,-0.453521,-0.689695,0.890347,-1.034943,-0.994033,0.002918
70.470746,1791353648.985262,-0.475115,-0.710052,0.890547,-1.002655,-1.031111,-0.005183
70.491788,1791353649.005297,-0.496500,-0.731781,0.890567,-0.969151,-1.068520,-0.010611
70.511434,1791353649.028747,-0.516525,-0.753523,0.890467,-0.931760,-1.101284,-0.015867
70.530801,1791353649.044682,-0.535086,-0.775065,0.890281,-0.891014,-1.128743,-0.022249
70.551092,1791353649.063976,-0.537070,-0.780122,0.890008,-0.803256,-1.095523,-0.024888
70.571416,1791353649.085290,-0.555385,-0.804322,0.889716,-0.764998,-1.127544,-0.025271
70.590558,1791353649.104787,-0.570217,-0.827108,0.889195,-0.718089,-1.150555,-0.027030
70.611187,1791353649.125860,-0.587246,-0.853064,0.888816,-0.679124,-1.180857,-0.029949
70.630382,1791353649.145765,-0.602809,-0.878454,0.888426,-0.636702,-1.206138,-0.029769
70.651053,1791353649.164284,-0.617766,-0.905213,0.887981,-0.593775,-1.232252,-0.030308
70.671131,1791353649.184651,-0.631263,-0.931297,0.887515,-0.549478,-1.252800,-0.033860
70.690493,1791353649.205620,-0.644038,-0.958465,0.886976,-0.504944,-1.274257,-0.037916
70.711136,1791353649.225448,-0.655415,-0.985166,0.886443,-0.457307,-1.291927,-0.036846
70.734428,1791353649.244629,-0.665950,-1.012816,0.885802,-0.410952,-1.309576,-0.041275
70.751039,1791353649.264058,-0.674699,-1.038189,0.885184,-0.361897,-1.317209,-0.045316
70.771010,1791353649.284734,-0.682605,-1.064583,0.884439,-0.311884,-1.326184,-0.050290
70.790913,1791353649.304392,-0.689301,-1.090464,0.883584,-0.261280,-1.331417,-0.059266
70.811416,1791353649.325801,-0.695046,-1.117320,0.882493,-0.210953,-1.338473,-0.071144
70.830379,1791353649.345428,-0.698737,-1.144148,0.880925,-0.158001,-1.343850,-0.085263
70.850300,1791353649.364970,-0.702366,-1.170126,0.879358,-0.109266,-1.344926,-0.098741
70.871183,1791353649.384662,-0.705019,-1.197064,0.877476,-0.061154,-1.347048,-0.110175
70.890789,1791353649.405715,-0.706629,-1.223287,0.875467,-0.013417,-1.344355,-0.115514
70.911429,1791353649.424394,-0.707319,-1.248425,0.873453,0.033416,-1.335192,-0.117381
70.930649,1791353649.443621,-0.706841,-1.276150,0.871144,0.081253,-1.331439,-0.121331
70.950866,1791353649.464224,-0.705393,-1.302955,0.868843,0.128845,-1.322220,-0.127166
70.971420,1791353649.486111,-0.703058,-1.328481,0.866496,0.176693,-1.307422,-0.133161
70.990670,1791353649.506657,-0.699518,-1.354496,0.863889,0.225793,-1.293744,-0.142468
71.010661,1791353649.525637,-0.695045,-1.379556,0.861191,0.275896,-1.276271,-0.148673
71.030442,1791353649.545592,-0.689004,-1.404912,0.858159,0.327830,-1.258915,-0.155305
71.051329,1791353649.565209,-0.682765,-1.428246,0.855356,0.375743,-1.234388,-0.161594
71.070739,1791353649.585222,-0.675215,-1.451968,0.852330,0.424191,-1.209991,-0.167328
71.090722,1791353649.605062,-0.666832,-1.474663,0.849302,0.472590,-1.181289,-0.167464
71.110704,1791353649.624978,-0.657063,-1.497616,0.846164,0.521695,-1.153905,-0.169241
71.130427,1791353649.644051,-0.645873,-1.520650,0.842825,0.572164,-1.127374,-0.171832
71.151085,1791353649.665872,-0.634774,-1.540981,0.839783,0.617892,-1.093213,-0.174498
71.170809,1791353649.686853,-0.622220,-1.561528,0.836566,0.665171,-1.060300,-0.176043
71.190742,1791353649.708365,-0.608201,-1.582096,0.833229,0.713757,-1.027854,-0.174437
71.211238,1791353649.724767,-0.593558,-1.601528,0.829982,0.759254,-0.993018,-0.173082
71.230484,1791353649.745833,-0.577926,-1.621057,0.826518,0.803665,-0.959437,-0.173083
71.250496,1791353649.764464,-0.562079,-1.638366,0.823449,0.844654,-0.919171,-0.169958
71.270414,1791353649.785449,-0.557039,-1.640030,0.822941,0.842796,-0.834052,-0.159127
71.295532,1791353649.805047,-0.537350,-1.658361,0.819441,0.890664,-0.800079,-0.160069
71.310704,1791353649.824272,-0.517358,-1.675362,0.815966,0.935581,-0.763281,-0.163316
71.330901,1791353649.845725,-0.497087,-1.691121,0.812516,0.978341,-0.723799,-0.164821
71.350723,1791353649.864557,-0.476700,-1.705575,0.809132,1.017823,-0.682656,-0.166898
71.371664,1791353649.885736,-0.454844,-1.719672,0.805521,1.058227,-0.643071,-0.172269
71.391541,1791353649.905179,-0.431538,-1.733319,0.801730,1.099580,-0.604124,-0.176760
71.411643,1791353649.924086,-0.409207,-1.744976,0.798175,1.133077,-0.561269,-0.178011
71.430776,1791353649.944602,-0.385092,-1.756567,0.794345,1.167917,-0.520416,-0.180529
71.451099,1791353649.967069,-0.361233,-1.767018,0.790668,1.198381,-0.477033,-0.176592
71.471273,1791353649.984616,-0.356776,-1.766584,0.790218,1.158847,-0.406201,-0.161044
71.491034,1791353650.006160,-0.328587,-1.776610,0.786339,1.199199,-0.363220,-0.150927
71.511027,1791353650.027128,-0.300692,-1.785380,0.782727,1.233546,-0.319698,-0.147893
71.530313,1791353650.044451,-0.273236,-1.792949,0.779277,1.262263,-0.273964,-0.143349
71.550860,1791353650.063894,-0.244591,-1.799629,0.775893,1.290709,-0.226417,-0.135718
71.571007,1791353650.085664,-0.236517,-1.799778,0.775270,1.246457,-0.168228,-0.125177
71.590775,1791353650.105412,-0.211460,-1.802646,0.772782,1.259024,-0.118283,-0.122449
71.610552,1791353650.125774,-0.180026,-1.806793,0.769404,1.290803,-0.073721,-0.120054
71.630708,1791353650.144959,-0.149339,-1.809860,0.766260,1.317888,-0.030324,-0.119204
71.657495,1791353650.164484,-0.117569,-1.811855,0.763098,1.345385,0.013712,-0.118638
71.671805,1791353650.184509,-0.086645,-1.812888,0.760071,1.367235,0.057290,-0.118939
71.690780,1791353650.204041,-0.056431,-1.812955,0.757186,1.383548,0.100898,-0.118414
71.715961,1791353650.224515,-0.025068,-1.811826,0.754285,1.400019,0.146084,-0.117302
71.738997,1791353650.245663,0.036754,-1.806723,0.748590,1.420920,0.235822,-0.123648
71.758035,1791353650.264892,0.036754,-1.806723,0.748590,1.420920,0.235822,-0.123648
71.771195,1791353650.285823,0.067052,-1.802827,0.745788,1.425034,0.281000,-0.127671
71.790923,1791353650.304407,0.098052,-1.797809,0.742832,1.428223,0.327571,-0.131128
71.811075,1791353650.324082,0.128065,-1.791915,0.739934,1.425016,0.374104,-0.132118
71.831238,1791353650.344929,0.156751,-1.785363,0.737125,1.414972,0.419116,-0.132806
71.851732,1791353650.365660,0.186013,-1.777518,0.734249,1.404937,0.465221,-0.134794
71.870708,1791353650.384348,0.214219,-1.768921,0.731466,1.389518,0.511763,-0.131477
71.891150,1791353650.405450,0.241826,-1.758189,0.728861,1.370663,0.561121,-0.129349
71.910640,1791353650.424649,0.270100,-1.747293,0.726152,1.352317,0.608186,-0.122946
71.930422,1791353650.445616,0.296772,-1.735933,0.723776,1.328046,0.652639,-0.112758
71.961792,1791353650.485079,0.349766,-1.709656,0.719492,1.278912,0.738858,-0.097935
71.970802,1791353650.485079,0.349766,-1.709656,0.719492,1.278912,0.738858,-0.097935
71.990844,1791353650.505960,0.375611,-1.694988,0.717613,1.252565,0.780771,-0.090504
72.011015,1791353650.526255,0.400179,-1.679832,0.715949,1.222238,0.820070,-0.083606
72.030447,1791353650.544884,0.423163,-1.664476,0.714544,1.186384,0.856643,-0.073179
72.050754,1791353650.564801,0.446246,-1.647695,0.713305,1.150619,0.894728,-0.060230
72.073137,1791353650.584894,0.468089,-1.630553,0.712280,1.112409,0.928969,-0.051992
72.091068,1791353650.604213,0.471261,-1.625681,0.712481,1.019439,0.914313,-0.042980
72.111041,1791353650.623988,0.491249,-1.607053,0.711706,0.978750,0.948196,-0.033467
72.130722,1791353650.649342,0.512214,-1.586835,0.711138,0.940807,0.984214,-0.021635
72.150897,1791353650.664723,0.533006,-1.565131,0.710750,0.902635,1.020576,-0.012492
72.171123,1791353650.684707,0.552077,-1.543562,0.710591,0.859229,1.052713,-0.000903
72.191363,1791353650.705548,0.570644,-1.520705,0.710667,0.815180,1.085564,0.009572
72.211429,1791353650.725364,0.587656,-1.497871,0.710957,0.767529,1.115257,0.020779
72.230395,1791353650.747956,0.603670,-1.474315,0.711468,0.713537,1.142213,0.033662
72.250549,1791353650.767482,0.618859,-1.449492,0.712288,0.658987,1.170876,0.046776
72.273887,1791353650.784470,0.632689,-1.424268,0.713332,0.607644,1.200307,0.056640
72.290859,1791353650.805732,0.634339,-1.416866,0.714061,0.526323,1.165971,0.061734
72.310888,1791353650.824867,0.646083,-1.390719,0.715362,0.475699,1.195109,0.068518
72.330999,1791353650.845243,0.656439,-1.364862,0.716666,0.424736,1.220193,0.072879
72.351027,1791353650.867178,0.665938,-1.337722,0.718083,0.374517,1.246777,0.075685
72.370969,1791353650.887174,0.674489,-1.309268,0.719565,0.325113,1.274644,0.074781
72.402864,1791353650.927341,0.682538,-1.268555,0.721798,0.211628,1.271219,0.080813
72.410527,1791353650.927341,0.682538,-1.268555,0.721798,0.211628,1.271219,0.080813
72.430601,1791353650.944590,0.687936,-1.238516,0.723498,0.162591,1.299056,0.086154
72.450867,1791353650.965340,0.692186,-1.208967,0.725146,0.114725,1.322271,0.087527
72.470865,1791353650.985275,0.695313,-1.178267,0.726941,0.065357,1.346296,0.091703
72.491604,1791353651.004905,0.695013,-1.169393,0.727467,0.014632,1.292911,0.092154
72.511023,1791353651.023765,0.696104,-1.136922,0.729487,-0.034029,1.319253,0.093606
72.530825,1791353651.044679,0.696276,-1.106734,0.731326,-0.082530,1.334966,0.097973
72.551010,1791353651.065042,0.695303,-1.075655,0.733281,-0.131325,1.350584,0.098856
72.606042,1791353651.124449,0.683710,-0.989263,0.739429,-0.285329,1.355179,0.101993
72.607390,1791353651.124449,0.683710,-0.989263,0.739429,-0.285329,1.355179,0.101993
72.628133,1791353651.144648,0.682126,-0.990473,0.739031,-0.312262,1.256262,0.089091
72.651959,1791353651.165955,0.675382,-0.965474,0.740790,-0.362285,1.243020,0.087473
72.667740,1791353651.186449,0.668958,-0.932905,0.742560,-0.410650,1.252172,0.086805
72.688200,1791353651.206428,0.660448,-0.898490,0.744517,-0.462790,1.263983,0.087326
72.708456,1791353651.224482,0.651166,-0.866208,0.746419,-0.513584,1.265935,0.089962
72.729053,1791353651.250207,0.641324,-0.835935,0.748265,-0.562056,1.259662,0.092064
72.747787,1791353651.264677,0.629992,-0.805701,0.750231,-0.612804,1.251131,0.098123
72.768030,1791353651.285224,0.617229,-0.780943,0.752268,-0.663081,1.224374,0.104946
72.788292,1791353651.305706,0.603366,-0.751137,0.754551,-0.712967,1.213596,0.108235
72.813211,1791353651.325461,0.588951,-0.723173,0.756888,-0.760724,1.196622,0.115374
72.828596,1791353651.348006,0.573061,-0.695427,0.759412,-0.808220,1.179110,0.121628
72.848511,1791353651.364710,0.557704,-0.670658,0.761861,-0.848924,1.152767,0.128361
72.867560,1791353651.384729,0.541205,-0.646170,0.764559,-0.888913,1.125598,0.136963
72.888414,1791353651.406655,0.523262,-0.621960,0.767525,-0.928669,1.097835,0.143435
72.907934,1791353651.424552,0.518304,-0.617671,0.768426,-0.918262,1.011425,0.143111
72.927611,1791353651.448284,0.497635,-0.593610,0.771808,-0.959876,0.984495,0.149919
72.948562,1791353651.464680,0.476756,-0.571152,0.775399,-0.998100,0.952022,0.158938
72.968209,1791353651.488347,0.456089,-0.550496,0.778904,-1.031233,0.914751,0.165604
72.987699,1791353651.503881,0.434165,-0.530297,0.782707,-1.065029,0.876232,0.172756
73.019204,1791353651.528178,0.390676,-0.494913,0.790000,-1.120887,0.787919,0.175086
73.027712,1791353651.545657,0.390676,-0.494913,0.790000,-1.120887,0.787919,0.175086
73.048409,1791353651.564315,0.367766,-0.478679,0.793614,-1.148065,0.742285,0.169233
73.068286,1791353651.584028,0.343386,-0.463036,0.797243,-1.177683,0.695420,0.165000
73.087845,1791353651.605310,0.319432,-0.449113,0.800598,-1.202821,0.645073,0.159466
73.119346,1791353651.644809,0.270852,-0.425359,0.806815,-1.246424,0.537793,0.147473
73.127681,1791353651.644809,0.270852,-0.425359,0.806815,-1.246424,0.537793,0.147473
73.147649,1791353651.665614,0.245517,-0.415038,0.810072,-1.267173,0.483237,0.140641
73.168389,1791353651.684615,0.219980,-0.405930,0.812806,-1.285977,0.427500,0.132582
73.188453,1791353651.705854,0.195338,-0.398487,0.815192,-1.298889,0.370557,0.121168
73.207836,1791353651.724912,0.169435,-0.392052,0.817442,-1.313507,0.313274,0.110633
73.228271,1791353651.746309,0.142366,-0.386689,0.819500,-1.329304,0.256058,0.099161
73.248399,1791353651.765042,0.117205,-0.382829,0.821139,-1.336187,0.198448,0.086148
73.267899,1791353651.788846,0.090849,-0.380033,0.822602,-1.344678,0.140587,0.074036
73.288676,1791353651.804688,0.063072,-0.378311,0.823912,-1.355309,0.082407,0.062694
73.308908,1791353651.824530,0.057647,-0.380103,0.823686,-1.290073,0.022901,0.049062
73.328253,1791353651.844834,0.028130,-0.380854,0.824589,-1.304311,-0.036322,0.038549
73.348065,1791353651.864463,-0.000549,-0.382748,0.825214,-1.313243,-0.095394,0.028071
73.367851,1791353651.885054,-0.026806,-0.385222,0.825675,-1.311806,-0.152210,0.018559
73.388590,1791353651.907227,-0.056345,-0.389643,0.825902,-1.318617,-0.212371,0.008619
73.408354,1791353651.924947,-0.086576,-0.395589,0.825852,-1.325259,-0.274626,0.002269
73.428757,1791353651.946001,-0.114010,-0.401878,0.825700,-1.321303,-0.331995,-0.006829
73.447999,1791353651.965635,-0.142252,-0.409578,0.825381,-1.318120,-0.390735,-0.012778
73.468632,1791353651.987475,-0.171305,-0.418821,0.824927,-1.315580,-0.449816,-0.019307
73.488255,1791353652.005011,-0.197488,-0.428364,0.824485,-1.302181,-0.504393,-0.024339
73.508024,1791353652.025460,-0.206480,-0.433463,0.823879,-1.233402,-0.534378,-0.028438
73.529248,1791353652.045179,-0.235401,-0.445986,0.823082,-1.227722,-0.590771,-0.031418
73.547762,1791353652.064912,-0.263040,-0.459443,0.822375,-1.216149,-0.645303,-0.031879
73.568665,1791353652.087115,-0.291224,-0.474253,0.821551,-1.205251,-0.698845,-0.035523
73.587860,1791353652.104943,-0.315083,-0.488700,0.820806,-1.180036,-0.745736,-0.038141
73.608272,1791353652.125987,-0.341646,-0.505027,0.819826,-1.161980,-0.796158,-0.037968
73.628058,1791353652.145062,-0.346156,-0.510175,0.819508,-1.077849,-0.799477,-0.038400
73.648237,1791353652.165422,-0.373157,-0.528930,0.818404,-1.062911,-0.850798,-0.039722
73.667978,1791353652.184724,-0.398783,-0.548055,0.817290,-1.043170,-0.898430,-0.040288
73.687883,1791353652.206240,-0.424288,-0.568518,0.816247,-1.022280,-0.946256,-0.038387
73.708614,1791353652.225426,-0.449555,-0.590325,0.815284,-1.000063,-0.994442,-0.034717
73.728986,1791353652.244608,-0.472137,-0.611009,0.814503,-0.969871,-1.034436,-0.030077
73.748486,1791353652.265055,-0.494442,-0.633009,0.813748,-0.939067,-1.075029,-0.025649
73.768271,1791353652.285812,-0.512802,-0.654868,0.813282,-0.896572,-1.110480,-0.021079
73.788009,1791353652.305960,-0.534109,-0.679045,0.812696,-0.864149,-1.150176,-0.018961
73.808133,1791353652.324517,-0.553941,-0.703204,0.812128,-0.828825,-1.185385,-0.019313
73.828068,1791353652.345248,-0.573281,-0.728676,0.811531,-0.793406,-1.220771,-0.021977
73.848665,1791353652.364435,-0.591029,-0.753713,0.810974,-0.753801,-1.251416,-0.020630
73.868930,1791353652.385481,-0.607229,-0.778268,0.810555,-0.710377,-1.277092,-0.014324
73.888026,1791353652.407827,-0.620957,-0.804064,0.810287,-0.662109,-1.302066,-0.012430
73.908644,1791353652.426011,-0.635713,-0.830465,0.810005,-0.617711,-1.326309,-0.006238
73.928169,1791353652.444642,-0.649751,-0.858180,0.809911,-0.573135,-1.350979,-0.001328
73.947948,1791353652.464610,-0.662176,-0.885082,0.809851,-0.527471,-1.368725,-0.002748
73.968487,1791353652.486206,-0.673179,-0.911587,0.809822,-0.478176,-1.382018,0.000788
73.987666,1791353652.504328,-0.683395,-0.939355,0.809965,-0.427285,-1.396306,0.008659
74.008540,1791353652.524995,-0.692635,-0.968231,0.810268,-0.375959,-1.410893,0.015127
74.028881,1791353652.543923,-0.692992,-0.975162,0.810599,-0.306985,-1.351445,0.018435
74.048169,1791353652.565116,-0.700104,-1.004175,0.811041,-0.256671,-1.364043,0.019970
74.068065,1791353652.584862,-0.704681,-1.031508,0.811480,-0.201164,-1.368775,0.023335
74.088123,1791353652.605086,-0.709682,-1.061727,0.812060,-0.150263,-1.381032,0.022935
74.108085,1791353652.625328,-0.713358,-1.090877,0.812620,-0.098643,-1.388284,0.023170
74.127700,1791353652.645015,-0.713005,-1.099439,0.812788,-0.045608,-1.328796,0.017224
74.148038,1791353652.667893,-0.714642,-1.130264,0.813179,0.005143,-1.341161,0.011829
74.168117,1791353652.685764,-0.714009,-1.157065,0.813330,0.057998,-1.338423,0.002636
74.188175,1791353652.705153,-0.713321,-1.188721,0.813361,0.109501,-1.348857,-0.006021
74.210221,1791353652.724210,-0.711487,-1.219286,0.813243,0.161091,-1.353320,-0.013778
74.228430,1791353652.744600,-0.708315,-1.250438,0.812954,0.214072,-1.357198,-0.020442
74.248220,1791353652.764735,-0.704119,-1.280170,0.812535,0.267581,-1.354669,-0.023915
74.268290,1791353652.785259,-0.698879,-1.308800,0.812046,0.321120,-1.346957,-0.026556
74.287588,1791353652.804559,-0.692237,-1.338023,0.811422,0.374460,-1.339988,-0.033776
74.308231,1791353652.824549,-0.684652,-1.366116,0.810702,0.426966,-1.328412,-0.039394
74.328491,1791353652.844858,-0.675645,-1.394678,0.809847,0.479293,-1.318027,-0.047934
74.347678,1791353652.865983,-0.665911,-1.421826,0.808860,0.529685,-1.302931,-0.056111
74.368518,1791353652.886199,-0.654813,-1.447694,0.807646,0.579835,-1.283447,-0.065693
74.387676,1791353652.904376,-0.642623,-1.474926,0.806201,0.629225,-1.267681,-0.076717
74.408274,1791353652.925541,-0.629772,-1.500903,0.804554,0.675698,-1.247482,-0.088231
74.428555,1791353652.948650,-0.615489,-1.527142,0.802638,0.721937,-1.227174,-0.102032
74.448053,1791353652.965385,-0.611807,-1.529649,0.801747,0.723734,-1.135509,-0.113903
74.468594,1791353652.987940,-0.595859,-1.555001,0.799274,0.769676,-1.112919,-0.125656
74.487784,1791353653.005449,-0.578484,-1.580286,0.796548,0.816951,-1.089468,-0.135560
74.509237,1791353653.025155,-0.560857,-1.604026,0.793683,0.860551,-1.061814,-0.145549
74.528010,1791353653.044618,-0.542905,-1.626489,0.790702,0.900539,-1.030904,-0.155669
74.548706,1791353653.064730,-0.523511,-1.648848,0.787491,0.942033,-0.998638,-0.159639
74.567961,1791353653.086339,-0.502726,-1.670895,0.784134,0.983701,-0.964563,-0.161554
74.587769,1791353653.104578,-0.482708,-1.689751,0.780885,1.017841,-0.920378,-0.162407
74.611741,1791353653.124782,-0.461192,-1.709368,0.777649,1.054085,-0.877588,-0.158592
74.628577,1791353653.145780,-0.438304,-1.728453,0.774422,1.091102,-0.833677,-0.152961
74.648161,1791353653.164930,-0.415379,-1.745953,0.771407,1.123821,-0.787066,-0.147851
74.668491,1791353653.185005,-0.391142,-1.762772,0.768378,1.156834,-0.740772,-0.145746
74.688267,1791353653.204412,-0.366982,-1.778114,0.765498,1.186204,-0.692011,-0.142791
74.714015,1791353653.226554,-0.343165,-1.791829,0.762790,1.211032,-0.641258,-0.140214
74.728001,1791353653.244869,-0.318707,-1.804138,0.759987,1.234258,-0.589486,-0.140268
74.747762,1791353653.265873,-0.294912,-1.815336,0.757412,1.251771,-0.537050,-0.139516
74.768388,1791353653.285291,-0.269738,-1.825815,0.754785,1.270294,-0.483880,-0.136655
74.787875,1791353653.306338,-0.244834,-1.834937,0.752286,1.284157,-0.428787,-0.131905
74.813351,1791353653.324661,-0.220546,-1.842614,0.749999,1.292696,-0.372602,-0.126265
74.829043,1791353653.344602,-0.193201,-1.849873,0.747547,1.308983,-0.318414,-0.121005
74.848379,1791353653.368001,-0.165009,-1.856060,0.745206,1.322248,-0.261093,-0.111620
74.869489,1791353653.384033,-0.139046,-1.860618,0.743200,1.330088,-0.206687,-0.102813
74.887572,1791353653.404606,-0.111972,-1.864161,0.741249,1.339489,-0.154070,-0.100404
74.910125,1791353653.426765,-0.085434,-1.866549,0.739447,1.345112,-0.100531,-0.094617
74.928341,1791353653.444819,-0.058480,-1.868025,0.737613,1.349756,-0.046842,-0.088510
74.947855,1791353653.467650,-0.034377,-1.868212,0.736181,1.342489,0.006710,-0.083340
74.968496,1791353653.485171,-0.007495,-1.867281,0.734649,1.342002,0.061553,-0.080377
74.988224,1791353653.505253,0.018671,-1.865313,0.733190,1.336937,0.116822,-0.077218
75.009337,1791353653.524311,0.045723,-1.862186,0.731579,1.332364,0.172335,-0.077220
75.029497,1791353653.546171,0.075071,-1.857568,0.729833,1.327853,0.231729,-0.076670
75.048064,1791353653.564980,0.100173,-1.852482,0.728295,1.312646,0.286054,-0.076119
75.067559,1791353653.585314,0.127725,-1.845680,0.726610,1.303942,0.344071,-0.073739
75.088638,1791353653.605344,0.154277,-1.837921,0.724968,1.290957,0.401300,-0.071827
75.108392,1791353653.624810,0.179854,-1.829197,0.723384,1.274117,0.457552,-0.070397
75.128288,1791353653.645777,0.205879,-1.819083,0.721765,1.258096,0.514655,-0.067559
75.148762,1791353653.666167,0.230604,-1.808239,0.720142,1.238186,0.568055,-0.068652
75.167785,1791353653.688305,0.254008,-1.796864,0.718515,1.214515,0.618131,-0.070682
75.189161,1791353653.704545,0.277939,-1.784029,0.716793,1.193193,0.669413,-0.070818
75.208976,1791353653.725717,0.300928,-1.770517,0.715122,1.169683,0.718078,-0.071592
75.228394,1791353653.745346,0.324107,-1.755673,0.713659,1.147887,0.766063,-0.074642
75.247532,1791353653.764858,0.347067,-1.739736,0.711841,1.125721,0.813735,-0.075822
75.268169,1791353653.785478,0.370316,-1.722389,0.709965,1.104710,0.861618,-0.077483
75.287637,1791353653.807618,0.392451,-1.704640,0.708171,1.079881,0.906888,-0.075956
75.308531,1791353653.825721,0.413538,-1.686476,0.706472,1.051838,0.949044,-0.074385
75.328556,1791353653.847876,0.434805,-1.666923,0.704784,1.023972,0.992181,-0.070695
75.348562,1791353653.864039,0.454782,-1.647358,0.703209,0.991841,1.031022,-0.065386
75.369077,1791353653.885136,0.456935,-1.641279,0.703061,0.907795,1.017148,-0.057711
75.388456,1791353653.905929,0.477259,-1.619072,0.701570,0.879531,1.057784,-0.055467
75.409198,1791353653.924067,0.496354,-1.596797,0.700181,0.848061,1.093725,-0.053237
75.428980,1791353653.944396,0.514220,-1.574809,0.698883,0.813351,1.124266,-0.049553
75.448531,1791353653.965367,0.531930,-1.551467,0.697684,0.778089,1.155560,-0.044234
75.467982,1791353653.984980,0.549277,-1.526927,0.696682,0.741429,1.187403,-0.036724
75.487623,1791353654.004546,0.563648,-1.502912,0.696056,0.695202,1.213768,-0.025261
75.508177,1791353654.026807,0.578866,-1.477973,0.695543,0.652175,1.240323,-0.012130
75.529171,1791353654.044564,0.593525,-1.451813,0.695371,0.608223,1.267718,0.003328
75.548048,1791353654.064275,0.606800,-1.425987,0.695513,0.561999,1.290558,0.018705
75.568600,1791353654.085093,0.608024,-1.419421,0.696088,0.484864,1.244814,0.035238
75.588391,1791353654.104175,0.620166,-1.391662,0.696948,0.441387,1.270551,0.047384
75.608745,1791353654.127382,0.631512,-1.362869,0.698059,0.397473,1.296559,0.058542
75.629449,1791353654.146777,0.641472,-1.334651,0.699391,0.351130,1.317379,0.070704
75.648510,1791353654.165145,0.650126,-1.307307,0.700931,0.303414,1.332240,0.081798
75.668439,1791353654.185688,0.655638,-1.280560,0.702690,0.247557,1.341938,0.094347
75.688024,1791353654.205153,0.662350,-1.251938,0.704772,0.198022,1.355372,0.105125
75.707921,1791353654.225061,0.667737,-1.223979,0.706942,0.147365,1.363856,0.113925
75.728199,1791353654.245559,0.672054,-1.195146,0.709380,0.095869,1.372766,0.122402
75.752975,1791353654.267503,0.675160,-1.167406,0.711862,0.043732,1.375934,0.131378
75.768716,1791353654.287470,0.677084,-1.140439,0.714415,-0.007474,1.374551,0.135950
75.787745,1791353654.305013,0.677856,-1.112529,0.717123,-0.059561,1.374178,0.141033
75.807648,1791353654.324778,0.677376,-1.083881,0.720031,-0.112741,1.373718,0.146068
75.828315,1791353654.347246,0.676046,-1.058071,0.722701,-0.164508,1.361438,0.149458
75.848982,1791353654.365707,0.673444,-1.031450,0.725567,-0.217621,1.349702,0.154207
75.877790,1791353654.386075,0.670845,-1.024567,0.726677,-0.260898,1.273359,0.152217
75.887717,1791353654.405943,0.665834,-0.996671,0.729818,-0.313985,1.265040,0.154684
75.908368,1791353654.426340,0.659007,-0.971557,0.732939,-0.368441,1.245771,0.157107
75.928263,1791353654.444767,0.651990,-0.944942,0.736004,-0.419418,1.230760,0.155606
75.952784,1791353654.466865,0.643687,-0.918191,0.739084,-0.471246,1.215129,0.154015
75.969414,1791353654.486979,0.634502,-0.892680,0.742054,-0.522676,1.194516,0.153229
75.988625,1791353654.504564,0.623799,-0.866926,0.745107,-0.575907,1.174142,0.153209
76.008551,1791353654.528244,0.611751,-0.843721,0.748148,-0.628785,1.145903,0.151144
76.030524,1791353654.544277,0.600383,-0.821722,0.750782,-0.675715,1.114530,0.149102
76.048162,1791353654.565200,0.586453,-0.797931,0.753688,-0.727119,1.089522,0.146442
76.071685,1791353654.585396,0.570738,-0.773944,0.756665,-0.780194,1.065412,0.145075
76.088065,1791353654.605555,0.554563,-0.751610,0.759503,-0.829440,1.037276,0.143023
76.108542,1791353654.626581,0.538055,-0.730769,0.762169,-0.875324,1.005058,0.143370
76.127781,1791353654.646099,0.520090,-0.711010,0.765027,-0.920792,0.970493,0.142415
76.147934,1791353654.668446,0.501020,-0.690885,0.767828,-0.965856,0.937556,0.142453
76.168004,1791353654.685223,0.481885,-0.672430,0.770423,-1.005760,0.901000,0.138237
76.187999,1791353654.705239,0.478012,-0.671783,0.770588,-0.988640,0.814157,0.127733
76.208178,1791353654.726041,0.455566,-0.653224,0.773322,-1.033831,0.779434,0.129131
76.228390,1791353654.745370,0.431700,-0.635261,0.776156,-1.078340,0.743572,0.128727
76.249092,1791353654.765722,0.407933,-0.618793,0.778896,-1.117852,0.703833,0.129267
76.268701,1791353654.786173,0.384187,-0.603691,0.781565,-1.152822,0.660862,0.130403
76.287972,1791353654.809924,0.360828,-0.590962,0.784199,-1.182497,0.611879,0.132067
76.308059,1791353654.826926,0.336897,-0.579217,0.786825,-1.210189,0.562306,0.130236
76.327864,1791353654.845505,0.309505,-0.566055,0.789496,-1.245895,0.518324,0.127428
76.348321,1791353654.864742,0.282879,-0.554519,0.792045,-1.275828,0.470629,0.127910
76.368745,1791353654.886045,0.257126,-0.545636,0.794606,-1.298975,0.417348,0.128531
76.388236,1791353654.908041,0.228573,-0.536042,0.797235,-1.327339,0.368635,0.127511
76.407712,1791353654.926968,0.200623,-0.527954,0.799741,-1.349729,0.318796,0.124423
76.428420,1791353654.952688,0.171445,-0.520824,0.802288,-1.372567,0.267768,0.124551
76.448921,1791353654.965795,0.143238,-0.515237,0.804696,-1.389070,0.214780,0.126328
76.468148,1791353654.984667,0.115952,-0.510864,0.807063,-1.399297,0.161728,0.127432
76.488444,1791353655.006680,0.087867,-0.508171,0.809598,-1.408598,0.107356,0.126557
76.507701,1791353655.025939,0.059124,-0.506020,0.812070,-1.416858,0.054420,0.125883
76.528682,1791353655.045275,0.029316,-0.505005,0.814669,-1.425289,0.000398,0.127613
76.548540,1791353655.070801,0.000748,-0.505165,0.817145,-1.426818,-0.052886,0.125740
76.570685,1791353655.086011,-0.028787,-0.506500,0.819647,-1.428457,-0.106114,0.121161
76.588497,1791353655.111546,-0.057399,-0.508927,0.821997,-1.424456,-0.159989,0.119422
76.607593,1791353655.124147,-0.085141,-0.512425,0.824368,-1.415172,-0.214150,0.120584
76.628045,1791353655.146205,-0.113675,-0.517196,0.826811,-1.405900,-0.268770,0.121870
76.649228,1791353655.166074,-0.141209,-0.522993,0.829234,-1.391132,-0.322614,0.123212
76.668932,1791353655.186096,-0.167378,-0.529458,0.831575,-1.370260,-0.373730,0.121812
76.688855,1791353655.204283,-0.176496,-0.533638,0.832393,-1.295911,-0.408836,0.115662
76.707533,1791353655.227544,-0.205268,-0.543101,0.835038,-1.282143,-0.463484,0.116764
76.729782,1791353655.247733,-0.231167,-0.552613,0.837501,-1.258600,-0.513161,0.116621
76.748345,1791353655.265522,-0.257371,-0.563607,0.840085,-1.235254,-0.564347,0.119652
76.768474,1791353655.288020,-0.281792,-0.575385,0.842488,-1.206284,-0.613379,0.121459
76.788536,1791353655.306757,-0.307666,-0.588808,0.845289,-1.181615,-0.664768,0.125662
76.808425,1791353655.325955,-0.332199,-0.602923,0.848088,-1.152814,-0.714468,0.130136
76.828231,1791353655.344763,-0.356770,-0.618384,0.851026,-1.124695,-0.763933,0.131939
76.848098,1791353655.365420,-0.379989,-0.634433,0.853938,-1.092589,-0.810874,0.134418
76.868138,1791353655.384932,-0.403066,-0.651858,0.856944,-1.060645,-0.857643,0.137144
76.888737,1791353655.405156,-0.424807,-0.669734,0.859913,-1.025776,-0.900669,0.138677
76.909034,1791353655.426021,-0.444985,-0.687801,0.862691,-0.988235,-0.938696,0.135363
76.927939,1791353655.446580,-0.463697,-0.706000,0.865382,-0.946251,-0.973629,0.137390
76.948253,1791353655.465812,-0.482286,-0.725736,0.868184,-0.906182,-1.008480,0.135251
76.968459,1791353655.485101,-0.499994,-0.746247,0.870889,-0.864221,-1.042246,0.135715
76.988718,1791353655.507187,-0.517524,-0.768074,0.873772,-0.823364,-1.076203,0.134451
77.008482,1791353655.526014,-0.519761,-0.774468,0.874423,-0.741392,-1.053599,0.126145
77.028718,1791353655.545672,-0.536572,-0.798855,0.877296,-0.703030,-1.090282,0.123150
77.048879,1791353655.565238,-0.551853,-0.822976,0.880017,-0.661951,-1.122345,0.120002
77.067496,1791353655.584907,-0.565722,-0.846704,0.882594,-0.618621,-1.149513,0.117865
77.088580,1791353655.605522,-0.577633,-0.869916,0.884905,-0.572099,-1.171274,0.114031
77.108982,1791353655.625156,-0.579020,-0.876804,0.885402,-0.500781,-1.136756,0.105713
77.127693,1791353655.646511,-0.591818,-0.905015,0.888103,-0.460545,-1.171475,0.105712
77.148453,1791353655.664958,-0.603142,-0.932519,0.890646,-0.417939,-1.200336,0.104996
77.168192,1791353655.685240,-0.613097,-0.959490,0.893092,-0.372806,-1.223797,0.104316
77.188353,1791353655.705802,-0.622150,-0.987403,0.895522,-0.327257,-1.246950,0.100180
77.208112,1791353655.725934,-0.630236,-1.016274,0.897916,-0.280603,-1.270448,0.095873
77.228621,1791353655.744578,-0.636980,-1.044520,0.900150,-0.231571,-1.289654,0.095810
77.248526,1791353655.764760,-0.642422,-1.071884,0.902331,-0.182021,-1.303889,0.097013
77.268474,1791353655.785995,-0.645535,-1.098045,0.904281,-0.129443,-1.311699,0.097631
77.288280,1791353655.805861,-0.648989,-1.126577,0.906561,-0.081632,-1.324963,0.095890
77.307961,1791353655.824580,-0.651326,-1.154357,0.908694,-0.034406,-1.333857,0.089791
77.327771,1791353655.846375,-0.652592,-1.182957,0.910736,0.013731,-1.343160,0.082342
77.348205,1791353655.864945,-0.652917,-1.208393,0.912415,0.061710,-1.339812,0.074852
77.367717,1791353655.885424,-0.651154,-1.235179,0.913854,0.114497,-1.338207,0.068442
77.388921,1791353655.905686,-0.649485,-1.261081,0.915265,0.162066,-1.332336,0.056698
77.408355,1791353655.926132,-0.647568,-1.266773,0.915258,0.201948,-1.263752,0.045564
77.428144,1791353655.945521,-0.643433,-1.296156,0.916500,0.251704,-1.270250,0.035641
77.448940,1791353655.966942,-0.638416,-1.324375,0.917525,0.301052,-1.272393,0.027771
77.467996,1791353655.985533,-0.632692,-1.351309,0.918306,0.347288,-1.269992,0.015353
77.488788,1791353656.012072,-0.625283,-1.376631,0.918456,0.393273,-1.261901,-0.000497
77.508635,1791353656.024471,-0.618115,-1.402214,0.918662,0.434408,-1.254304,-0.013516
77.527782,1791353656.045399,-0.609050,-1.430150,0.918525,0.477973,-1.252837,-0.026963
77.548234,1791353656.067959,-0.599613,-1.456676,0.918138,0.518674,-1.246209,-0.040918
77.568325,1791353656.085432,-0.589645,-1.482117,0.917482,0.557329,-1.235390,-0.056748
77.588940,1791353656.106002,-0.578543,-1.507967,0.916402,0.596587,-1.224966,-0.074835
77.608013,1791353656.125389,-0.574166,-1.514958,0.915424,0.606991,-1.158469,-0.092941
77.628108,1791353656.145411,-0.560979,-1.541472,0.913457,0.649090,-1.150245,-0.112806
77.648253,1791353656.168540,-0.547566,-1.566505,0.911161,0.688989,-1.136194,-0.132805
77.667710,1791353656.185767,-0.533395,-1.589001,0.908311,0.727798,-1.113114,-0.152780
77.688792,1791353656.205253,-0.518032,-1.613792,0.905105,0.768029,-1.096238,-0.171216
77.708423,1791353656.225505,-0.502638,-1.637089,0.901592,0.804203,-1.075532,-0.192309
77.727896,1791353656.245558,-0.485803,-1.660472,0.897564,0.842621,-1.054530,-0.210323
77.748244,1791353656.265357,-0.469010,-1.682311,0.893294,0.877127,-1.029204,-0.229293
77.768078,1791353656.287587,-0.451969,-1.702906,0.888735,0.908944,-0.999331,-0.247269
77.788252,1791353656.306730,-0.433742,-1.723317,0.883670,0.940965,-0.967122,-0.263587
77.808382,1791353656.325971,-0.414321,-1.743323,0.878111,0.973068,-0.931098,-0.276425
77.828199,1791353656.345548,-0.394558,-1.761507,0.872527,1.002593,-0.886930,-0.282650
77.848888,1791353656.365433,-0.374822,-1.778816,0.866920,1.028798,-0.839412,-0.284881
77.868707,1791353656.384512,-0.353866,-1.795525,0.861136,1.056540,-0.790729,-0.283621
77.888251,1791353656.406494,-0.332940,-1.810654,0.855557,1.081705,-0.740502,-0.281861
77.908792,1791353656.428497,-0.312351,-1.824032,0.850290,1.104070,-0.687688,-0.275644
77.928285,1791353656.445367,-0.292069,-1.835818,0.845360,1.123233,-0.632809,-0.265904
77.948206,1791353656.464818,-0.270404,-1.846985,0.840357,1.144294,-0.578982,-0.256363
77.968464,1791353656.484865,-0.247288,-1.858062,0.835281,1.166688,-0.528738,-0.251972
77.987757,1791353656.505219,-0.223933,-1.867472,0.830329,1.186534,-0.476171,-0.248038
78.008282,1791353656.526086,-0.201157,-1.875302,0.825651,1.201522,-0.421265,-0.242465
78.028586,1791353656.545593,-0.195295,-1.874488,0.825038,1.159386,-0.347482,-0.224029
78.047856,1791353656.564994,-0.169892,-1.881149,0.820162,1.179506,-0.294815,-0.220210
78.068286,1791353656.584454,-0.143490,-1.886782,0.815238,1.199994,-0.241449,-0.216652
78.087816,1791353656.608329,-0.117543,-1.891104,0.810625,1.216626,-0.186175,-0.208444
78.108619,1791353656.629351,-0.092266,-1.894125,0.806409,1.228953,-0.129798,-0.197578
78.127628,1791353656.645707,-0.085566,-1.892567,0.805736,1.178128,-0.068095,-0.176152
78.148249,1791353656.665894,-0.058355,-1.893671,0.801653,1.195015,-0.012702,-0.167349
78.168042,1791353656.685346,-0.030201,-1.893632,0.797709,1.212476,0.043034,-0.157960
78.188188,1791353656.704881,-0.002645,-1.892392,0.794093,1.225758,0.097551,-0.152251
78.208858,1791353656.725545,0.025704,-1.890023,0.790565,1.239645,0.153021,-0.143942
78.227803,1791353656.745376,0.053364,-1.886521,0.787398,1.249311,0.208655,-0.133518
78.248023,1791353656.765408,0.080148,-1.882128,0.784563,1.254479,0.262453,-0.124910
78.270243,1791353656.785674,0.107710,-1.876479,0.781793,1.260465,0.316004,-0.119072
78.288553,1791353656.806047,0.134228,-1.870146,0.779345,1.261214,0.368368,-0.108936
78.307809,1791353656.826259,0.159994,-1.862913,0.777146,1.257728,0.418293,-0.102746
78.328497,1791353656.845512,0.185023,-1.854968,0.775160,1.250046,0.466903,-0.094042
78.348498,1791353656.866308,0.210744,-1.845739,0.773305,1.243100,0.516032,-0.085559
78.368104,1791353656.885556,0.235648,-1.835839,0.771662,1.231943,0.563038,-0.077237
78.388422,1791353656.905545,0.260154,-1.824090,0.770182,1.218149,0.611379,-0.071771
78.408306,1791353656.928256,0.285374,-1.811979,0.768759,1.205373,0.656986,-0.066873
78.428514,1791353656.946944,0.309338,-1.799563,0.767559,1.186996,0.699911,-0.059507
78.447902,1791353656.947801,0.333734,-1.785836,0.766484,1.168386,0.743723,-0.051649
78.468419,1791353656.988335,0.357086,-1.771600,0.765574,1.145021,0.784915,-0.044807
78.487791,1791353657.007710,0.380641,-1.756064,0.764772,1.121849,0.825122,-0.044798
78.509034,1791353657.026109,0.403045,-1.740161,0.764014,1.093661,0.863055,-0.041970
78.528600,1791353657.047428,0.424043,-1.724213,0.763385,1.059816,0.897831,-0.034363
78.548366,1791353657.065397,0.445158,-1.706923,0.762873,1.026785,0.932719,-0.030692
78.568772,1791353657.085426,0.465333,-1.687893,0.762305,0.990253,0.969804,-0.026520
78.588444,1791353657.107829,0.485688,-1.668616,0.761944,0.954792,1.003888,-0.023999
78.607687,1791353657.125598,0.504636,-1.649197,0.761708,0.914602,1.035261,-0.018195
78.627826,1791353657.145879,0.522283,-1.629640,0.761626,0.870563,1.063982,-0.009353
78.648002,1791353657.171311,0.511027,-1.632702,0.762477,0.744390,1.009722,0.000245
78.668565,1791353657.185358,0.532174,-1.608847,0.762821,0.717589,1.049812,0.006587
78.687701,1791353657.205335,0.546055,-1.587585,0.762999,0.670309,1.076006,0.011034
78.708469,1791353657.225889,0.561572,-1.565272,0.763352,0.630220,1.103472,0.015990
78.728186,1791353657.246254,0.576549,-1.541715,0.763874,0.589437,1.132977,0.024537
78.747976,1791353657.265522,0.590871,-1.516738,0.764587,0.548359,1.164681,0.032713
78.768502,1791353657.286676,0.603782,-1.492164,0.765488,0.505884,1.192517,0.039071
78.788056,1791353657.308264,0.615970,-1.466385,0.766493,0.464182,1.221601,0.041567
78.808685,1791353657.326054,0.626816,-1.441116,0.767508,0.421155,1.246444,0.043464
78.827854,1791353657.347865,0.636808,-1.414623,0.768667,0.376756,1.273257,0.049339
78.848518,1791353657.367478,0.645529,-1.388419,0.769850,0.332164,1.295802,0.050337
78.869188,1791353657.385500,0.653382,-1.360804,0.771059,0.287295,1.320052,0.050778
78.889461,1791353657.405577,0.660010,-1.333872,0.772263,0.242014,1.339027,0.049645
78.907512,1791353657.426015,0.665493,-1.307349,0.773431,0.195598,1.353747,0.049157
78.929461,1791353657.445588,0.668898,-1.280132,0.774407,0.144661,1.367435,0.048462
78.948232,1791353657.469722,0.673419,-1.252503,0.775710,0.100026,1.379095,0.047455
78.969077,1791353657.485098,0.674895,-1.224835,0.776660,0.047291,1.387102,0.048092
78.988718,1791353657.504559,0.676232,-1.196544,0.777846,-0.004020,1.394018,0.051229
79.007760,1791353657.526098,0.676422,-1.168925,0.779064,-0.056317,1.395845,0.055597
79.028712,1791353657.545542,0.675430,-1.140490,0.780362,-0.108721,1.397637,0.056586
79.048157,1791353657.565365,0.673522,-1.133243,0.780781,-0.153925,1.329786,0.052035
79.068071,1791353657.586058,0.670674,-1.105471,0.781946,-0.205017,1.328041,0.050051
79.088195,1791353657.605727,0.666567,-1.077002,0.783099,-0.257037,1.326502,0.049374
79.108720,1791353657.628577,0.661050,-1.047794,0.784327,-0.311092,1.324955,0.052958
79.128461,1791353657.645557,0.654293,-1.021411,0.785415,-0.364290,1.312858,0.055054
79.149871,1791353657.665548,0.646867,-0.993639,0.786693,-0.416591,1.304221,0.057453
79.168230,1791353657.685469,0.638051,-0.965445,0.788033,-0.469663,1.296024,0.059216
79.188586,1791353657.704361,0.628403,-0.938382,0.789326,-0.521590,1.283366,0.061115
79.207999,1791353657.727027,0.618108,-0.912780,0.790555,-0.570888,1.265450,0.059967
79.227802,1791353657.745766,0.606378,-0.886846,0.791790,-0.620906,1.247512,0.057320
79.248929,1791353657.766984,0.601629,-0.880586,0.792031,-0.638676,1.169576,0.049172
79.268370,1791353657.786618,0.587274,-0.854209,0.793172,-0.690400,1.153956,0.045942
79.288704,1791353657.806210,0.572996,-0.831395,0.794059,-0.737082,1.126942,0.042758
79.308531,1791353657.825866,0.557221,-0.806833,0.795043,-0.785729,1.104494,0.043438
79.328082,1791353657.845550,0.539999,-0.782329,0.796095,-0.835133,1.081160,0.046560
79.348678,1791353657.865653,0.522343,-0.759254,0.797170,-0.881489,1.053333,0.050657
79.368176,1791353657.886093,0.503223,-0.736372,0.798341,-0.928403,1.024916,0.055349
79.388347,1791353657.908644,0.483785,-0.714844,0.799512,-0.971522,0.993205,0.058001
79.408795,1791353657.925726,0.464318,-0.694901,0.800668,-1.010342,0.957574,0.059903
79.428449,1791353657.946697,0.443382,-0.675173,0.801899,-1.049558,0.922593,0.059332
79.447917,1791353657.966806,0.422237,-0.656737,0.803101,-1.085494,0.884464,0.060177
79.468180,1791353657.989002,0.400962,-0.639586,0.804219,-1.117853,0.843335,0.062050
79.488428,1791353658.006665,0.378288,-0.622860,0.805464,-1.151160,0.801289,0.066940
79.508651,1791353658.025224,0.354277,-0.606593,0.806878,-1.184922,0.758504,0.074136
79.528415,1791353658.044651,0.330283,-0.591877,0.808420,-1.213740,0.713181,0.078371
79.547921,1791353658.065341,0.323254,-0.589062,0.808935,-1.180005,0.637464,0.074539
79.568002,1791353658.085689,0.299426,-0.576787,0.810425,-1.202321,0.589646,0.074458
79.588005,1791353658.106137,0.272726,-0.563809,0.811984,-1.230525,0.543684,0.076942
79.607722,1791353658.125723,0.246622,-0.552266,0.813513,-1.252545,0.495434,0.076833
79.627857,1791353658.145636,0.219407,-0.541576,0.815031,-1.274508,0.446114,0.075548
79.647600,1791353658.166937,0.192921,-0.532297,0.816546,-1.291154,0.393867,0.076570
79.668872,1791353658.185226,0.166973,-0.524977,0.818083,-1.303188,0.337924,0.077205
79.688252,1791353658.206263,0.139054,-0.517706,0.819718,-1.319460,0.282787,0.081241
79.708188,1791353658.226384,0.112059,-0.511888,0.821372,-1.330184,0.226040,0.086170
79.728361,1791353658.247079,0.085954,-0.507409,0.823049,-1.335233,0.169381,0.089171
79.748322,1791353658.265362,0.058727,-0.504006,0.824863,-1.341155,0.112719,0.092967
79.768527,1791353658.285949,0.031879,-0.502326,0.826738,-1.343094,0.055201,0.094629
79.787776,1791353658.308509,0.003606,-0.501194,0.828660,-1.347386,-0.000534,0.095028
79.809020,1791353658.325571,-0.023537,-0.501188,0.830556,-1.346221,-0.055872,0.094908
79.828941,1791353658.346091,-0.051582,-0.502509,0.832490,-1.346120,-0.111048,0.091336
79.849049,1791353658.365568,-0.078772,-0.504982,0.834343,-1.341422,-0.166696,0.090512
79.867995,1791353658.385660,-0.104833,-0.508339,0.836130,-1.331628,-0.220688,0.089169
79.889049,1791353658.406030,-0.131671,-0.512881,0.837990,-1.322997,-0.274349,0.086891
79.908119,1791353658.425691,-0.159459,-0.518869,0.839893,-1.315760,-0.329152,0.085609
79.928992,1791353658.445306,-0.186265,-0.525776,0.841776,-1.303642,-0.383525,0.088048
79.947654,1791353658.464980,-0.211806,-0.533305,0.843586,-1.286409,-0.433842,0.085698
79.968061,1791353658.485827,-0.238127,-0.542257,0.845538,-1.269634,-0.485447,0.087889
79.988868,1791353658.505820,-0.263086,-0.551869,0.847433,-1.246978,-0.534584,0.090883
80.008120,1791353658.526460,-0.288624,-0.562984,0.849483,-1.225063,-0.584553,0.092943
80.028482,1791353658.545503,-0.312863,-0.575169,0.851347,-1.198333,-0.633868,0.093698
80.047625,1791353658.565651,-0.336396,-0.587645,0.853242,-1.169468,-0.679998,0.092706
80.068336,1791353658.585567,-0.360119,-0.601382,0.855226,-1.141542,-0.725779,0.089920
80.088630,1791353658.607263,-0.382627,-0.615766,0.857163,-1.109769,-0.769818,0.090285
80.108057,1791353658.625650,-0.403652,-0.630267,0.859070,-1.073679,-0.810191,0.093417
80.127869,1791353658.645441,-0.424735,-0.646295,0.861076,-1.039040,-0.850590,0.093547
80.153205,1791353658.665346,-0.443213,-0.661498,0.862885,-0.997548,-0.882958,0.091970
80.168221,1791353658.685633,-0.447983,-0.667913,0.863483,-0.916964,-0.879720,0.088313
80.188341,1791353658.705619,-0.467878,-0.686793,0.865527,-0.883536,-0.918522,0.088177
80.207817,1791353658.726374,-0.487341,-0.706835,0.867588,-0.845234,-0.955624,0.085636
80.227986,1791353658.745480,-0.506384,-0.727970,0.869594,-0.807021,-0.992196,0.080602
80.248124,1791353658.765699,-0.523218,-0.748172,0.871407,-0.766966,-1.024223,0.080032
80.267700,1791353658.785966,-0.527452,-0.756099,0.871970,-0.692448,-1.010008,0.075637
80.288343,1791353658.805839,-0.543533,-0.778486,0.873854,-0.654559,-1.044807,0.074514
80.308467,1791353658.825317,-0.559071,-0.802218,0.875738,-0.616863,-1.080528,0.071051
80.327569,1791353658.845490,-0.573371,-0.825707,0.877517,-0.576861,-1.112989,0.070515
80.347615,1791353658.865876,-0.587057,-0.850573,0.879299,-0.537164,-1.146571,0.067887
80.368139,1791353658.889393,-0.599497,-0.875055,0.880954,-0.496621,-1.175363,0.063020
80.388924,1791353658.905698,-0.610710,-0.899340,0.882509,-0.453533,-1.200475,0.062097
80.408008,1791353658.926306,-0.621226,-0.924701,0.884075,-0.410751,-1.225578,0.059916
80.428734,1791353658.945819,-0.630550,-0.949479,0.885531,-0.367606,-1.245113,0.054819
80.455554,1791353658.965778,-0.637410,-0.974563,0.886597,-0.318171,-1.262898,0.052201
80.468121,1791353658.988822,-0.645062,-1.000833,0.887983,-0.274144,-1.282081,0.049310
80.488591,1791353659.008325,-0.651548,-1.026605,0.889232,-0.229418,-1.296695,0.045980
80.507905,1791353659.028172,-0.657174,-1.053397,0.890412,-0.185404,-1.311553,0.039516
80.528358,1791353659.049243,-0.661719,-1.079225,0.891438,-0.141530,-1.320772,0.030811
80.548612,1791353659.067408,-0.665238,-1.104587,0.892240,-0.097835,-1.326646,0.019668
80.568489,1791353659.085904,-0.667887,-1.130882,0.892806,-0.054485,-1.334051,0.006265
80.588620,1791353659.105365,-0.669628,-1.156255,0.893118,-0.010853,-1.336908,-0.005425
80.608461,1791353659.125886,-0.669378,-1.183053,0.892853,0.035965,-1.342451,-0.021128
80.628339,1791353659.145861,-0.669292,-1.209481,0.892608,0.080464,-1.344665,-0.030502
80.649199,1791353659.166087,-0.668272,-1.235195,0.892184,0.124657,-1.341642,-0.038704
80.668187,1791353659.185810,-0.666257,-1.261774,0.891595,0.169625,-1.338236,-0.043889
80.688564,1791353659.208581,-0.663366,-1.287499,0.890886,0.213793,-1.329593,-0.050095
80.707808,1791353659.225242,-0.659434,-1.313932,0.890124,0.259861,-1.321135,-0.050803
80.728456,1791353659.245658,-0.654763,-1.339027,0.889340,0.305080,-1.307252,-0.051497
80.747732,1791353659.265453,-0.649267,-1.363308,0.888617,0.350544,-1.289586,-0.050771
80.767996,1791353659.285772,-0.642579,-1.388121,0.887801,0.397040,-1.271782,-0.053211
80.788221,1791353659.306039,-0.635091,-1.412004,0.886960,0.443465,-1.248399,-0.055684
80.808140,1791353659.326302,-0.626194,-1.436597,0.885977,0.491834,-1.224732,-0.056689
80.828425,1791353659.347757,-0.616695,-1.459661,0.885014,0.537092,-1.195899,-0.061990
80.849749,1791353659.366300,-0.606496,-1.481707,0.883924,0.581520,-1.164262,-0.067327
80.869052,1791353659.386364,-0.594921,-1.503902,0.882735,0.628005,-1.133978,-0.072704
80.888798,1791353659.407768,-0.581940,-1.526156,0.881318,0.675296,-1.105616,-0.081778
80.910756,1791353659.425030,-0.568352,-1.547287,0.879767,0.720803,-1.075094,-0.089511
80.928792,1791353659.446820,-0.553486,-1.568509,0.877864,0.765504,-1.046910,-0.100647
80.949213,1791353659.468498,-0.538669,-1.587535,0.876035,0.804683,-1.013724,-0.112713
80.969279,1791353659.486336,-0.522449,-1.606648,0.873809,0.843928,-0.981934,-0.126151
80.988367,1791353659.508750,-0.505878,-1.624694,0.871365,0.880547,-0.946628,-0.136000
81.008399,1791353659.527148,-0.494610,-1.635177,0.869557,0.893971,-0.889567,-0.144862
81.028041,1791353659.545779,-0.476094,-1.652251,0.866634,0.929784,-0.850300,-0.150914
81.048188,1791353659.566011,-0.457358,-1.668133,0.863686,0.962806,-0.806176,-0.154163
81.068021,1791353659.587275,-0.437230,-1.683689,0.860593,0.997786,-0.760314,-0.155808
81.088413,1791353659.605181,-0.415748,-1.698752,0.857350,1.034916,-0.713155,-0.156881
81.108133,1791353659.626531,-0.394146,-1.712430,0.854192,1.069790,-0.662915,-0.157853
81.128412,1791353659.646357,-0.372427,-1.725195,0.850987,1.101751,-0.613363,-0.162297
81.147644,1791353659.666483,-0.350289,-1.736307,0.847776,1.132750,-0.561472,-0.160228
81.168169,1791353659.685694,-0.326692,-1.746954,0.844555,1.165211,-0.512302,-0.157481
81.187948,1791353659.706549,-0.303071,-1.756361,0.841491,1.194142,-0.462638,-0.151720
81.207630,1791353659.725496,-0.278071,-1.765171,0.838397,1.222722,-0.414996,-0.148701
81.228482,1791353659.746610,-0.253520,-1.772725,0.835481,1.245667,-0.366108,-0.143020
81.248890,1791353659.765670,-0.229127,-1.779209,0.832725,1.264074,-0.317092,-0.140561
81.268132,1791353659.785542,-0.203411,-1.785014,0.829985,1.283672,-0.266959,-0.133812
81.289039,1791353659.805780,-0.176500,-1.790047,0.827284,1.303622,-0.217401,-0.128310
81.307933,1791353659.828678,-0.149990,-1.794022,0.824801,1.318730,-0.168467,-0.124062
81.328569,1791353659.847867,-0.123490,-1.796901,0.822375,1.330808,-0.119410,-0.118371
81.348836,1791353659.865885,-0.097528,-1.798926,0.820151,1.338381,-0.071683,-0.114432
81.368398,1791353659.885849,-0.070409,-1.800145,0.817967,1.347257,-0.024011,-0.110654
81.387813,1791353659.905254,-0.043894,-1.800384,0.815907,1.351735,0.023594,-0.107249
81.408268,1791353659.925391,-0.038054,-1.797849,0.815655,1.287962,0.070335,-0.100425
81.428693,1791353659.945465,-0.009539,-1.796578,0.813481,1.296060,0.117371,-0.100233
81.447778,1791353659.966207,0.018216,-1.794441,0.811410,1.298644,0.164445,-0.099505
81.468322,1791353659.988828,0.046738,-1.791332,0.809331,1.300743,0.212720,-0.097344
81.488504,1791353660.005378,0.074347,-1.787356,0.807392,1.297556,0.260868,-0.095034
81.508470,1791353660.029746,0.081527,-1.784014,0.806896,1.228990,0.297331,-0.091295
81.529007,1791353660.046013,0.110255,-1.778216,0.804929,1.228868,0.347246,-0.086745
81.548941,1791353660.065464,0.137915,-1.771603,0.803171,1.224031,0.396048,-0.083512
81.568808,1791353660.086002,0.166012,-1.763751,0.801395,1.219359,0.445215,-0.083012
81.588447,1791353660.104852,0.194431,-1.754652,0.799675,1.213876,0.496321,-0.078341
