t_rel,state_stamp,x,y,z,vx,vy,vz
19.341436,1791353597.831673,-0.083166,-0.970351,1.077040,0.295962,-0.194057,-0.063798
19.344468,1791353597.853015,-0.077197,-0.974164,1.075831,0.300662,-0.187308,-0.057312
19.364211,1791353597.880281,-0.065111,-0.981389,1.073788,0.301929,-0.173736,-0.044516
19.384243,1791353597.889177,-0.065111,-0.981389,1.073788,0.301929,-0.173736,-0.044516
19.403687,1791353597.911711,-0.059104,-0.984785,1.072984,0.298346,-0.165629,-0.035438
19.424699,1791353597.930875,-0.053202,-0.987999,1.072390,0.291249,-0.155477,-0.023807
19.443528,1791353597.954136,-0.047484,-0.990985,1.072051,0.279995,-0.142759,-0.009877
19.463717,1791353597.976194,-0.042033,-0.993694,1.071996,0.264510,-0.127936,0.004235
19.483031,1791353598.001816,-0.032030,-0.998272,1.072780,0.221360,-0.095546,0.033759
19.503367,1791353598.028360,-0.027848,-1.000036,1.073584,0.196493,-0.081025,0.046991
19.523238,1791353598.028360,-0.027848,-1.000036,1.073584,0.196493,-0.081025,0.046991
19.543187,1791353598.054945,-0.021057,-1.002753,1.075972,0.142408,-0.055436,0.071529
19.564222,1791353598.068341,-0.021057,-1.002753,1.075972,0.142408,-0.055436,0.071529
19.584939,1791353598.095494,-0.018492,-1.003740,1.077523,0.114093,-0.043297,0.083512
19.603422,1791353598.112612,-0.015052,-1.004969,1.081277,0.058364,-0.017652,0.103539
19.623158,1791353598.148235,-0.014147,-1.005183,1.083428,0.032305,-0.003606,0.111433
19.643831,1791353598.149792,-0.013747,-1.005107,1.085736,0.008009,0.011271,0.119178
19.664161,1791353598.168421,-0.013747,-1.005107,1.085736,0.008009,0.011271,0.119178
19.683588,1791353598.196883,-0.014300,-1.004051,1.090731,-0.034434,0.041358,0.130184
19.703252,1791353598.210375,-0.015177,-1.003084,1.093382,-0.053109,0.055179,0.134630
19.724234,1791353598.230118,-0.015177,-1.003084,1.093382,-0.053109,0.055179,0.134630
19.743522,1791353598.267980,-0.017989,-1.000409,1.098893,-0.086823,0.077291,0.140703
19.774323,1791353598.267980,-0.017989,-1.000409,1.098893,-0.086823,0.077291,0.140703
19.785347,1791353598.298151,-0.019882,-0.998780,1.101725,-0.102343,0.085320,0.142243
19.803161,1791353598.313068,-0.022078,-0.997010,1.104580,-0.117119,0.091567,0.143492
19.823344,1791353598.330880,-0.024559,-0.995128,1.107470,-0.130909,0.096387,0.145636
19.843770,1791353598.361263,-0.027303,-0.993163,1.110397,-0.143222,0.099997,0.147365
19.864051,1791353598.372445,-0.030274,-0.991137,1.113350,-0.153692,0.102517,0.148080
19.883460,1791353598.397411,-0.033435,-0.989069,1.116314,-0.162164,0.104156,0.148501
19.903245,1791353598.419013,-0.036745,-0.986977,1.119279,-0.168586,0.104992,0.147890
19.923680,1791353598.432316,-0.040164,-0.984875,1.122227,-0.173017,0.105046,0.146898
19.943308,1791353598.460614,-0.047172,-0.980710,1.127981,-0.176324,0.102699,0.139724
19.963806,1791353598.467689,-0.047172,-0.980710,1.127981,-0.176324,0.102699,0.139724
19.984185,1791353598.498885,-0.050692,-0.978680,1.130731,-0.175531,0.100142,0.135254
20.003252,1791353598.528036,-0.057627,-0.974828,1.135962,-0.170669,0.091796,0.126388
20.023305,1791353598.528036,-0.057627,-0.974828,1.135962,-0.170669,0.091796,0.126388
20.043563,1791353598.554678,-0.177527,-1.363300,1.103359,-0.319139,-0.444048,0.062107
20.063541,1791353598.573202,-0.181118,-1.377085,1.101228,-0.312826,-0.462984,0.055596
20.083811,1791353598.587922,-0.181118,-1.377085,1.101228,-0.312826,-0.462984,0.055596
20.103679,1791353598.629228,-0.193441,-1.395781,1.103448,-0.301011,-0.465184,0.057405
20.123425,1791353598.629228,-0.193441,-1.395781,1.103448,-0.301011,-0.465184,0.057405
20.143499,1791353598.651671,-0.199328,-1.404909,1.104642,-0.286915,-0.446099,0.061444
20.163301,1791353598.674931,-0.204854,-1.413504,1.105914,-0.264781,-0.411828,0.064732
20.184879,1791353598.708765,-0.214178,-1.428047,1.108518,-0.197352,-0.310433,0.063185
20.203183,1791353598.708765,-0.214178,-1.428047,1.108518,-0.197352,-0.310433,0.063185
20.223576,1791353598.734491,-0.217720,-1.433678,1.109747,-0.156576,-0.252584,0.059416
20.244396,1791353598.755335,-0.220550,-1.438349,1.110943,-0.113039,-0.192343,0.055233
20.263206,1791353598.771575,-0.222409,-1.441640,1.112021,-0.073239,-0.136923,0.053321
20.283189,1791353598.791471,-0.223499,-1.443841,1.113092,-0.036393,-0.083265,0.054328
20.303520,1791353598.827500,-0.223624,-1.445053,1.115389,0.028247,0.023167,0.060297
20.323786,1791353598.827500,-0.223624,-1.445053,1.115389,0.028247,0.023167,0.060297
20.343726,1791353598.852568,-0.222763,-1.444031,1.116621,0.057585,0.079472,0.062399
20.363680,1791353598.877801,-0.219311,-1.438413,1.119114,0.114915,0.204237,0.060559
20.383952,1791353598.887972,-0.219311,-1.438413,1.119114,0.114915,0.204237,0.060559
20.403435,1791353598.911780,-0.216725,-1.433649,1.120289,0.143521,0.272683,0.056460
20.423685,1791353598.930446,-0.213573,-1.427488,1.121368,0.171439,0.343631,0.051463
20.443644,1791353598.953427,-0.205700,-1.410911,1.123230,0.220130,0.484029,0.042605
20.463197,1791353598.970745,-0.201104,-1.400575,1.124053,0.238952,0.549209,0.040895
20.483539,1791353598.990699,-0.196172,-1.388984,1.124882,0.253717,0.609203,0.042942
20.503979,1791353599.019306,-0.190987,-1.376256,1.125777,0.264258,0.662871,0.047078
20.524440,1791353599.029374,-0.190987,-1.376256,1.125777,0.264258,0.662871,0.047078
20.543772,1791353599.053466,-0.185631,-1.362513,1.126787,0.270905,0.710615,0.054498
20.570791,1791353599.054254,-0.180178,-1.347875,1.127964,0.273972,0.752461,0.063560
20.583662,1791353599.071404,-0.180178,-1.347875,1.127964,0.273972,0.752461,0.063560
20.603648,1791353599.128115,0.092004,-1.389871,1.136999,0.707258,0.700990,0.083048
20.623346,1791353599.129157,0.154302,-1.391449,1.139551,0.794905,0.694418,0.086787
20.644140,1791353599.147210,0.154302,-1.391449,1.139551,0.794905,0.694418,0.086787
20.663369,1791353599.188881,0.226791,-1.382345,1.144962,0.867063,0.685380,0.095682
20.683592,1791353599.188881,0.226791,-1.382345,1.144962,0.867063,0.685380,0.095682
20.703752,1791353599.220665,0.243980,-1.368513,1.146938,0.850609,0.697920,0.101989
20.723349,1791353599.240827,0.260717,-1.354423,1.149037,0.821720,0.711248,0.107733
20.743581,1791353599.256274,0.291891,-1.325422,1.153525,0.731519,0.738612,0.114843
20.763223,1791353599.288375,0.334703,-1.325666,1.157343,0.749182,0.711508,0.113073
20.783979,1791353599.288375,0.334703,-1.325666,1.157343,0.749182,0.711508,0.113073
20.803560,1791353599.319311,0.365339,-1.323310,1.160276,0.736781,0.688250,0.109592
20.823187,1791353599.333575,0.392941,-1.316937,1.162964,0.719379,0.674423,0.102742
20.844095,1791353599.368928,0.432178,-1.294320,1.167272,0.647049,0.674695,0.086946
20.863662,1791353599.368928,0.432178,-1.294320,1.167272,0.647049,0.674695,0.086946
20.883581,1791353599.396137,0.477054,-1.272843,1.170956,0.595355,0.671691,0.068280
20.903039,1791353599.409411,0.477054,-1.272843,1.170956,0.595355,0.671691,0.068280
20.923579,1791353599.436931,0.513857,-1.248792,1.173333,0.521281,0.671919,0.044988
20.943883,1791353599.451388,0.530603,-1.234762,1.174189,0.476314,0.673324,0.031846
20.970172,1791353599.470240,0.530603,-1.234762,1.174189,0.476314,0.673324,0.031846
20.984370,1791353599.497733,0.560710,-1.204240,1.174673,0.393502,0.682942,0.003589
21.003069,1791353599.510578,0.573743,-1.188384,1.174451,0.349769,0.688128,-0.010438
21.023346,1791353599.530312,0.586283,-1.170592,1.173939,0.306948,0.699466,-0.022920
21.044114,1791353599.547701,0.586283,-1.170592,1.173939,0.306948,0.699466,-0.022920
21.063620,1791353599.570559,0.596871,-1.153812,1.173283,0.260611,0.707002,-0.034525
21.083668,1791353599.595028,0.607571,-1.133633,1.172146,0.217979,0.724908,-0.045617
21.103460,1791353599.622478,0.611298,-1.119172,1.171154,0.154726,0.720813,-0.053366
21.125498,1791353599.632173,0.620348,-1.098450,1.169625,0.114318,0.734914,-0.063110
21.143977,1791353599.656214,0.635799,-1.050122,1.165648,0.033505,0.772840,-0.082548
21.163188,1791353599.688978,0.641567,-1.024573,1.163277,-0.009294,0.789645,-0.092545
21.184331,1791353599.688978,0.641567,-1.024573,1.163277,-0.009294,0.789645,-0.092545
21.203479,1791353599.722184,0.646186,-0.997265,1.160583,-0.053052,0.808134,-0.102769
21.223641,1791353599.730718,0.644505,-0.981329,1.158484,-0.115145,0.784934,-0.106910
21.243016,1791353599.752316,0.653077,-0.913725,1.152084,-0.187662,0.844964,-0.123898
21.263253,1791353599.768040,0.653077,-0.913725,1.152084,-0.187662,0.844964,-0.123898
21.283172,1791353599.798178,0.647288,-0.867104,1.146190,-0.291830,0.815613,-0.131146
21.303367,1791353599.808778,0.647288,-0.867104,1.146190,-0.291830,0.815613,-0.131146
21.323288,1791353599.832393,0.644507,-0.837788,1.142820,-0.336771,0.814206,-0.134989
21.343737,1791353599.853344,0.631907,-0.790210,1.136506,-0.438337,0.766160,-0.138976
21.364995,1791353599.867067,0.631907,-0.790210,1.136506,-0.438337,0.766160,-0.138976
21.383319,1791353599.908723,0.616532,-0.723461,1.128921,-0.534662,0.773899,-0.147289
21.403615,1791353599.908723,0.616532,-0.723461,1.128921,-0.534662,0.773899,-0.147289
21.423594,1791353599.935133,0.594462,-0.658601,1.121513,-0.638713,0.771988,-0.151289
21.443691,1791353599.966681,0.579314,-0.625844,1.117508,-0.696806,0.770440,-0.152629
21.463758,1791353599.986634,0.564843,-0.611026,1.114518,-0.749854,0.711210,-0.146281
21.483614,1791353600.008170,0.545826,-0.576524,1.110474,-0.807768,0.716580,-0.144976
21.503215,1791353600.008170,0.545826,-0.576524,1.110474,-0.807768,0.716580,-0.144976
21.523427,1791353600.031887,0.529197,-0.562798,1.107661,-0.854775,0.655523,-0.135444
21.543547,1791353600.067188,0.493309,-0.539091,1.102654,-0.937073,0.528765,-0.114220
21.563712,1791353600.087263,0.474204,-0.529171,1.100484,-0.972874,0.463207,-0.103100
21.583419,1791353600.087263,0.474204,-0.529171,1.100484,-0.972874,0.463207,-0.103100
21.603931,1791353600.113698,0.471598,-0.508762,1.100175,-0.955349,0.433232,-0.087128
21.623315,1791353600.136228,0.452199,-0.500764,1.098566,-0.984046,0.366488,-0.073732
21.644457,1791353600.155994,0.432262,-0.494101,1.097215,-1.009084,0.299733,-0.061258
21.663426,1791353600.170512,0.411862,-0.488774,1.096113,-1.030444,0.233011,-0.049046
21.684069,1791353600.195145,0.391065,-0.484779,1.095243,-1.048850,0.166415,-0.037927
21.703401,1791353600.212736,0.368857,-0.482021,1.094569,-1.065779,0.096108,-0.025942
21.723177,1791353600.230595,0.347403,-0.480768,1.094169,-1.079320,0.029185,-0.013617
21.743131,1791353600.267317,0.303832,-0.482240,1.094129,-1.096937,-0.101987,0.010911
21.763643,1791353600.287357,0.281857,-0.484922,1.094450,-1.099924,-0.166321,0.021664
21.783668,1791353600.307612,0.259866,-0.488896,1.095002,-1.098453,-0.231192,0.033387
21.803247,1791353600.307612,0.259866,-0.488896,1.095002,-1.098453,-0.231192,0.033387
21.823434,1791353600.339178,0.237954,-0.494174,1.095792,-1.092090,-0.296686,0.045594
21.843614,1791353600.353563,0.216221,-0.500770,1.096840,-1.080401,-0.363002,0.059788
21.863510,1791353600.377187,0.173741,-0.517964,1.099921,-1.039850,-0.496178,0.093933
21.883550,1791353600.389760,0.173741,-0.517964,1.099921,-1.039850,-0.496178,0.093933
21.903768,1791353600.417236,0.153223,-0.528534,1.101952,-1.011176,-0.560591,0.109231
21.923948,1791353600.447308,0.114132,-0.553389,1.106847,-0.941187,-0.679442,0.134886
21.943379,1791353600.449321,0.095690,-0.567501,1.109646,-0.902809,-0.731006,0.145191
21.964014,1791353600.478980,0.078026,-0.582586,1.112642,-0.863488,-0.776687,0.154585
21.983983,1791353600.489565,0.078026,-0.582586,1.112642,-0.863488,-0.776687,0.154585
22.003810,1791353600.527163,-0.289171,-0.165185,1.090103,-1.439703,0.127049,0.062760
22.023667,1791353600.527163,-0.289171,-0.165185,1.090103,-1.439703,0.127049,0.062760
22.043468,1791353600.556107,-0.317681,-0.162845,1.091482,-1.410993,0.107470,0.075235
22.063704,1791353600.588346,-0.345585,-0.160870,1.093121,-1.378775,0.090182,0.088876
22.083432,1791353600.595778,-0.372789,-0.159246,1.095062,-1.341084,0.071845,0.104213
22.103054,1791353600.621278,-0.550813,-0.041465,1.095010,-1.477390,0.283152,0.058389
22.122946,1791353600.626274,-0.550813,-0.041465,1.095010,-1.477390,0.283152,0.058389
22.143536,1791353600.660814,-0.608088,-0.031574,1.097131,-1.385626,0.207386,0.046995
22.163760,1791353600.687804,-0.700843,0.007410,1.098369,-1.460017,0.245271,0.027063
22.183166,1791353600.687804,-0.700843,0.007410,1.098369,-1.460017,0.245271,0.027063
22.203153,1791353600.715557,-0.757448,0.015296,1.099323,-1.369866,0.148229,0.019791
22.223352,1791353600.729634,-0.757448,0.015296,1.099323,-1.369866,0.148229,0.019791
22.243389,1791353600.767011,-0.829818,0.036335,1.101764,-1.312039,0.084203,0.007410
22.263382,1791353600.787287,-0.855554,0.037491,1.101843,-1.261323,0.031237,-0.000225
22.283561,1791353600.787287,-0.855554,0.037491,1.101843,-1.261323,0.031237,-0.000225
22.303442,1791353600.814589,-0.919298,0.029567,1.104029,-1.296500,-0.037474,-0.009705
22.328114,1791353600.822021,-0.971713,0.020320,1.105676,-1.306550,-0.110203,-0.020788
22.343485,1791353600.867929,-1.035436,0.005211,1.107246,-1.239485,-0.247914,-0.038288
22.364106,1791353600.868711,-1.099225,-0.022283,1.108463,-1.289761,-0.361844,-0.050986
22.383407,1791353600.907372,-1.124534,-0.030123,1.107324,-1.241123,-0.422295,-0.062775
22.402847,1791353600.907372,-1.124534,-0.030123,1.107324,-1.241123,-0.422295,-0.062775
22.423374,1791353600.934515,-1.154045,-0.046014,1.107509,-1.257480,-0.486131,-0.069465
22.443681,1791353600.968537,-1.205564,-0.076860,1.106923,-1.170349,-0.638535,-0.083324
22.464059,1791353600.988017,-1.246919,-0.105393,1.105444,-1.172253,-0.745534,-0.093861
22.483706,1791353600.989377,-1.286486,-0.135371,1.103814,-1.169359,-0.850514,-0.102609
22.503476,1791353601.006768,-1.286486,-0.135371,1.103814,-1.169359,-0.850514,-0.102609
22.534381,1791353601.032272,-1.324477,-0.166795,1.102070,-1.162459,-0.952858,-0.108062
22.543104,1791353601.068252,-1.400506,-0.238442,1.098217,-1.155441,-1.159757,-0.114839
22.563053,1791353601.069545,-1.447940,-0.288875,1.095259,-1.120437,-1.276056,-0.105288
22.583460,1791353601.089931,-1.447940,-0.288875,1.095259,-1.120437,-1.276056,-0.105288
22.603029,1791353601.113244,-1.485449,-0.331778,1.093194,-1.116460,-1.368577,-0.098715
22.623279,1791353601.137584,-1.543791,-0.405519,1.089800,-1.052753,-1.477930,-0.068910
22.644082,1791353601.147152,-1.543791,-0.405519,1.089800,-1.052753,-1.477930,-0.068910
22.663722,1791353601.188694,-1.603526,-0.485447,1.088201,-1.065858,-1.613574,-0.049168
22.683517,1791353601.188694,-1.603526,-0.485447,1.088201,-1.065858,-1.613574,-0.049168
22.704393,1791353601.212486,-1.647393,-0.548359,1.087590,-1.094089,-1.723313,-0.040019
22.723375,1791353601.230644,-1.668712,-0.582836,1.086999,-1.037848,-1.723359,-0.019138
22.743130,1791353601.267247,-1.728880,-0.683525,1.087432,-1.001259,-1.809279,0.014259
22.764159,1791353601.287186,-1.755124,-0.731514,1.088037,-0.972631,-1.830950,0.030540
22.783826,1791353601.287186,-1.755124,-0.731514,1.088037,-0.972631,-1.830950,0.030540
22.803666,1791353601.314137,-1.780482,-0.781042,1.088830,-0.942730,-1.847861,0.046488
22.824163,1791353601.335724,-1.809718,-0.843364,1.092432,-0.809658,-1.725249,0.089654
22.844173,1791353601.335724,-1.809718,-0.843364,1.092432,-0.809658,-1.725249,0.089654
22.863423,1791353601.389196,-1.850630,-0.945912,1.095901,-0.739009,-1.723700,0.112142
22.883645,1791353601.389196,-1.850630,-0.945912,1.095901,-0.739009,-1.723700,0.112142
22.903296,1791353601.412844,-1.868006,-0.997046,1.097878,-0.699632,-1.718661,0.120148
22.925741,1791353601.436333,-1.888240,-1.060699,1.102375,-0.584216,-1.580307,0.135353
22.944209,1791353601.452437,-1.899792,-1.108123,1.104475,-0.539943,-1.573151,0.134179
22.968652,1791353601.471146,-1.909630,-1.156434,1.106768,-0.493067,-1.568945,0.132077
22.983596,1791353601.506380,-1.917140,-1.202244,1.108867,-0.440896,-1.554260,0.129743
23.004161,1791353601.506380,-1.917140,-1.202244,1.108867,-0.440896,-1.554260,0.129743
23.023496,1791353601.546248,-1.926163,-1.289948,1.112375,-0.324673,-1.506834,0.120864
23.043115,1791353601.547054,-1.927314,-1.332931,1.115596,-0.260270,-1.479000,0.119626
23.063286,1791353601.574576,-1.926352,-1.374931,1.116774,-0.191996,-1.451707,0.110001
23.083840,1791353601.589941,-1.926352,-1.374931,1.116774,-0.191996,-1.451707,0.110001
23.103623,1791353601.614571,-1.929675,-1.403258,1.118935,-0.140339,-1.380863,0.106450
23.123683,1791353601.632187,-1.924317,-1.442861,1.119683,-0.064790,-1.351847,0.097541
23.143551,1791353601.668757,-1.906250,-1.524100,1.120810,0.096365,-1.301802,0.080613
23.163275,1791353601.668757,-1.906250,-1.524100,1.120810,0.096365,-1.301802,0.080613
23.183817,1791353601.697377,-1.894030,-1.561211,1.120943,0.177357,-1.272965,0.072069
23.204303,1791353601.714010,-1.889977,-1.585983,1.122380,0.227801,-1.203913,0.071796
23.223340,1791353601.735020,-1.848654,-1.657835,1.122980,0.423598,-1.148466,0.058617
23.244070,1791353601.745732,-1.848654,-1.657835,1.122980,0.423598,-1.148466,0.058617
23.268756,1791353601.771308,-1.825819,-1.692374,1.121946,0.520916,-1.119148,0.044784
23.283660,1791353601.796663,-1.814855,-1.714040,1.122769,0.575586,-1.047593,0.036962
23.303338,1791353601.829030,-1.760364,-1.772359,1.120062,0.778302,-0.975567,-0.002363
23.324182,1791353601.845962,-1.730063,-1.800884,1.117998,0.881607,-0.944897,-0.024278
23.343530,1791353601.846855,-1.718256,-1.805998,1.117495,0.918532,-0.834141,-0.034294
23.375952,1791353601.865988,-1.718256,-1.805998,1.117495,0.918532,-0.834141,-0.034294
23.392195,1791353601.881381,-1.682017,-1.834826,1.114520,1.032144,-0.816192,-0.055436
23.404050,1791353601.927831,-1.660827,-1.850487,1.113339,1.086301,-0.749457,-0.061545
23.423754,1791353601.943296,-1.568660,-1.907904,1.106252,1.329993,-0.722210,-0.077552
23.443580,1791353601.945691,-1.568660,-1.907904,1.106252,1.329993,-0.722210,-0.077552
23.464011,1791353601.973378,-1.526667,-1.930396,1.103578,1.419925,-0.690132,-0.079626
23.483569,1791353601.995174,-1.453635,-1.963752,1.099597,1.535816,-0.591451,-0.069888
23.503983,1791353602.029258,-1.407687,-1.984183,1.097120,1.611368,-0.564129,-0.067491
23.525908,1791353602.029258,-1.407687,-1.984183,1.097120,1.611368,-0.564129,-0.067491
23.543062,1791353602.054064,-1.332404,-2.011403,1.094231,1.677967,-0.465154,-0.045394
23.564265,1791353602.089286,-1.284346,-2.025983,1.092898,1.731524,-0.428099,-0.036876
23.583465,1791353602.089286,-1.284346,-2.025983,1.092898,1.731524,-0.428099,-0.036876
23.603820,1791353602.113137,-1.235338,-2.039252,1.091905,1.777122,-0.389463,-0.027697
23.623540,1791353602.130554,-1.187304,-2.051010,1.091100,1.810863,-0.348061,-0.018225
23.643449,1791353602.153093,-1.140656,-2.060643,1.090675,1.830724,-0.299728,-0.004441
23.663354,1791353602.174135,-1.079092,-2.067522,1.091941,1.745188,-0.162553,0.033718
23.683811,1791353602.208557,-1.030355,-2.072927,1.092568,1.756325,-0.110574,0.048269
23.703118,1791353602.209413,-0.983605,-2.076396,1.093563,1.755724,-0.055393,0.063843
23.724056,1791353602.231001,-0.948938,-2.076874,1.095028,1.710402,0.007580,0.083078
23.744445,1791353602.265170,-0.906440,-2.077393,1.096630,1.691838,0.063920,0.100075
23.772993,1791353602.265170,-0.906440,-2.077393,1.096630,1.691838,0.063920,0.100075
23.783613,1791353602.302599,-0.882855,-2.075171,1.098351,1.611929,0.125012,0.115469
23.803640,1791353602.314263,-0.839654,-2.071934,1.100542,1.601787,0.181973,0.126167
23.823307,1791353602.334648,-0.765022,-2.061396,1.105837,1.545245,0.299030,0.148768
23.843787,1791353602.359413,-0.723798,-2.053202,1.108514,1.534539,0.362565,0.156970
23.864026,1791353602.388930,-0.682652,-2.042841,1.111412,1.526851,0.429331,0.161735
23.885408,1791353602.388930,-0.682652,-2.042841,1.111412,1.526851,0.429331,0.161735
23.903643,1791353602.428993,-0.603298,-2.016520,1.117306,1.503258,0.571102,0.165608
23.927249,1791353602.428993,-0.603298,-2.016520,1.117306,1.503258,0.571102,0.165608
23.943000,1791353602.454136,-0.566319,-2.000992,1.120177,1.491078,0.642227,0.163766
23.968437,1791353602.470385,-0.531186,-1.983960,1.122853,1.476363,0.713051,0.157806
23.983656,1791353602.497931,-0.495891,-1.964894,1.125569,1.464070,0.785083,0.153250
24.003140,1791353602.513037,-0.428845,-1.921753,1.130367,1.435406,0.926001,0.145889
24.023814,1791353602.548839,-0.396912,-1.898241,1.132745,1.418407,0.990526,0.143611
24.043342,1791353602.549617,-0.365007,-1.872707,1.135082,1.401713,1.053048,0.141078
24.064008,1791353602.569822,-0.365007,-1.872707,1.135082,1.401713,1.053048,0.141078
24.083836,1791353602.600862,-0.304637,-1.818642,1.139685,1.351536,1.163488,0.139899
24.103064,1791353602.611291,-0.276295,-1.790457,1.142004,1.316608,1.209922,0.140604
24.123172,1791353602.646554,-0.249714,-1.762067,1.144263,1.273575,1.248420,0.142796
24.143997,1791353602.667893,-0.223641,-1.732147,1.146670,1.228370,1.283201,0.144640
24.163282,1791353602.668674,-0.199595,-1.706353,1.149601,1.175905,1.295529,0.148250
24.184734,1791353602.689442,-0.199595,-1.706353,1.149601,1.175905,1.295529,0.148250
24.204188,1791353602.714991,-0.156077,-1.646696,1.153931,1.062446,1.327002,0.143870
24.223724,1791353602.746714,-0.135997,-1.615996,1.155830,1.003599,1.338510,0.140322
24.242921,1791353602.767295,-0.116903,-1.584013,1.158028,0.944024,1.350770,0.137507
24.267869,1791353602.768086,-0.115102,-1.576310,1.159130,0.830762,1.276557,0.131558
24.284072,1791353602.786425,-0.115102,-1.576310,1.159130,0.830762,1.276557,0.131558
24.302847,1791353602.814404,-0.083933,-1.511042,1.162573,0.710885,1.295831,0.119696
24.323587,1791353602.846954,-0.070835,-1.479077,1.164167,0.648424,1.298918,0.115156
24.344241,1791353602.866420,-0.059105,-1.446839,1.165491,0.586235,1.301854,0.109359
24.364028,1791353602.887501,-0.047977,-1.420988,1.167647,0.526737,1.283130,0.106317
24.383784,1791353602.906701,-0.038969,-1.387374,1.169500,0.466151,1.290156,0.103266
24.403547,1791353602.906701,-0.038969,-1.387374,1.169500,0.466151,1.290156,0.103266
24.424061,1791353602.933101,-0.026839,-1.325157,1.171989,0.346368,1.287421,0.090405
24.444113,1791353602.949260,-0.026839,-1.325157,1.171989,0.346368,1.287421,0.090405
24.463705,1791353602.972805,-0.017697,-1.267591,1.174106,0.243635,1.263148,0.080354
24.483142,1791353602.989640,-0.017697,-1.267591,1.174106,0.243635,1.263148,0.080354
24.503538,1791353603.014925,-0.012516,-1.210722,1.175996,0.154867,1.225048,0.071571
24.523376,1791353603.047341,-0.009777,-1.186584,1.177402,0.119473,1.188263,0.069013
24.543362,1791353603.065814,-0.007712,-1.163225,1.178754,0.087371,1.147139,0.066186
24.563281,1791353603.065814,-0.007712,-1.163225,1.178754,0.087371,1.147139,0.066186
24.584101,1791353603.094468,-0.013593,-1.164918,1.177988,0.040313,1.025106,0.057002
24.603574,1791353603.128484,-0.012937,-1.125912,1.180097,-0.005038,0.923958,0.049397
24.623867,1791353603.147168,-0.013233,-1.107078,1.181092,-0.022669,0.869795,0.045653
24.644228,1791353603.148012,-0.013822,-1.090188,1.181964,-0.035964,0.819381,0.041834
24.663539,1791353603.188671,-0.014649,-1.074291,1.182767,-0.046363,0.770514,0.038935
24.683451,1791353603.205132,-0.015655,-1.059353,1.183518,-0.053927,0.723440,0.036527
24.703942,1791353603.228930,-0.036429,-1.014220,1.178554,-0.116076,0.764268,0.020710
24.723795,1791353603.246972,-0.038798,-0.999366,1.178956,-0.120540,0.721222,0.019414
24.743071,1791353603.265720,-0.058068,-0.965606,1.174206,-0.169276,0.732510,0.004069
24.763331,1791353603.289251,-0.061471,-0.951385,1.174276,-0.170742,0.689293,0.003070
24.783207,1791353603.289251,-0.061471,-0.951385,1.174276,-0.170742,0.689293,0.003070
24.803702,1791353603.329091,-0.085773,-0.915876,1.169687,-0.210484,0.623270,-0.011063
24.824147,1791353603.345594,-0.099093,-0.895255,1.167297,-0.227516,0.597423,-0.018840
24.843503,1791353603.346497,-0.111614,-0.876177,1.165437,-0.239009,0.568651,-0.025604
24.863304,1791353603.384044,-0.122739,-0.860045,1.163754,-0.243272,0.533715,-0.031949
24.883810,1791353603.384044,-0.122739,-0.860045,1.163754,-0.243272,0.533715,-0.031949
24.903400,1791353603.413607,-0.141460,-0.836669,1.160571,-0.234414,0.446191,-0.040016
24.923068,1791353603.424674,-0.141460,-0.836669,1.160571,-0.234414,0.446191,-0.040016
24.943487,1791353603.453418,-0.159573,-0.816309,1.157586,-0.216523,0.358064,-0.047116
24.965486,1791353603.484771,-0.163652,-0.809671,1.156621,-0.191003,0.305564,-0.049772
24.983687,1791353603.484771,-0.163652,-0.809671,1.156621,-0.191003,0.305564,-0.049772
25.003803,1791353603.513502,-0.169223,-0.808146,1.155632,-0.168331,0.240114,-0.052420
25.025079,1791353603.546245,-0.179966,-0.799981,1.152732,-0.123313,0.133867,-0.060980
25.043825,1791353603.546245,-0.179966,-0.799981,1.152732,-0.123313,0.133867,-0.060980
25.063437,1791353603.571616,-0.187500,-0.797535,1.150881,-0.107931,0.082282,-0.064714
25.083433,1791353603.590359,-0.194297,-0.796086,1.149159,-0.090958,0.033154,-0.067105
25.103539,1791353603.618643,-0.195791,-0.795901,1.147815,-0.058414,-0.014219,-0.066895
25.123719,1791353603.635798,-0.207144,-0.799052,1.144444,-0.025727,-0.102216,-0.065784
25.144332,1791353603.652801,-0.211704,-0.802602,1.143271,-0.008779,-0.143704,-0.062899
25.164208,1791353603.671131,-0.216074,-0.807687,1.141533,0.007062,-0.184345,-0.060945
25.183608,1791353603.691166,-0.219566,-0.813000,1.140119,0.024362,-0.220165,-0.057823
25.203809,1791353603.706309,-0.219566,-0.813000,1.140119,0.024362,-0.220165,-0.057823
25.224005,1791353603.730991,-0.218781,-0.817694,1.139011,0.054261,-0.248753,-0.052786
25.243660,1791353603.754108,-0.221406,-0.831517,1.136635,0.095556,-0.303436,-0.044196
25.267269,1791353603.769305,-0.221406,-0.831517,1.136635,0.095556,-0.303436,-0.044196
25.283621,1791353603.795127,-0.225431,-0.842288,1.135663,0.124302,-0.326969,-0.025848
25.303374,1791353603.809636,-0.225431,-0.842288,1.135663,0.124302,-0.326969,-0.025848
25.323502,1791353603.846256,-0.224107,-0.859501,1.134692,0.157051,-0.352139,-0.004239
25.344152,1791353603.847051,-0.220586,-0.866915,1.134728,0.178108,-0.353399,0.007497
25.366338,1791353603.864890,-0.220586,-0.866915,1.134728,0.178108,-0.353399,0.007497
25.383540,1791353603.904886,-0.223576,-0.882261,1.134620,0.182823,-0.348020,0.025613
25.404315,1791353603.929214,-0.219745,-0.889135,1.135222,0.200128,-0.339021,0.034193
25.423363,1791353603.946221,-0.215578,-0.895800,1.135978,0.216427,-0.327025,0.041344
25.443664,1791353603.946221,-0.215578,-0.895800,1.135978,0.216427,-0.327025,0.041344
25.463263,1791353603.971431,-0.211101,-0.902198,1.136859,0.231007,-0.312533,0.046637
25.507191,1791353603.997058,-0.206352,-0.908288,1.137841,0.243580,-0.296215,0.051551
25.513228,1791353603.998638,-0.205494,-0.925275,1.139350,0.242035,-0.311443,0.056070
25.528765,1791353604.053307,-0.200430,-0.943288,1.141348,0.241990,-0.297382,0.060046
25.548934,1791353604.069142,-0.198642,-0.960162,1.141457,0.237341,-0.313460,0.058575
25.569299,1791353604.089653,-0.194439,-0.970548,1.142192,0.238159,-0.310607,0.058778
25.595682,1791353604.109383,-0.195018,-0.973425,1.142809,0.224152,-0.285364,0.058463
25.608956,1791353604.110189,-0.190527,-0.978956,1.143981,0.224916,-0.267485,0.058616
25.630033,1791353604.146466,-0.185048,-0.987353,1.144977,0.228847,-0.256863,0.057722
25.650803,1791353604.164357,-0.179055,-0.994780,1.146608,0.234572,-0.242024,0.058004
25.669076,1791353604.189177,-0.173040,-1.002152,1.147342,0.240805,-0.226298,0.055354
25.689881,1791353604.204566,-0.168197,-1.006426,1.148429,0.243501,-0.200878,0.053340
25.708786,1791353604.204566,-0.168197,-1.006426,1.148429,0.243501,-0.200878,0.053340
25.728658,1791353604.253251,-0.153406,-1.018217,1.150068,0.261686,-0.161106,0.046199
25.748977,1791353604.268089,-0.146155,-1.022993,1.150591,0.268478,-0.139926,0.042139
25.769420,1791353604.287981,-0.138493,-1.027232,1.151044,0.274962,-0.119043,0.037970
25.789085,1791353604.304400,-0.130824,-1.030416,1.151515,0.279712,-0.097096,0.034440
25.808996,1791353604.324439,-0.128294,-1.031383,1.151515,0.267529,-0.070818,0.029223
25.829457,1791353604.353755,-0.119880,-1.033523,1.151872,0.271779,-0.050224,0.025423
25.848612,1791353604.368209,-0.111682,-1.035043,1.152025,0.273820,-0.029563,0.021984
25.868974,1791353604.388290,-0.103083,-1.035677,1.152361,0.275945,-0.007892,0.019958
25.889220,1791353604.403691,-0.094772,-1.036087,1.152508,0.276475,0.012719,0.016809
25.909510,1791353604.408037,-0.092726,-1.036277,1.152262,0.256926,0.032344,0.012891
25.928657,1791353604.452649,-0.083772,-1.035773,1.152222,0.258544,0.052193,0.009223
25.949152,1791353604.468822,-0.075096,-1.034072,1.152457,0.258531,0.073818,0.007948
25.969463,1791353604.489083,-0.066026,-1.031735,1.152676,0.259075,0.095025,0.005852
25.989340,1791353604.512624,-0.060979,-1.029653,1.152778,0.245473,0.113031,0.004526
26.009858,1791353604.512624,-0.060979,-1.029653,1.152778,0.245473,0.113031,0.004526
26.029593,1791353604.547210,-0.042983,-1.023144,1.152688,0.240756,0.147946,0.000235
26.049045,1791353604.567567,-0.034405,-1.019336,1.152467,0.235825,0.162253,-0.003076
26.069479,1791353604.588043,-0.026116,-1.015182,1.152127,0.229649,0.174378,-0.005774
26.089269,1791353604.608464,-0.017726,-1.010472,1.151761,0.221969,0.184942,-0.008827
26.109308,1791353604.609400,-0.015411,-1.009079,1.151520,0.196807,0.182888,-0.011043
26.129743,1791353604.648473,-0.011674,-1.005383,1.151282,0.176807,0.186474,-0.012819
26.149175,1791353604.663942,-0.008346,-1.001630,1.151020,0.155874,0.188761,-0.013409
26.169430,1791353604.687332,-0.005444,-0.997843,1.150745,0.134204,0.189728,-0.013960
26.188954,1791353604.703575,-0.002982,-0.994052,1.150456,0.111927,0.189167,-0.014607
26.210853,1791353604.730356,0.001333,-0.991796,1.150440,0.096359,0.182279,-0.014103
26.230399,1791353604.753736,0.003040,-0.988189,1.150154,0.074390,0.178168,-0.014006
26.250055,1791353604.768501,0.004317,-0.984679,1.149864,0.053454,0.172730,-0.015132
26.270321,1791353604.783846,0.005187,-0.981287,1.149560,0.033713,0.166410,-0.015127
26.289577,1791353604.805953,0.005674,-0.978026,1.149266,0.015094,0.159687,-0.014130
26.309839,1791353604.824275,0.014434,-0.973950,1.148354,0.021785,0.155477,-0.016345
26.329452,1791353604.848146,0.014700,-0.970911,1.148034,0.004890,0.148347,-0.016052
26.348857,1791353604.869842,0.014631,-0.968020,1.147698,-0.011790,0.140654,-0.017617
26.369477,1791353604.883713,0.014228,-0.965292,1.147337,-0.028568,0.132056,-0.018230
26.390315,1791353604.906982,0.027230,-0.951317,1.146197,-0.008176,0.153020,-0.022133
26.409238,1791353604.924098,0.026913,-0.948349,1.145737,-0.023453,0.143681,-0.024113
26.428697,1791353604.945314,0.035148,-0.939469,1.144985,-0.015051,0.149726,-0.026283
26.449262,1791353604.970968,0.034714,-0.936569,1.144449,-0.028293,0.140247,-0.026969
26.469261,1791353604.986995,0.034024,-0.933860,1.143902,-0.040586,0.130601,-0.027879
26.488951,1791353605.005815,0.033095,-0.931348,1.143336,-0.052290,0.120487,-0.028956
26.509014,1791353605.025352,0.031935,-0.929047,1.142746,-0.063606,0.109594,-0.030214
26.529302,1791353605.026273,0.030552,-0.926970,1.142122,-0.074709,0.097978,-0.031944
26.548644,1791353605.067748,0.028948,-0.925131,1.141465,-0.085731,0.085895,-0.033618
26.569443,1791353605.088144,0.027125,-0.923535,1.140779,-0.096500,0.073764,-0.035030
26.589301,1791353605.103466,0.025090,-0.922178,1.140078,-0.106898,0.061970,-0.035430
26.609966,1791353605.128990,0.022854,-0.921051,1.139365,-0.116628,0.050777,-0.035902
26.630039,1791353605.153480,0.020432,-0.920143,1.138637,-0.125478,0.040089,-0.036778
26.649105,1791353605.167344,0.017842,-0.919447,1.137893,-0.133445,0.029553,-0.037433
26.668808,1791353605.188694,0.028281,-0.894102,1.134560,-0.110591,0.075114,-0.043653
26.689099,1791353605.206628,0.026006,-0.892697,1.133690,-0.116789,0.065355,-0.043485
26.709378,1791353605.228812,0.023612,-0.891488,1.132825,-0.122605,0.055468,-0.042950
26.728888,1791353605.243534,0.029480,-0.881295,1.131976,-0.109486,0.065494,-0.042305
26.749157,1791353605.268377,0.027240,-0.880090,1.131138,-0.114445,0.054913,-0.041480
26.769765,1791353605.288359,0.024905,-0.879105,1.130318,-0.118966,0.043408,-0.040451
26.789305,1791353605.302963,0.022484,-0.878361,1.129521,-0.123060,0.030920,-0.039092
26.809394,1791353605.327357,0.019984,-0.877875,1.128752,-0.126928,0.017523,-0.037676
26.829261,1791353605.328280,0.017274,-0.877662,1.127985,-0.131195,0.002634,-0.035122
26.849216,1791353605.363906,0.014610,-0.877756,1.127301,-0.135238,-0.011993,-0.033342
26.869040,1791353605.364720,0.011862,-0.878142,1.126642,-0.139447,-0.026645,-0.032458
26.889240,1791353605.403203,0.009031,-0.878820,1.126015,-0.143636,-0.041065,-0.030682
26.909415,1791353605.430223,0.006119,-0.879781,1.125416,-0.147523,-0.054936,-0.029323
26.929038,1791353605.430223,0.006119,-0.879781,1.125416,-0.147523,-0.054936,-0.029323
26.949363,1791353605.471624,0.000090,-0.882497,1.124289,-0.153424,-0.080353,-0.027094
26.968859,1791353605.487077,-0.002995,-0.884219,1.123765,-0.154962,-0.091717,-0.025263
26.989095,1791353605.502864,-0.006412,-0.886363,1.123233,-0.155513,-0.103017,-0.023531
27.009184,1791353605.524578,-0.009520,-0.888516,1.122766,-0.155246,-0.112177,-0.023210
27.028985,1791353605.544264,-0.025688,-0.864575,1.121214,-0.180212,-0.068030,-0.024162
27.048798,1791353605.544264,-0.025688,-0.864575,1.121214,-0.180212,-0.068030,-0.024162
27.069336,1791353605.583459,-0.039974,-0.857344,1.118643,-0.190847,-0.059675,-0.024564
27.090110,1791353605.603813,-0.043760,-0.858594,1.118172,-0.187511,-0.065373,-0.022706
27.109310,1791353605.632621,-0.047463,-0.859965,1.117729,-0.182562,-0.071843,-0.021389
27.129128,1791353605.633538,-0.045894,-0.856851,1.118298,-0.164754,-0.069196,-0.017764
27.148748,1791353605.671227,-0.049112,-0.858315,1.117950,-0.156897,-0.077314,-0.017246
27.168551,1791353605.683702,-0.052164,-0.859947,1.117604,-0.148210,-0.085981,-0.016927
27.189181,1791353605.703034,-0.055037,-0.861757,1.117286,-0.139047,-0.094988,-0.014868
27.209417,1791353605.730700,-0.057726,-0.863747,1.117003,-0.129925,-0.104025,-0.013639
27.228937,1791353605.745566,-0.060237,-0.865917,1.116744,-0.121265,-0.112904,-0.012268
27.248691,1791353605.763507,-0.062580,-0.868261,1.116519,-0.113084,-0.121516,-0.010139
27.269390,1791353605.793636,-0.064763,-0.870775,1.116338,-0.105234,-0.129786,-0.008106
27.288590,1791353605.803951,-0.077414,-0.872566,1.115097,-0.122392,-0.135554,-0.009294
27.309652,1791353605.803951,-0.077414,-0.872566,1.115097,-0.122392,-0.135554,-0.009294
27.329206,1791353605.848221,-0.082012,-0.878267,1.114785,-0.107321,-0.149039,-0.006622
27.348793,1791353605.870614,-0.087986,-0.878449,1.114193,-0.108368,-0.148027,-0.007359
27.368947,1791353605.871430,-0.095145,-0.881861,1.113621,-0.112058,-0.153909,-0.008224
27.389097,1791353605.905585,-0.097299,-0.884984,1.113462,-0.103275,-0.158357,-0.007920
27.409432,1791353605.923437,-0.099273,-0.888193,1.113300,-0.094064,-0.162483,-0.008017
27.429898,1791353605.947066,-0.105372,-0.891782,1.113116,-0.095020,-0.167160,-0.008695
27.449797,1791353605.970560,-0.107639,-0.892744,1.112808,-0.086568,-0.164949,-0.010212
27.468770,1791353605.987884,-0.109273,-0.896077,1.112587,-0.076707,-0.168323,-0.011848
27.489125,1791353606.003422,-0.110705,-0.899474,1.112332,-0.066461,-0.171230,-0.013386
27.509552,1791353606.024114,-0.111927,-0.902920,1.112051,-0.055659,-0.173334,-0.014708
27.529104,1791353606.049220,-0.112927,-0.906399,1.111738,-0.044292,-0.174355,-0.016412
27.548791,1791353606.065951,-0.113694,-0.909886,1.111407,-0.032295,-0.174187,-0.016657
27.569862,1791353606.083445,-0.114217,-0.913358,1.111064,-0.019958,-0.172950,-0.017532
27.589208,1791353606.106571,-0.114491,-0.916797,1.110700,-0.007446,-0.170843,-0.018760
27.609399,1791353606.107381,-0.114516,-0.920187,1.110316,0.004904,-0.168118,-0.019408
27.628765,1791353606.148137,-0.114297,-0.923518,1.109932,0.016902,-0.164963,-0.019028
27.649334,1791353606.173026,-0.113845,-0.926785,1.109550,0.028232,-0.161717,-0.019248
27.669287,1791353606.187703,-0.113135,-0.930146,1.109141,0.039255,-0.158491,-0.019903
27.689265,1791353606.204098,-0.112252,-0.933287,1.108730,0.048944,-0.155583,-0.021478
27.708804,1791353606.226339,-0.111183,-0.936370,1.108291,0.057882,-0.152669,-0.022006
27.729997,1791353606.247278,-0.109942,-0.939390,1.107848,0.066250,-0.149342,-0.022403
27.749168,1791353606.268099,-0.108536,-0.942337,1.107399,0.074294,-0.145197,-0.022481
27.769108,1791353606.287335,-0.106972,-0.945191,1.106960,0.082063,-0.140131,-0.021559
27.789633,1791353606.305997,-0.105256,-0.947935,1.106537,0.089538,-0.134123,-0.020246
27.809504,1791353606.326435,-0.103394,-0.950550,1.106145,0.096605,-0.127323,-0.019041
27.828977,1791353606.346245,-0.101395,-0.953023,1.105783,0.103200,-0.119902,-0.017305
27.852496,1791353606.347682,-0.099269,-0.955342,1.105456,0.109325,-0.112006,-0.015679
27.868997,1791353606.382808,-0.097027,-0.957501,1.105158,0.114735,-0.103880,-0.014162
27.889374,1791353606.404256,-0.108765,-0.975457,1.104917,0.090435,-0.128266,-0.013717
27.909468,1791353606.427925,-0.106926,-0.977946,1.104647,0.093270,-0.120685,-0.013209
27.929878,1791353606.442782,-0.105043,-0.980284,1.104398,0.094951,-0.113027,-0.012022
27.949381,1791353606.453810,-0.109578,-0.982198,1.104621,0.082612,-0.104424,-0.009917
27.969378,1791353606.482524,-0.107926,-0.984200,1.104431,0.082568,-0.095735,-0.009076
27.989376,1791353606.502626,-0.106277,-0.986020,1.104261,0.082342,-0.086168,-0.008288
28.009136,1791353606.522884,-0.102934,-0.993431,1.103353,0.085659,-0.087721,-0.008705
28.029147,1791353606.547742,-0.101219,-0.995081,1.103182,0.085926,-0.077226,-0.008070
28.049880,1791353606.563468,-0.099955,-0.998240,1.102750,0.085590,-0.070355,-0.008633
28.068926,1791353606.593865,-0.098234,-0.999544,1.102573,0.086444,-0.060054,-0.009090
28.089021,1791353606.602537,-0.094762,-1.003212,1.101931,0.090956,-0.055484,-0.009451
28.109556,1791353606.627627,-0.092940,-1.004224,1.101743,0.091166,-0.045740,-0.009005
28.129333,1791353606.628443,-0.091123,-1.005043,1.101570,0.090405,-0.036269,-0.008210
28.149824,1791353606.663830,-0.086411,-1.007812,1.100864,0.095499,-0.031982,-0.008634
28.169266,1791353606.688367,-0.084525,-1.008360,1.100693,0.092995,-0.022872,-0.008432
28.189138,1791353606.702357,-0.080766,-1.010353,1.100155,0.094597,-0.017835,-0.008920
28.209399,1791353606.727776,-0.077196,-1.011540,1.099770,0.095531,-0.011254,-0.008649
28.229458,1791353606.742414,-0.075320,-1.011677,1.099607,0.091995,-0.002408,-0.007687
28.249366,1791353606.763565,-0.071846,-1.012476,1.099207,0.092311,0.004383,-0.006482
28.269936,1791353606.788651,-0.070065,-1.012727,1.099079,0.087852,0.012319,-0.003986
28.289515,1791353606.802932,-0.067183,-1.013288,1.098603,0.085786,0.019038,-0.002741
28.309571,1791353606.827508,-0.065526,-1.012816,1.098581,0.079769,0.028148,0.000610
28.328628,1791353606.848003,-0.062701,-1.013250,1.098157,0.076588,0.034107,0.003370
28.348869,1791353606.866262,-0.061241,-1.012481,1.098263,0.069365,0.042762,0.007227
28.369536,1791353606.866262,-0.061241,-1.012481,1.098263,0.069365,0.042762,0.007227
28.389099,1791353606.902391,-0.059940,-1.011765,1.098322,0.050944,0.055695,0.010248
28.409282,1791353606.929959,-0.056741,-1.010871,1.098048,0.050334,0.062444,0.010376
28.428765,1791353606.946217,-0.053650,-1.008658,1.098300,0.049807,0.072198,0.012289
28.448631,1791353606.970524,-0.051114,-1.007286,1.098134,0.048013,0.078352,0.012452
28.472156,1791353606.971335,-0.048591,-1.005067,1.098241,0.046499,0.086034,0.012194
28.488629,1791353607.006397,-0.047724,-1.003292,1.098485,0.040161,0.091337,0.012214
28.509535,1791353607.030023,-0.044981,-1.000202,1.098899,0.039591,0.099648,0.012881
28.529836,1791353607.042768,-0.042665,-0.997100,1.099246,0.037531,0.106896,0.013720
28.548929,1791353607.071424,-0.041067,-0.995347,1.099691,0.037835,0.110764,0.014775
28.570239,1791353607.072321,-0.039219,-0.992099,1.100291,0.034276,0.116951,0.015159
28.588759,1791353607.102895,-0.037759,-0.989421,1.100466,0.029425,0.120261,0.014317
28.609539,1791353607.103733,-0.036293,-0.986371,1.100488,0.024847,0.123966,0.012553
28.628922,1791353607.146571,-0.035024,-0.983231,1.100497,0.019848,0.127210,0.011286
28.649237,1791353607.149035,-0.034012,-0.980183,1.100370,0.014287,0.129507,0.009615
28.670080,1791353607.183193,-0.033826,-0.979245,1.100726,0.006441,0.124381,0.009247
28.689121,1791353607.203481,-0.033774,-0.976762,1.100903,-0.001283,0.123859,0.008397
28.709530,1791353607.226816,-0.032612,-0.972135,1.101117,-0.004813,0.129493,0.006701
28.729203,1791353607.245446,-0.032560,-0.969417,1.100713,-0.011278,0.127987,0.003220
28.749202,1791353607.271195,-0.032377,-0.966032,1.100556,-0.016491,0.127947,-0.000157
28.768866,1791353607.271195,-0.032377,-0.966032,1.100556,-0.016491,0.127947,-0.000157
28.788936,1791353607.303622,-0.032934,-0.962686,1.100733,-0.027487,0.115364,-0.002310
28.809171,1791353607.323276,-0.033322,-0.959536,1.100221,-0.032162,0.113583,-0.005144
28.829549,1791353607.346647,-0.034015,-0.957315,1.100101,-0.037085,0.108524,-0.006843
28.849388,1791353607.365370,-0.034336,-0.953452,1.099934,-0.040169,0.108412,-0.008094
28.869411,1791353607.387087,-0.034280,-0.952466,1.099715,-0.041308,0.098920,-0.009424
28.889551,1791353607.413592,-0.035141,-0.950550,1.099512,-0.044709,0.092574,-0.010844
28.909302,1791353607.427815,-0.036064,-0.948765,1.099277,-0.047555,0.085974,-0.012756
28.929077,1791353607.446090,-0.037039,-0.947113,1.099005,-0.049867,0.079148,-0.014551
28.949036,1791353607.463232,-0.038509,-0.943280,1.098131,-0.053067,0.079159,-0.018582
28.971606,1791353607.483611,-0.040245,-0.940073,1.097116,-0.056504,0.077172,-0.021176
28.989302,1791353607.502603,-0.041387,-0.938600,1.096689,-0.057720,0.070089,-0.021378
29.009644,1791353607.502603,-0.041387,-0.938600,1.096689,-0.057720,0.070089,-0.021378
29.029070,1791353607.548735,-0.044708,-0.932044,1.095440,-0.062209,0.066993,-0.023013
29.050829,1791353607.564082,-0.046687,-0.930138,1.094487,-0.064737,0.061555,-0.024942
29.068837,1791353607.584824,-0.047128,-0.929659,1.094073,-0.062094,0.052055,-0.026055
29.089070,1791353607.609209,-0.048364,-0.928696,1.093540,-0.061371,0.044270,-0.027394
29.109698,1791353607.609209,-0.048364,-0.928696,1.093540,-0.061371,0.044270,-0.027394
29.128988,1791353607.646685,-0.050824,-0.927223,1.092368,-0.058338,0.027444,-0.029441
29.149232,1791353607.663373,-0.051970,-0.926759,1.091781,-0.056224,0.018950,-0.029088
29.169236,1791353607.683549,-0.053072,-0.926464,1.091205,-0.053937,0.010476,-0.028643
29.189242,1791353607.714224,-0.053855,-0.925181,1.091022,-0.050830,0.005430,-0.027574
29.209361,1791353607.734369,-0.054847,-0.925151,1.090472,-0.048394,-0.002390,-0.027399
29.229535,1791353607.745348,-0.055792,-0.925272,1.089925,-0.046062,-0.009668,-0.027482
29.249668,1791353607.762267,-0.056690,-0.925535,1.089376,-0.043744,-0.016553,-0.027321
29.270247,1791353607.787498,-0.057542,-0.925932,1.088835,-0.041424,-0.023117,-0.026984
29.289474,1791353607.802779,-0.058346,-0.926457,1.088298,-0.039057,-0.029385,-0.026729
29.309178,1791353607.826811,-0.059103,-0.927105,1.087767,-0.036640,-0.035354,-0.026718
29.329093,1791353607.847291,-0.059811,-0.927869,1.087234,-0.034107,-0.040937,-0.026323
29.349540,1791353607.862574,-0.060467,-0.928739,1.086705,-0.031523,-0.046031,-0.026889
29.369372,1791353607.882928,-0.061071,-0.929706,1.086163,-0.028889,-0.050627,-0.026907
29.388979,1791353607.911938,-0.061623,-0.930760,1.085630,-0.026258,-0.054714,-0.026367
29.409885,1791353607.922058,-0.062122,-0.931891,1.085108,-0.023643,-0.058311,-0.025612
29.429117,1791353607.945879,-0.062568,-0.933089,1.084602,-0.020959,-0.061371,-0.025205
29.449107,1791353607.968058,-0.062958,-0.934343,1.084108,-0.018066,-0.063996,-0.024122
29.470188,1791353607.982492,-0.063289,-0.935646,1.083639,-0.014934,-0.066251,-0.022912
29.489499,1791353608.008520,-0.063555,-0.936990,1.083193,-0.011644,-0.068162,-0.021619
29.508726,1791353608.027202,-0.063754,-0.938369,1.082771,-0.008285,-0.069723,-0.020256
29.529097,1791353608.047079,-0.063886,-0.939776,1.082381,-0.004951,-0.070956,-0.018419
29.549370,1791353608.062219,-0.063953,-0.941205,1.082034,-0.001720,-0.071865,-0.016552
29.568985,1791353608.087338,-0.063956,-0.942649,1.081728,0.001351,-0.072467,-0.014402
29.588856,1791353608.103595,-0.063901,-0.944101,1.081455,0.004137,-0.072655,-0.013081
29.609000,1791353608.121418,-0.063794,-0.945552,1.081201,0.006495,-0.072431,-0.012172
29.629209,1791353608.147379,-0.063644,-0.946995,1.080966,0.008501,-0.071815,-0.011278
29.650437,1791353608.161875,-0.063456,-0.948422,1.080755,0.010198,-0.070838,-0.009813
29.669622,1791353608.163332,-0.063237,-0.949826,1.080578,0.011711,-0.069484,-0.007854
29.689080,1791353608.204528,-0.062988,-0.951198,1.080433,0.013263,-0.067659,-0.006329
29.709125,1791353608.227320,-0.062706,-0.952529,1.080320,0.014832,-0.065361,-0.004827
29.729335,1791353608.246016,-0.062395,-0.953810,1.080235,0.016323,-0.062705,-0.003839
29.748847,1791353608.263252,-0.062054,-0.955034,1.080183,0.017695,-0.059684,-0.001480
29.769850,1791353608.280788,-0.061689,-0.956195,1.080177,0.018808,-0.056389,0.000315
29.788930,1791353608.305160,-0.061306,-0.957289,1.080199,0.019429,-0.052985,0.002411
29.809366,1791353608.333264,-0.060915,-0.958314,1.080266,0.019635,-0.049535,0.004437
29.829129,1791353608.346798,-0.060524,-0.959271,1.080374,0.019412,-0.046121,0.006507
29.849716,1791353608.367944,-0.114508,-0.925896,1.077103,-0.072466,0.015746,0.003203
29.869534,1791353608.368774,-0.116055,-0.925520,1.077194,-0.074934,0.020073,0.004955
29.889545,1791353608.403787,-0.117580,-0.925079,1.077321,-0.077513,0.023947,0.007944
29.909695,1791353608.433017,-0.122886,-0.921359,1.076942,-0.085595,0.032638,0.009814
29.928903,1791353608.435026,-0.124597,-0.920686,1.077162,-0.085271,0.034429,0.012072
29.949061,1791353608.467891,-0.126274,-0.919996,1.077419,-0.082031,0.034305,0.013683
29.969583,1791353608.482690,-0.127854,-0.919328,1.077706,-0.075510,0.032339,0.014644
29.988593,1791353608.503207,-0.129272,-0.918715,1.078003,-0.066009,0.028836,0.015032
30.009517,1791353608.503207,-0.129272,-0.918715,1.078003,-0.066009,0.028836,0.015032
30.033332,1791353608.546982,-0.131440,-0.917752,1.078639,-0.041837,0.018853,0.016420
30.049207,1791353608.563244,-0.132148,-0.917435,1.078981,-0.029043,0.012752,0.017473
30.069239,1791353608.581157,-0.132603,-0.917248,1.079333,-0.016464,0.005867,0.017739
30.089386,1791353608.605293,-0.132809,-0.917207,1.079686,-0.004203,-0.001834,0.017570
30.109500,1791353608.628636,-0.137380,-0.921860,1.077177,-0.000912,-0.018789,0.012610
30.135815,1791353608.645824,-0.137281,-0.922326,1.077433,0.010866,-0.027858,0.013341
30.148918,1791353608.663542,-0.136946,-0.922976,1.077706,0.022657,-0.037072,0.014095
30.177417,1791353608.682585,-0.138234,-0.926150,1.076523,0.030612,-0.050807,0.011755
30.188780,1791353608.704141,-0.137506,-0.927254,1.076766,0.042097,-0.059498,0.012327
30.209049,1791353608.705596,-0.138039,-0.927868,1.076093,0.050172,-0.066060,0.010387
30.229216,1791353608.741164,-0.137393,-0.931155,1.075962,0.059922,-0.077443,0.009899
30.249511,1791353608.762990,-0.136364,-0.934358,1.075977,0.069600,-0.087489,0.010221
30.269011,1791353608.783496,-0.134874,-0.936167,1.076195,0.079337,-0.093375,0.011656
30.289051,1791353608.804967,-0.133158,-0.938783,1.076616,0.088581,-0.100405,0.013334
30.309413,1791353608.804967,-0.133158,-0.938783,1.076616,0.088581,-0.100405,0.013334
30.329328,1791353608.846795,-0.129634,-0.944317,1.076984,0.104136,-0.112226,0.015305
30.348650,1791353608.860807,-0.127478,-0.946592,1.077300,0.111407,-0.115097,0.016569
30.370149,1791353608.887746,-0.125392,-0.950377,1.077589,0.117654,-0.120936,0.017923
30.389284,1791353608.903149,-0.122979,-0.952803,1.077969,0.123474,-0.121543,0.020099
30.408640,1791353608.923443,-0.120757,-0.956811,1.078687,0.127594,-0.125515,0.023423
30.429066,1791353608.948182,-0.118162,-0.959307,1.079178,0.131703,-0.123873,0.025629
30.449507,1791353608.964559,-0.115498,-0.961758,1.079708,0.134659,-0.121140,0.027062
30.470188,1791353608.988085,-0.112783,-0.964145,1.080267,0.136628,-0.117409,0.028911
30.488763,1791353609.005088,-0.110039,-0.966448,1.080868,0.137657,-0.112832,0.031079
30.509193,1791353609.023418,-0.107284,-0.968652,1.081505,0.137758,-0.107522,0.032549
30.529381,1791353609.046385,-0.108643,-0.967616,1.081561,0.124792,-0.092323,0.032141
30.548653,1791353609.063930,-0.106165,-0.969396,1.082220,0.122915,-0.085609,0.033625
30.569983,1791353609.082787,-0.103731,-0.971038,1.082893,0.120511,-0.078455,0.033633
30.588626,1791353609.113265,-0.101347,-0.972531,1.083564,0.117845,-0.070846,0.033323
30.609544,1791353609.121570,-0.098902,-0.973932,1.084252,0.115006,-0.062491,0.032315
30.629922,1791353609.141501,-0.096629,-0.975100,1.084886,0.112211,-0.054306,0.031399
30.648627,1791353609.169860,-0.094414,-0.976103,1.085513,0.109271,-0.046013,0.031226
30.669339,1791353609.188414,-0.092260,-0.976940,1.086136,0.106172,-0.037690,0.031065
30.689881,1791353609.204028,-0.090169,-0.977612,1.086757,0.102891,-0.029493,0.030800
30.708652,1791353609.221315,-0.088146,-0.978122,1.087368,0.099405,-0.021622,0.030241
30.733609,1791353609.228214,-0.086195,-0.978480,1.087965,0.095654,-0.014235,0.029352
30.748780,1791353609.263368,-0.084321,-0.978696,1.088537,0.091679,-0.007384,0.028112
30.769922,1791353609.293402,-0.082529,-0.978779,1.089089,0.087527,-0.001012,0.026987
30.788734,1791353609.304704,-0.080821,-0.978739,1.089610,0.083219,0.004932,0.025267
30.809070,1791353609.323399,-0.079201,-0.978585,1.090096,0.078766,0.010524,0.023315
30.829321,1791353609.347014,-0.077671,-0.978321,1.090548,0.074301,0.015773,0.021908
30.854522,1791353609.362068,-0.070009,-0.985790,1.091512,0.084087,0.002854,0.021465
30.869536,1791353609.387076,-0.068367,-0.985692,1.091926,0.080059,0.006815,0.019703
30.888696,1791353609.405138,-0.065514,-0.988439,1.091967,0.079045,0.003846,0.017121
30.908701,1791353609.427874,-0.063971,-0.988332,1.092282,0.075206,0.006816,0.014276
30.929445,1791353609.442168,-0.061633,-0.989733,1.092226,0.073115,0.006345,0.011551
30.953564,1791353609.461640,-0.060213,-0.989574,1.092436,0.068793,0.009600,0.009830
30.970103,1791353609.483325,-0.058885,-0.989346,1.092615,0.063921,0.013226,0.008069
30.990018,1791353609.503225,-0.056881,-0.989697,1.092496,0.060265,0.015707,0.005625
31.008773,1791353609.532665,-0.055734,-0.989343,1.092587,0.054390,0.019732,0.003657
31.028727,1791353609.550329,-0.053566,-0.987895,1.092691,0.050914,0.026104,0.001385
31.048980,1791353609.563676,-0.052089,-0.987319,1.092554,0.046026,0.030114,-0.001514
31.069182,1791353609.582709,-0.051230,-0.986680,1.092495,0.039824,0.033787,-0.004233
31.089143,1791353609.604865,-0.050496,-0.985970,1.092389,0.033515,0.037218,-0.006166
31.109570,1791353609.632915,-0.049890,-0.985194,1.092247,0.027043,0.040328,-0.007634
31.137671,1791353609.644696,-0.049706,-0.984579,1.092280,0.019680,0.042515,-0.007509
31.148956,1791353609.669719,-0.049379,-0.983705,1.092123,0.013031,0.044806,-0.008057
31.170135,1791353609.680872,-0.049184,-0.982790,1.091954,0.006569,0.046583,-0.008890
31.189126,1791353609.703481,-0.049113,-0.981845,1.091769,0.000561,0.047865,-0.009827
31.209188,1791353609.729395,-0.049156,-0.980879,1.091570,-0.004794,0.048676,-0.009937
31.228881,1791353609.741807,-0.049299,-0.979902,1.091368,-0.009380,0.049049,-0.010205
31.249212,1791353609.771447,-0.049524,-0.978920,1.091158,-0.013061,0.049123,-0.010396
31.270167,1791353609.783222,-0.049815,-0.977940,1.090945,-0.015903,0.048837,-0.010666
31.289803,1791353609.804191,-0.050155,-0.976970,1.090725,-0.018013,0.048086,-0.011477
31.309224,1791353609.830407,-0.050532,-0.976021,1.090494,-0.019582,0.046761,-0.011701
31.331584,1791353609.842685,-0.050956,-0.975059,1.090250,-0.020804,0.044774,-0.011778
31.349384,1791353609.860365,-0.051381,-0.974187,1.090005,-0.021647,0.042376,-0.012289
31.369058,1791353609.883922,-0.051820,-0.973367,1.089767,-0.022201,0.039599,-0.011933
31.388709,1791353609.906003,-0.052267,-0.972604,1.089534,-0.022490,0.036612,-0.011101
31.409186,1791353609.925333,-0.052717,-0.971902,1.089311,-0.022478,0.033586,-0.011030
31.428958,1791353609.940452,-0.053164,-0.971261,1.089096,-0.022205,0.030554,-0.010605
31.449062,1791353609.965444,-0.053604,-0.970680,1.088891,-0.021772,0.027556,-0.009732
31.470380,1791353609.983607,-0.054035,-0.970158,1.088699,-0.021326,0.024661,-0.009586
31.489371,1791353610.004330,-0.054457,-0.969693,1.088519,-0.020822,0.021790,-0.008762
31.509276,1791353610.009906,-0.054868,-0.969286,1.088347,-0.020336,0.018986,-0.008489
31.533139,1791353610.040557,-0.055271,-0.968934,1.088175,-0.019923,0.016178,-0.008752
31.548772,1791353610.061492,-0.055665,-0.968638,1.088007,-0.019584,0.013448,-0.008195
31.570658,1791353610.080948,-0.056055,-0.968395,1.087858,-0.019411,0.010848,-0.006483
31.589827,1791353610.104559,-0.056443,-0.968203,1.087738,-0.019425,0.008410,-0.005475
31.608818,1791353610.120010,-0.056833,-0.968057,1.087641,-0.019592,0.006167,-0.004381
31.629146,1791353610.141173,-0.057228,-0.967954,1.087555,-0.019962,0.004200,-0.004171
31.649388,1791353610.142574,-0.057633,-0.967887,1.087476,-0.020488,0.002594,-0.003506
31.669362,1791353610.188313,-0.058048,-0.967848,1.087414,-0.021035,0.001337,-0.003131
31.690137,1791353610.203886,-0.058475,-0.967830,1.087353,-0.021700,0.000485,-0.002782
31.709005,1791353610.228549,-0.058915,-0.967826,1.087290,-0.022212,0.000003,-0.003247
31.733042,1791353610.240434,-0.059363,-0.967827,1.087225,-0.022579,-0.000087,-0.003477
31.748875,1791353610.271556,-0.059815,-0.967826,1.087156,-0.022592,0.000216,-0.003512
31.770545,1791353610.280898,-0.060265,-0.967816,1.087083,-0.022362,0.000885,-0.003688
31.789032,1791353610.304902,-0.060709,-0.967788,1.087003,-0.022020,0.001887,-0.003925
31.808948,1791353610.326815,-0.054259,-0.934148,1.085200,-0.009843,0.059681,-0.005821
31.829776,1791353610.339894,-0.054421,-0.930203,1.084281,-0.009273,0.066532,-0.005989
31.849247,1791353610.362972,-0.054527,-0.928269,1.083888,-0.008506,0.069823,-0.005863
31.869725,1791353610.383019,-0.054688,-0.926854,1.083775,-0.007623,0.071577,-0.005336
31.890514,1791353610.403205,-0.054830,-0.925415,1.083674,-0.006548,0.072039,-0.004599
31.909366,1791353610.427361,-0.054950,-0.923986,1.083583,-0.005376,0.070591,-0.004516
31.929400,1791353610.441463,-0.056298,-0.923375,1.082641,-0.007000,0.065539,-0.006652
31.949072,1791353610.473956,-0.056433,-0.922116,1.082513,-0.006628,0.060120,-0.006141
31.969542,1791353610.488462,-0.056567,-0.920981,1.082393,-0.006851,0.053303,-0.005739
31.989573,1791353610.503567,-0.056711,-0.919990,1.082276,-0.007555,0.045637,-0.005964
32.009701,1791353610.527037,-0.056870,-0.919159,1.082153,-0.008316,0.037479,-0.006490
32.029233,1791353610.539822,-0.057040,-0.918492,1.082021,-0.008606,0.029221,-0.006938
32.049496,1791353610.561871,-0.057822,-0.920457,1.081490,-0.009827,0.015524,-0.009050
32.069214,1791353610.580760,-0.058024,-0.920218,1.081297,-0.009435,0.007301,-0.009319
32.089124,1791353610.604139,-0.058208,-0.920148,1.081103,-0.008916,-0.000326,-0.010157
32.108939,1791353610.626330,-0.061207,-0.920309,1.080166,-0.015067,-0.008142,-0.012012
32.129557,1791353610.640052,-0.061503,-0.920550,1.079926,-0.014541,-0.015926,-0.011776
32.149348,1791353610.659775,-0.063312,-0.920815,1.079372,-0.017877,-0.023374,-0.012746
32.170351,1791353610.688429,-0.063666,-0.921360,1.079118,-0.017544,-0.031039,-0.012881
32.189624,1791353610.703522,-0.066216,-0.922157,1.078395,-0.022840,-0.038616,-0.014192
32.209347,1791353610.722050,-0.066670,-0.922999,1.078122,-0.022540,-0.045521,-0.012823
32.232424,1791353610.740528,-0.067116,-0.923972,1.077871,-0.022021,-0.051788,-0.012108
32.249465,1791353610.761257,-0.067551,-0.925066,1.077638,-0.021407,-0.057536,-0.011227
32.268530,1791353610.785127,-0.068530,-0.924267,1.077832,-0.022026,-0.057607,-0.009030
32.288649,1791353610.804383,-0.068958,-0.925468,1.077664,-0.020701,-0.062468,-0.007990
32.309471,1791353610.804383,-0.068958,-0.925468,1.077664,-0.020701,-0.062468,-0.007990
32.329501,1791353610.846422,-0.069707,-0.928145,1.077405,-0.016490,-0.071085,-0.004930
32.349081,1791353610.862618,-0.070012,-0.929603,1.077318,-0.013949,-0.074696,-0.003771
32.369971,1791353610.885275,-0.070265,-0.931129,1.077264,-0.011359,-0.077811,-0.001956
32.388912,1791353610.899740,-0.070467,-0.932711,1.077243,-0.008862,-0.080373,-0.000324
32.409046,1791353610.927326,-0.070620,-0.934340,1.077255,-0.006518,-0.082397,0.001677
32.429004,1791353610.928163,-0.070729,-0.936003,1.077305,-0.004320,-0.083868,0.003457
32.449513,1791353610.970143,-0.070794,-0.937690,1.077390,-0.002238,-0.084801,0.005329
32.469424,1791353610.970143,-0.070794,-0.937690,1.077390,-0.002238,-0.084801,0.005329
32.504542,1791353610.970143,-0.070794,-0.937690,1.077390,-0.002238,-0.084801,0.005329
32.509524,1791353611.032862,-0.070804,-0.941093,1.077675,0.001677,-0.084964,0.008267
32.537593,1791353611.036173,-0.070753,-0.942785,1.077854,0.003454,-0.084156,0.009408
32.549947,1791353611.069641,-0.084087,-0.945081,1.076146,-0.024422,-0.078742,0.006379
32.568793,1791353611.091006,-0.089333,-0.946415,1.075559,-0.034377,-0.076073,0.005234
32.589373,1791353611.099829,-0.092409,-0.947830,1.075334,-0.038885,-0.073417,0.004018
32.609056,1791353611.121484,-0.094329,-0.948121,1.076045,-0.040308,-0.067934,0.005795
32.629205,1791353611.140284,-0.095774,-0.948297,1.076293,-0.039819,-0.062104,0.006433
32.649056,1791353611.171432,-0.096539,-0.949506,1.076425,-0.036578,-0.058766,0.006693
32.669631,1791353611.173515,-0.097178,-0.949633,1.076114,-0.031902,-0.052721,0.006015
32.689417,1791353611.202798,-0.097760,-0.950650,1.076240,-0.026163,-0.049006,0.006389
32.708880,1791353611.226651,-0.098217,-0.951592,1.076373,-0.019481,-0.045229,0.006859
32.729184,1791353611.240012,-0.098535,-0.952459,1.076516,-0.012278,-0.041493,0.007238
32.748572,1791353611.263263,-0.098707,-0.953254,1.076656,-0.004918,-0.037967,0.006759
32.769578,1791353611.291176,-0.098733,-0.953980,1.076789,0.002364,-0.034715,0.006494
32.788981,1791353611.305099,-0.098615,-0.954645,1.076911,0.009403,-0.031818,0.005988
32.809669,1791353611.312011,-0.098342,-0.955285,1.077030,0.016533,-0.029163,0.005733
32.829143,1791353611.346370,-0.097946,-0.955846,1.077147,0.023079,-0.026966,0.006129
32.849562,1791353611.372162,-0.097421,-0.956366,1.077272,0.029365,-0.025063,0.006069
32.873483,1791353611.380435,-0.096089,-0.954627,1.077830,0.037039,-0.017902,0.006705
32.888956,1791353611.407334,-0.095700,-0.954402,1.077208,0.041734,-0.015002,0.004898
32.909630,1791353611.420731,-0.095184,-0.954318,1.076780,0.046143,-0.012813,0.003369
32.928816,1791353611.442351,-0.094211,-0.954565,1.076842,0.051115,-0.011894,0.003050
32.949619,1791353611.464697,-0.092967,-0.954638,1.076464,0.056138,-0.011018,0.001713
32.969308,1791353611.479456,-0.092041,-0.955659,1.075810,0.059650,-0.013167,-0.000449
32.989320,1791353611.508521,-0.090705,-0.956463,1.075345,0.063628,-0.015118,-0.001277
33.009862,1791353611.520738,-0.088954,-0.956447,1.075447,0.067927,-0.015318,-0.000317
33.029522,1791353611.539699,-0.087570,-0.956768,1.075445,0.070397,-0.016755,0.000432
33.049540,1791353611.570952,-0.086097,-0.957659,1.075072,0.072448,-0.019798,-0.000032
33.069541,1791353611.584650,-0.086134,-0.958021,1.074817,0.069544,-0.021329,-0.000195
33.089612,1791353611.607604,-0.084736,-0.958464,1.074819,0.070226,-0.022990,0.000694
33.109381,1791353611.620100,-0.083328,-0.958939,1.074840,0.070455,-0.024437,0.001534
33.129453,1791353611.638879,-0.081920,-0.959440,1.074879,0.070304,-0.025608,0.002300
33.149903,1791353611.659421,-0.080518,-0.959961,1.074944,0.069930,-0.026523,0.004035
33.169070,1791353611.683476,-0.079124,-0.960498,1.075041,0.069403,-0.027179,0.005729
33.192958,1791353611.703021,-0.077743,-0.961047,1.075164,0.068647,-0.027617,0.006837
33.208986,1791353611.720386,-0.076379,-0.961601,1.075311,0.067735,-0.027835,0.007484
33.228980,1791353611.748892,-0.073055,-0.962703,1.075285,0.071862,-0.029499,0.008305
33.253571,1791353611.763050,-0.071633,-0.963295,1.075459,0.070331,-0.029728,0.009203
33.269332,1791353611.783776,-0.070244,-0.963892,1.075645,0.068520,-0.029959,0.009537
33.289178,1791353611.802936,-0.067332,-0.965945,1.075519,0.070414,-0.034051,0.009220
33.309793,1791353611.823893,-0.065950,-0.966629,1.075716,0.067793,-0.034328,0.010225
33.329318,1791353611.850958,-0.064624,-0.967318,1.075924,0.064670,-0.034507,0.010850
33.348870,1791353611.852539,-0.063367,-0.968008,1.076149,0.061068,-0.034467,0.011667
33.369370,1791353611.882127,-0.062184,-0.968694,1.076386,0.057204,-0.034069,0.011987
33.389081,1791353611.898866,-0.062027,-0.969402,1.076011,0.050773,-0.033370,0.010806
33.409242,1791353611.919044,-0.061054,-0.970058,1.076232,0.046569,-0.032220,0.011371
33.430044,1791353611.947007,-0.056760,-0.970473,1.077491,0.050987,-0.030241,0.014210
33.451426,1791353611.948572,-0.055782,-0.971061,1.077778,0.046845,-0.028574,0.014390
33.468922,1791353611.980175,-0.054887,-0.971614,1.078079,0.042692,-0.026718,0.015299
33.489408,1791353612.007893,-0.052500,-0.971580,1.078860,0.042447,-0.023370,0.017130
33.508909,1791353612.022316,-0.051692,-0.972027,1.079199,0.038277,-0.021321,0.017142
33.528854,1791353612.041596,-0.050936,-0.972452,1.079559,0.033705,-0.019175,0.017461
33.549345,1791353612.062215,-0.050308,-0.972816,1.079913,0.029065,-0.017211,0.017680
33.569007,1791353612.085564,-0.049776,-0.973141,1.080264,0.024075,-0.015371,0.017356
33.589729,1791353612.085564,-0.049776,-0.973141,1.080264,0.024075,-0.015371,0.017356
33.609344,1791353612.121966,-0.049026,-0.973689,1.080965,0.013391,-0.012038,0.017328
33.629061,1791353612.143921,-0.048811,-0.973913,1.081300,0.008031,-0.010400,0.016304
33.649590,1791353612.163356,-0.048703,-0.974104,1.081627,0.002828,-0.008645,0.016316
33.669293,1791353612.182136,-0.048695,-0.974257,1.081944,-0.002015,-0.006690,0.015377
33.689844,1791353612.205297,-0.048781,-0.974370,1.082236,-0.006485,-0.004523,0.014253
33.709007,1791353612.229236,-0.048952,-0.974437,1.082516,-0.010596,-0.002170,0.013787
33.729299,1791353612.239248,-0.049202,-0.974456,1.082787,-0.014364,0.000296,0.013154
33.748941,1791353612.260490,-0.049525,-0.974425,1.083047,-0.017890,0.002737,0.012486
33.769594,1791353612.261917,-0.049917,-0.974347,1.083293,-0.021279,0.005040,0.012043
33.789328,1791353612.299713,-0.050375,-0.974225,1.083533,-0.024570,0.007101,0.012153
33.809612,1791353612.321416,-0.050899,-0.974065,1.083775,-0.027757,0.008909,0.012033
33.828725,1791353612.340937,-0.051484,-0.973871,1.084005,-0.030749,0.010492,0.011236
33.849351,1791353612.360980,-0.052126,-0.973646,1.084224,-0.033431,0.011961,0.010617
33.869261,1791353612.363063,-0.052817,-0.973391,1.084434,-0.035602,0.013513,0.010263
33.888899,1791353612.400782,-0.053547,-0.973105,1.084636,-0.037361,0.015086,0.009742
33.909375,1791353612.429575,-0.054307,-0.972786,1.084822,-0.038573,0.016868,0.008704
33.929562,1791353612.438595,-0.055086,-0.972428,1.084990,-0.039216,0.019010,0.008007
33.949473,1791353612.460986,-0.055874,-0.972025,1.085154,-0.039584,0.021289,0.008285
33.969385,1791353612.479173,-0.056668,-0.971577,1.085317,-0.039753,0.023463,0.007893
33.988658,1791353612.500430,-0.057463,-0.971088,1.085478,-0.039796,0.025459,0.008233
34.009034,1791353612.530728,-0.047227,-0.976608,1.080916,-0.019644,0.016140,0.001012
34.029625,1791353612.543162,-0.047617,-0.976273,1.080938,-0.019342,0.017283,0.001109
34.049222,1791353612.562161,-0.048002,-0.975919,1.080967,-0.019202,0.018149,0.001750
34.069628,1791353612.562161,-0.048002,-0.975919,1.080967,-0.019202,0.018149,0.001750
34.088852,1791353612.604678,-0.048783,-0.975164,1.081040,-0.020167,0.019580,0.001813
34.109080,1791353612.623247,-0.046112,-0.976823,1.080040,-0.015926,0.016663,-0.000316
34.128753,1791353612.638638,-0.046449,-0.976482,1.080032,-0.017775,0.017511,-0.000574
34.149204,1791353612.660983,-0.046826,-0.976122,1.080019,-0.020023,0.018431,-0.000656
34.170538,1791353612.662647,-0.047252,-0.975744,1.080007,-0.022517,0.019422,-0.000394
34.188694,1791353612.703365,-0.047728,-0.975345,1.080006,-0.025136,0.020496,0.000341
34.209592,1791353612.719702,-0.048257,-0.974923,1.080023,-0.027768,0.021696,0.001538
34.228869,1791353612.739214,-0.048838,-0.974476,1.080059,-0.030369,0.023019,0.002132
34.249585,1791353612.761669,-0.049471,-0.974001,1.080105,-0.032922,0.024433,0.002572
34.269406,1791353612.779395,-0.050189,-0.973472,1.080162,-0.035346,0.026049,0.003200
34.289731,1791353612.804776,-0.050916,-0.972935,1.080230,-0.037411,0.027614,0.003812
34.309408,1791353612.818510,-0.049284,-0.971144,1.079315,-0.034757,0.031438,0.003768
34.328692,1791353612.842329,-0.049077,-0.969506,1.079139,-0.034796,0.034630,0.003907
34.349133,1791353612.869418,-0.049791,-0.968803,1.079220,-0.036538,0.035641,0.004484
34.369502,1791353612.888427,-0.050539,-0.968082,1.079316,-0.038252,0.036377,0.005193
34.389361,1791353612.908629,-0.051319,-0.967349,1.079424,-0.039706,0.036959,0.005808
34.409571,1791353612.908629,-0.051319,-0.967349,1.079424,-0.039706,0.036959,0.005808
34.428704,1791353612.950830,-0.051197,-0.967114,1.079284,-0.038022,0.035032,0.006599
34.449747,1791353612.963227,-0.051964,-0.966412,1.079423,-0.038672,0.035089,0.007237
34.469763,1791353612.978878,-0.052744,-0.965712,1.079563,-0.039362,0.034891,0.006813
34.489119,1791353613.006555,-0.053539,-0.965019,1.079688,-0.040205,0.034356,0.005825
34.509471,1791353613.018824,-0.054353,-0.964340,1.079813,-0.041123,0.033512,0.006892
34.529421,1791353613.039484,-0.053867,-0.959750,1.080265,-0.039046,0.041390,0.008354
34.548919,1791353613.061553,-0.054655,-0.958933,1.080435,-0.039639,0.040376,0.008748
34.569366,1791353613.088255,-0.055450,-0.958136,1.080613,-0.039895,0.039351,0.009156
34.589210,1791353613.104010,-0.056248,-0.957359,1.080806,-0.039794,0.038260,0.009911
34.609550,1791353613.118740,-0.054768,-0.955631,1.080869,-0.033875,0.039332,0.009227
34.629507,1791353613.139411,-0.055437,-0.954860,1.081050,-0.033068,0.037698,0.008829
34.649328,1791353613.168419,-0.056089,-0.954127,1.081222,-0.032116,0.035597,0.008101
34.669839,1791353613.169265,-0.056722,-0.953440,1.081376,-0.031178,0.033013,0.007219
34.689226,1791353613.207565,-0.057337,-0.952810,1.081517,-0.030347,0.029991,0.006938
34.709344,1791353613.219844,-0.057937,-0.952243,1.081652,-0.029627,0.026602,0.006730
34.729301,1791353613.243176,-0.058523,-0.951747,1.081788,-0.028960,0.023038,0.006809
34.749139,1791353613.262580,-0.059095,-0.951323,1.081913,-0.028295,0.019297,0.005712
34.769252,1791353613.282176,-0.059656,-0.950977,1.082018,-0.027739,0.015238,0.005024
34.788897,1791353613.305673,-0.060204,-0.950714,1.082105,-0.027157,0.011060,0.003694
34.809148,1791353613.322231,-0.060741,-0.950535,1.082167,-0.026534,0.006836,0.002457
34.829623,1791353613.340188,-0.061265,-0.950440,1.082214,-0.025828,0.002685,0.002192
34.848857,1791353613.363594,-0.061774,-0.950427,1.082250,-0.025025,-0.001297,0.001269
34.870275,1791353613.387944,-0.062266,-0.950491,1.082271,-0.024186,-0.005127,0.000621
34.889431,1791353613.397699,-0.062741,-0.950630,1.082276,-0.023339,-0.008764,-0.000431
34.909611,1791353613.423275,-0.063199,-0.950840,1.082266,-0.022502,-0.012210,-0.000538
34.929725,1791353613.441656,-0.063641,-0.951118,1.082262,-0.021641,-0.015501,0.000098
34.949319,1791353613.461238,-0.063731,-0.941705,1.081483,-0.020084,0.001691,-0.000841
34.969166,1791353613.477684,-0.064125,-0.941697,1.081462,-0.019235,-0.000844,-0.001138
34.989363,1791353613.504532,-0.064500,-0.941737,1.081435,-0.018330,-0.003169,-0.001251
35.009681,1791353613.522282,-0.064853,-0.938270,1.081333,-0.017303,0.001781,-0.000504
35.029370,1791353613.538956,-0.065190,-0.938257,1.081332,-0.016359,-0.000587,0.000604
35.049746,1791353613.560609,-0.065466,-0.936704,1.081320,-0.015283,0.000053,0.001778
35.070206,1791353613.569898,-0.065761,-0.936732,1.081367,-0.014253,-0.002975,0.002695
35.089437,1791353613.610960,-0.065760,-0.935121,1.081678,-0.012745,-0.002783,0.003864
35.109335,1791353613.617133,-0.066007,-0.935215,1.081771,-0.011925,-0.006623,0.005169
35.130285,1791353613.643275,-0.065883,-0.935072,1.081753,-0.010378,-0.009964,0.006610
35.149029,1791353613.672244,-0.066083,-0.935312,1.081891,-0.009604,-0.014048,0.007113
35.169651,1791353613.678878,-0.066267,-0.935634,1.082036,-0.008866,-0.018157,0.007620
35.189521,1791353613.703792,-0.066437,-0.936038,1.082189,-0.008138,-0.022222,0.007664
35.209018,1791353613.730110,-0.066594,-0.936522,1.082341,-0.007492,-0.026213,0.007674
35.229014,1791353613.743407,-0.067517,-0.936524,1.082199,-0.008857,-0.028746,0.007680
35.249545,1791353613.760921,-0.068207,-0.936828,1.082166,-0.009756,-0.031809,0.008634
35.269232,1791353613.788996,-0.068677,-0.936928,1.082313,-0.010210,-0.034106,0.009338
35.289598,1791353613.797586,-0.069163,-0.937285,1.082466,-0.010814,-0.036874,0.009267
35.309662,1791353613.818837,-0.069381,-0.938060,1.082652,-0.010918,-0.040623,0.009422
35.329706,1791353613.841735,-0.069845,-0.938458,1.082803,-0.011827,-0.043131,0.009911
35.348608,1791353613.862858,-0.070291,-0.938891,1.083005,-0.012651,-0.045288,0.009644
35.369775,1791353613.887349,-0.070546,-0.939828,1.083198,-0.012823,-0.048380,0.009664
35.388915,1791353613.898116,-0.070942,-0.939930,1.083598,-0.013233,-0.048620,0.010765
35.410297,1791353613.928530,-0.071399,-0.940180,1.083969,-0.013665,-0.048739,0.011564
35.428842,1791353613.939462,-0.071516,-0.940332,1.083923,-0.013055,-0.048068,0.011339
35.448961,1791353613.972616,-0.071775,-0.941309,1.084150,-0.012872,-0.049615,0.011163
35.469284,1791353613.977461,-0.072031,-0.942316,1.084372,-0.012696,-0.051008,0.011107
35.489692,1791353613.996969,-0.072283,-0.943349,1.084591,-0.012527,-0.052273,0.010817
35.508945,1791353614.003695,-0.072533,-0.944406,1.084806,-0.012390,-0.053418,0.010707
35.529485,1791353614.038847,-0.072780,-0.945484,1.085018,-0.012317,-0.054440,0.010716
35.549645,1791353614.070883,-0.073966,-0.945592,1.085263,-0.014840,-0.052482,0.010136
35.568801,1791353614.077552,-0.075458,-0.947269,1.085804,-0.017907,-0.055024,0.009689
35.589066,1791353614.104334,-0.075809,-0.948374,1.085988,-0.017165,-0.055404,0.008564
35.609414,1791353614.129857,-0.076968,-0.948033,1.086923,-0.018653,-0.051270,0.009223
35.635272,1791353614.139201,-0.077903,-0.948720,1.086710,-0.019572,-0.049805,0.006467
35.649668,1791353614.169502,-0.078706,-0.949290,1.086550,-0.020018,-0.047791,0.004455
35.670045,1791353614.177179,-0.079487,-0.949954,1.086370,-0.020150,-0.045936,0.002426
35.689942,1791353614.202931,-0.080161,-0.950539,1.086197,-0.019634,-0.043778,0.000827
35.709413,1791353614.217284,-0.081120,-0.952037,1.085658,-0.019481,-0.044261,-0.001833
35.729829,1791353614.241697,-0.081772,-0.952806,1.085273,-0.018044,-0.042557,-0.003464
35.748870,1791353614.273026,-0.081856,-0.952742,1.085186,-0.014574,-0.038236,-0.004009
35.768749,1791353614.278266,-0.082120,-0.953490,1.085093,-0.011831,-0.036547,-0.005562
35.788867,1791353614.297685,-0.082329,-0.954203,1.084967,-0.009058,-0.034678,-0.006956
35.809547,1791353614.332392,-0.082907,-0.954855,1.084465,-0.007596,-0.032585,-0.009084
35.829663,1791353614.333221,-0.083369,-0.955441,1.083964,-0.005904,-0.030314,-0.011552
35.850242,1791353614.370697,-0.083460,-0.956026,1.083724,-0.003127,-0.028099,-0.012371
35.869157,1791353614.389131,-0.083766,-0.956400,1.083231,-0.001049,-0.025409,-0.014312
35.890025,1791353614.404007,-0.084009,-0.956915,1.082707,0.001170,-0.023257,-0.015890
35.909328,1791353614.418698,-0.084202,-0.957006,1.082288,0.002023,-0.021711,-0.017002
35.929578,1791353614.442769,-0.084131,-0.957418,1.081938,0.005091,-0.019448,-0.017779
35.948995,1791353614.456882,-0.084128,-0.957329,1.081756,0.007844,-0.015840,-0.017267
35.969097,1791353614.478828,-0.084084,-0.957463,1.081101,0.010505,-0.013161,-0.018789
36.007236,1791353614.478828,-0.084084,-0.957463,1.081101,0.010505,-0.013161,-0.018789
36.012180,1791353614.480455,-0.083975,-0.957683,1.080441,0.013171,-0.011009,-0.019555
36.029596,1791353614.547584,-0.083328,-0.958047,1.079660,0.019125,-0.007334,-0.019251
36.053772,1791353614.553112,-0.083322,-0.958163,1.078882,0.020816,-0.005744,-0.019297
36.069448,1791353614.582582,-0.082787,-0.957900,1.078518,0.023889,-0.003315,-0.018903
36.090127,1791353614.600217,-0.082197,-0.957753,1.078078,0.026816,-0.001537,-0.018682
36.108645,1791353614.618547,-0.081576,-0.957538,1.077682,0.029481,0.000184,-0.018765
36.129287,1791353614.643456,-0.080934,-0.957378,1.077280,0.031858,0.001519,-0.018220
36.149938,1791353614.662300,-0.080829,-0.957528,1.077020,0.032247,0.001692,-0.017345
36.168935,1791353614.688668,-0.080165,-0.957488,1.076690,0.034139,0.002271,-0.015592
36.189235,1791353614.703001,-0.079239,-0.957278,1.076257,0.036567,0.003134,-0.014610
36.209622,1791353614.720109,-0.078540,-0.957580,1.075556,0.038001,0.002121,-0.014642
36.228767,1791353614.745399,-0.077765,-0.957539,1.075279,0.039456,0.001953,-0.013070
36.249339,1791353614.757408,-0.076784,-0.957167,1.074889,0.041253,0.002561,-0.012480
36.268925,1791353614.788984,-0.075987,-0.957628,1.074288,0.042173,0.000370,-0.012343
36.290061,1791353614.803245,-0.075135,-0.957628,1.074056,0.042947,-0.000420,-0.010691
36.309348,1791353614.817417,-0.074269,-0.957645,1.073861,0.043596,-0.001206,-0.008326
36.329372,1791353614.841131,-0.073394,-0.957677,1.073716,0.043956,-0.002008,-0.006104
36.349137,1791353614.857692,-0.073155,-0.957258,1.073715,0.042139,-0.001480,-0.004320
36.369482,1791353614.887475,-0.072313,-0.957296,1.073648,0.042052,-0.002364,-0.002065
36.388897,1791353614.904783,-0.071475,-0.957353,1.073628,0.041687,-0.003320,0.000233
36.408592,1791353614.927973,-0.070647,-0.957430,1.073662,0.041163,-0.004345,0.002940
36.429188,1791353614.939476,-0.069829,-0.957527,1.073747,0.040547,-0.005450,0.005369
36.449551,1791353614.970012,-0.069026,-0.957648,1.073874,0.039790,-0.006644,0.007152
36.469686,1791353614.982092,-0.068240,-0.957794,1.074041,0.038700,-0.007946,0.009454
36.490403,1791353614.997507,-0.067481,-0.957967,1.074253,0.037179,-0.009434,0.011611
36.510317,1791353615.017455,-0.066722,-0.958184,1.074514,0.035096,-0.011231,0.013263
36.528704,1791353615.038183,-0.066042,-0.958427,1.074801,0.032777,-0.013098,0.015457
36.548972,1791353615.057462,-0.064695,-0.957503,1.074164,0.032215,-0.011770,0.014090
36.569253,1791353615.083483,-0.064074,-0.957754,1.074454,0.029935,-0.013273,0.014943
36.589256,1791353615.097653,-0.063497,-0.958032,1.074764,0.027719,-0.014569,0.016412
36.609422,1791353615.123846,-0.062964,-0.958334,1.075108,0.025624,-0.015563,0.018144
36.629984,1791353615.141631,-0.062471,-0.958652,1.075479,0.023765,-0.016244,0.019075
36.649502,1791353615.164479,-0.062013,-0.958983,1.075867,0.022028,-0.016783,0.019862
36.669237,1791353615.180219,-0.062412,-0.957763,1.074793,0.018309,-0.013607,0.017006
36.691035,1791353615.213050,-0.062065,-0.958041,1.075130,0.016325,-0.014215,0.016835
36.709097,1791353615.216438,-0.061761,-0.958332,1.075459,0.014030,-0.014980,0.016152
36.730566,1791353615.238604,-0.060835,-0.955978,1.076582,0.013063,-0.009725,0.017590
36.749156,1791353615.266096,-0.060600,-0.956181,1.076935,0.010428,-0.010606,0.017790
36.770032,1791353615.267042,-0.060247,-0.954667,1.077430,0.008138,-0.007487,0.017512
36.788970,1791353615.308134,-0.060109,-0.954826,1.077775,0.005656,-0.008411,0.016909
36.809281,1791353615.320402,-0.060018,-0.955003,1.078104,0.003495,-0.009215,0.016216
36.828938,1791353615.342486,-0.059967,-0.955194,1.078420,0.001643,-0.009901,0.015460
36.848911,1791353615.372754,-0.059950,-0.955399,1.078723,0.000087,-0.010602,0.015010
36.869012,1791353615.373641,-0.059962,-0.955619,1.079017,-0.001208,-0.011424,0.014390
36.889934,1791353615.403372,-0.059997,-0.955857,1.079291,-0.002371,-0.012481,0.012910
36.908784,1791353615.428550,-0.060056,-0.956119,1.079538,-0.003468,-0.013763,0.012063
36.930371,1791353615.439539,-0.060136,-0.956409,1.079764,-0.004534,-0.015230,0.010525
36.948890,1791353615.465722,-0.060237,-0.956729,1.079960,-0.005597,-0.016773,0.009429
36.969498,1791353615.487849,-0.060360,-0.957079,1.080144,-0.006642,-0.018228,0.008974
36.989509,1791353615.498864,-0.060502,-0.957457,1.080307,-0.007623,-0.019494,0.007365
37.008962,1791353615.521947,-0.060663,-0.957857,1.080446,-0.008442,-0.020483,0.006537
37.029837,1791353615.540601,-0.060838,-0.958274,1.080564,-0.009021,-0.021150,0.005349
37.050048,1791353615.562699,-0.061022,-0.958701,1.080666,-0.009382,-0.021538,0.004876
37.068694,1791353615.577417,-0.061212,-0.959134,1.080754,-0.009567,-0.021705,0.003795
37.089136,1791353615.597686,-0.061405,-0.959569,1.080815,-0.009654,-0.021786,0.002509
37.109085,1791353615.629817,-0.061598,-0.960005,1.080857,-0.009708,-0.021830,0.001891
37.129149,1791353615.630620,-0.061792,-0.960441,1.080889,-0.009664,-0.021775,0.001324
37.151169,1791353615.652823,-0.061792,-0.960441,1.080889,-0.009664,-0.021775,0.001324
37.172024,1791353615.688396,-0.062181,-0.961310,1.080880,-0.009841,-0.021682,-0.002033
37.218415,1791353615.688396,-0.062181,-0.961310,1.080880,-0.009841,-0.021682,-0.002033
37.246501,1791353615.727326,-0.062380,-0.961743,1.080831,-0.010067,-0.021623,-0.002814
37.248138,1791353615.772699,-0.062583,-0.962173,1.080756,-0.010188,-0.021347,-0.004474
37.277403,1791353615.789403,-0.062785,-0.962595,1.080660,-0.010080,-0.020785,-0.004739
37.288025,1791353615.808338,-0.062994,-0.963022,1.080551,-0.009763,-0.019873,-0.005522
37.308672,1791353615.820816,-0.074634,-0.959970,1.079419,-0.030205,-0.012377,-0.007549
37.328565,1791353615.842527,-0.076173,-0.960006,1.079199,-0.031663,-0.010673,-0.007225
37.360129,1791353615.842527,-0.076173,-0.960006,1.079199,-0.031663,-0.010673,-0.007225
37.371545,1791353615.849689,-0.077818,-0.960672,1.078757,-0.033435,-0.010182,-0.007942
37.406181,1791353615.886696,-0.077818,-0.960672,1.078757,-0.033435,-0.010182,-0.007942
37.407501,1791353615.916476,-0.078483,-0.960861,1.078597,-0.033025,-0.008770,-0.008097
37.428860,1791353615.943168,-0.079768,-0.961162,1.078249,-0.030853,-0.006391,-0.008741
37.448112,1791353615.955245,-0.080364,-0.961280,1.078079,-0.028701,-0.005404,-0.008332
37.468826,1791353615.983249,-0.081644,-0.962012,1.077532,-0.023107,-0.004701,-0.009658
37.488713,1791353616.011040,-0.083497,-0.962434,1.076822,-0.017853,-0.003078,-0.010254
37.507971,1791353616.018205,-0.085423,-0.963926,1.075731,-0.013248,-0.004472,-0.010943
37.528974,1791353616.043462,-0.086718,-0.965080,1.075029,-0.012018,-0.006482,-0.011628
37.548480,1791353616.062290,-0.087735,-0.966048,1.074481,-0.010232,-0.008219,-0.012277
37.567940,1791353616.080512,-0.088494,-0.966872,1.073991,-0.007902,-0.009671,-0.012044
37.588557,1791353616.096870,-0.089055,-0.967589,1.073595,-0.005204,-0.010814,-0.011857
37.608865,1791353616.120240,-0.089120,-0.967801,1.073365,-0.001240,-0.010343,-0.011127
37.628587,1791353616.138689,-0.089547,-0.968670,1.072964,0.001478,-0.011573,-0.010649
37.648494,1791353616.156312,-0.089478,-0.968893,1.072768,0.005490,-0.010637,-0.009205
37.667847,1791353616.187225,-0.089328,-0.969094,1.072599,0.009514,-0.009458,-0.007848
37.687788,1791353616.204083,-0.089530,-0.969432,1.072564,0.012229,-0.008574,-0.005568
37.708817,1791353616.221198,-0.089247,-0.969589,1.072471,0.016128,-0.007083,-0.003518
37.728812,1791353616.252337,-0.088887,-0.969715,1.072419,0.019847,-0.005539,-0.001578
37.748442,1791353616.252337,-0.088887,-0.969715,1.072419,0.019847,-0.005539,-0.001578
37.782851,1791353616.252337,-0.088887,-0.969715,1.072419,0.019847,-0.005539,-0.001578
37.796340,1791353616.308662,-0.088454,-0.969810,1.072399,0.023353,-0.003992,-0.000355
37.830114,1791353616.308662,-0.088454,-0.969810,1.072399,0.023353,-0.003992,-0.000355
37.871290,1791353616.310237,-0.087955,-0.969875,1.072407,0.026602,-0.002490,0.001125
37.893282,1791353616.355957,-0.087955,-0.969875,1.072407,0.026602,-0.002490,0.001125
37.914051,1791353616.355957,-0.087955,-0.969875,1.072407,0.026602,-0.002490,0.001125
37.917059,1791353616.424843,-0.087392,-0.969911,1.072452,0.029564,-0.001062,0.003131
37.936128,1791353616.456100,-0.086774,-0.969918,1.072534,0.032206,0.000255,0.004706
37.955399,1791353616.474828,-0.085397,-0.969860,1.072762,0.036416,0.002600,0.006807
37.976104,1791353616.490779,-0.084653,-0.969798,1.072909,0.037942,0.003608,0.008199
37.995646,1791353616.501091,-0.084653,-0.969798,1.072909,0.037942,0.003608,0.008199
38.036139,1791353616.501091,-0.084653,-0.969798,1.072909,0.037942,0.003608,0.008199
38.037194,1791353616.510185,-0.083882,-0.969717,1.073085,0.039107,0.004476,0.009607
38.057683,1791353616.563156,-0.083882,-0.969717,1.073085,0.039107,0.004476,0.009607
38.078014,1791353616.596478,-0.083091,-0.969620,1.073287,0.039935,0.005206,0.010294
38.102355,1791353616.596478,-0.083091,-0.969620,1.073287,0.039935,0.005206,0.010294
38.118311,1791353616.643108,-0.080611,-0.969254,1.073985,0.041130,0.006676,0.011887
38.137586,1791353616.662260,-0.078962,-0.968971,1.074473,0.041262,0.007443,0.012503
38.157679,1791353616.674327,-0.078138,-0.968819,1.074716,0.041070,0.007782,0.012218
38.178387,1791353616.697655,-0.076516,-0.968497,1.075218,0.039830,0.008259,0.013018
38.198225,1791353616.719257,-0.073529,-0.967852,1.076257,0.034388,0.007198,0.012801
38.217702,1791353616.739115,-0.072859,-0.967718,1.076520,0.032640,0.006170,0.013397
38.238108,1791353616.756888,-0.071051,-0.967456,1.077251,0.027614,0.002418,0.010906
38.258231,1791353616.777127,-0.069736,-0.981479,1.076892,0.024452,-0.026638,0.008758
38.277572,1791353616.797309,-0.069267,-0.982033,1.077055,0.022426,-0.028834,0.007161
38.298691,1791353616.798448,-0.069129,-0.984087,1.076964,0.019747,-0.033856,0.005885
38.318327,1791353616.838663,-0.068757,-0.984787,1.077088,0.017468,-0.036202,0.006238
38.340031,1791353616.855474,-0.068432,-0.985531,1.077213,0.014958,-0.038058,0.006369
38.358198,1791353616.880405,-0.068160,-0.986303,1.077345,0.012230,-0.039016,0.006784
38.378496,1791353616.897401,-0.067406,-0.985730,1.078178,0.010452,-0.036237,0.008044
38.397726,1791353616.923439,-0.067916,-0.986552,1.077787,0.006395,-0.035079,0.006321
38.418329,1791353616.937973,-0.067813,-0.987231,1.077913,0.003885,-0.032749,0.006479
38.437657,1791353616.956641,-0.067463,-0.987238,1.078355,0.002291,-0.028474,0.007691
38.457674,1791353616.977380,-0.067280,-0.987407,1.078668,0.000780,-0.024311,0.009049
38.478509,1791353616.978670,-0.067194,-0.987628,1.078963,-0.000601,-0.020292,0.009915
38.502341,1791353617.017940,-0.067122,-0.987528,1.079188,-0.001741,-0.015642,0.010249
38.517943,1791353617.038474,-0.067154,-0.987646,1.079361,-0.003049,-0.011716,0.010293
38.537810,1791353617.056082,-0.067211,-0.987699,1.079522,-0.004572,-0.007828,0.009143
38.557624,1791353617.080154,-0.067319,-0.987820,1.079705,-0.006178,-0.004195,0.009195
38.577893,1791353617.080154,-0.067319,-0.987820,1.079705,-0.006178,-0.004195,0.009195
38.598190,1791353617.105858,-0.067502,-0.987694,1.079876,-0.008977,0.003760,0.008621
38.617681,1791353617.133350,-0.067696,-0.987579,1.080059,-0.010457,0.007771,0.009268
38.637812,1791353617.154913,-0.067919,-0.987382,1.080241,-0.011794,0.011911,0.008620
38.657916,1791353617.175921,-0.068166,-0.987102,1.080404,-0.012899,0.016070,0.007749
38.678317,1791353617.175921,-0.068166,-0.987102,1.080404,-0.012899,0.016070,0.007749
38.697584,1791353617.207111,-0.068729,-0.986272,1.080720,-0.014409,0.024319,0.007814
38.719025,1791353617.238140,-0.069166,-0.986152,1.080034,-0.015262,0.026901,0.005950
38.737586,1791353617.263658,-0.069677,-0.986150,1.079427,-0.016160,0.028715,0.004634
38.758639,1791353617.264439,-0.070002,-0.985545,1.079516,-0.016320,0.031810,0.004285
38.779363,1791353617.295404,-0.070382,-0.985420,1.079028,-0.016435,0.032932,0.002640
38.798042,1791353617.315662,-0.070469,-0.985253,1.078819,-0.015560,0.033682,0.001341
38.817803,1791353617.335427,-0.070778,-0.984559,1.078840,-0.015298,0.035615,0.000990
38.838254,1791353617.336947,-0.071081,-0.983830,1.078857,-0.014977,0.037311,0.000900
38.861310,1791353617.336947,-0.071081,-0.983830,1.078857,-0.014977,0.037311,0.000900
38.886528,1791353617.361076,-0.071081,-0.983830,1.078857,-0.014977,0.037311,0.000900
38.897887,1791353617.417356,-0.071664,-0.982276,1.078871,-0.014169,0.040361,0.000223
38.918826,1791353617.429053,-0.071468,-0.979549,1.078365,-0.010945,0.045768,-0.000927
38.938008,1791353617.456620,-0.071679,-0.978625,1.078349,-0.010159,0.046567,-0.000657
38.957723,1791353617.478377,-0.071569,-0.977630,1.078277,-0.008531,0.047117,0.000085
38.977970,1791353617.479468,-0.071553,-0.976438,1.078071,-0.007238,0.047822,-0.000020
38.997949,1791353617.520907,-0.071524,-0.975436,1.077886,-0.005856,0.047518,-0.000167
39.017988,1791353617.521736,-0.071436,-0.975295,1.077845,-0.004732,0.044491,-0.000310
39.037546,1791353617.543922,-0.071436,-0.975295,1.077845,-0.004732,0.044491,-0.000310
39.058429,1791353617.579547,-0.071403,-0.972890,1.077759,-0.003488,0.043898,0.000906
39.077851,1791353617.599231,-0.071501,-0.972149,1.077910,-0.003557,0.041703,0.002280
39.097662,1791353617.616770,-0.071582,-0.971448,1.078082,-0.003684,0.039206,0.003304
39.118003,1791353617.643238,-0.071522,-0.971313,1.077987,-0.003463,0.034893,0.003271
39.137927,1791353617.663220,-0.071605,-0.970689,1.078174,-0.003693,0.032093,0.003840
39.157686,1791353617.678686,-0.071676,-0.970155,1.078357,-0.003738,0.029120,0.004601
39.178294,1791353617.699735,-0.071779,-0.969787,1.078489,-0.003773,0.025856,0.005935
39.198133,1791353617.701051,-0.071853,-0.969295,1.078618,-0.003634,0.023360,0.007054
39.217940,1791353617.723969,-0.071853,-0.969295,1.078618,-0.003634,0.023360,0.007054
39.237902,1791353617.761907,-0.071953,-0.968965,1.078945,-0.003292,0.017415,0.008672
39.257712,1791353617.775147,-0.072018,-0.968637,1.079122,-0.003221,0.015364,0.009258
39.278352,1791353617.795622,-0.072083,-0.968350,1.079321,-0.003294,0.013377,0.011072
39.298000,1791353617.795622,-0.072083,-0.968350,1.079321,-0.003294,0.013377,0.011072
39.318166,1791353617.836076,-0.072397,-0.968409,1.078972,-0.004156,0.008130,0.010269
39.339072,1791353617.857113,-0.072483,-0.968262,1.079189,-0.004411,0.006673,0.011374
39.357488,1791353617.879651,-0.072770,-0.968548,1.078745,-0.005047,0.004571,0.009841
39.377745,1791353617.898446,-0.072873,-0.968461,1.078949,-0.005274,0.004242,0.010754
39.397851,1791353617.899220,-0.073166,-0.968684,1.078737,-0.006173,0.003451,0.010754
39.417900,1791353617.925098,-0.073253,-0.968927,1.078430,-0.006441,0.002835,0.010735
39.438179,1791353617.956598,-0.073391,-0.968865,1.078666,-0.006598,0.003050,0.011810
39.457598,1791353617.978769,-0.074137,-0.968988,1.079011,-0.008258,0.002584,0.012654
39.478884,1791353617.997438,-0.074628,-0.969205,1.079414,-0.009059,0.001859,0.014020
39.497487,1791353618.022699,-0.075190,-0.969769,1.079267,-0.010049,0.000245,0.012874
39.518084,1791353618.035247,-0.075727,-0.970212,1.079201,-0.010900,-0.000778,0.011888
39.538436,1791353618.042116,-0.075941,-0.970223,1.079443,-0.010499,-0.000288,0.012275
39.558091,1791353618.069158,-0.076194,-0.969980,1.079780,-0.009895,0.001111,0.012816
39.577971,1791353618.078589,-0.076194,-0.969980,1.079780,-0.009895,0.001111,0.012816
39.602646,1791353618.104928,-0.076652,-0.969824,1.079977,-0.009601,0.002454,0.013164
39.617693,1791353618.131895,-0.077526,-0.969570,1.080333,-0.008728,0.005132,0.013441
39.651271,1791353618.138683,-0.077526,-0.969570,1.080333,-0.008728,0.005132,0.013441
39.671707,1791353618.138683,-0.077526,-0.969570,1.080333,-0.008728,0.005132,0.013441
39.682676,1791353618.198674,-0.078211,-0.970154,1.080241,-0.009022,0.004292,0.013100
39.714327,1791353618.198962,-0.078379,-0.970056,1.080510,-0.007777,0.005501,0.013945
39.738045,1791353618.209910,-0.078379,-0.970056,1.080510,-0.007777,0.005501,0.013945
39.826286,1791353618.209910,-0.078379,-0.970056,1.080510,-0.007777,0.005501,0.013945
39.844528,1791353618.340905,-0.078521,-0.969934,1.080794,-0.006529,0.006676,0.014576
39.848217,1791353618.362502,-0.079118,-0.970049,1.080792,-0.006686,0.007016,0.014897
39.868575,1791353618.387962,-0.080177,-0.969693,1.081266,-0.006670,0.009304,0.015570
39.888772,1791353618.403678,-0.080393,-0.969279,1.081904,-0.004085,0.011414,0.015852
39.908396,1791353618.432262,-0.080499,-0.968782,1.082549,-0.001163,0.013387,0.016371
39.927712,1791353618.443413,-0.081099,-0.968556,1.082618,-0.001408,0.014036,0.015515
39.948503,1791353618.470834,-0.083468,-0.969265,1.082878,-0.003500,0.011099,0.012399
39.968704,1791353618.492025,-0.085830,-0.968814,1.083180,-0.005756,0.011589,0.009044
39.989080,1791353618.503697,-0.086771,-0.968476,1.083377,-0.006706,0.012223,0.008262
40.007996,1791353618.518820,-0.087875,-0.968582,1.083367,-0.007839,0.011584,0.007106
40.027727,1791353618.539529,-0.088011,-0.968345,1.083501,-0.005716,0.012102,0.006304
40.048589,1791353618.559788,-0.088420,-0.968011,1.083571,-0.004200,0.012991,0.004699
40.068995,1791353618.584716,-0.089457,-0.967367,1.083725,-0.001121,0.014667,0.002197
40.090019,1791353618.594480,-0.089457,-0.967367,1.083725,-0.001121,0.014667,0.002197
40.108793,1791353618.615361,-0.090417,-0.966960,1.083768,-0.000672,0.015489,0.000522
40.128037,1791353618.650785,-0.091628,-0.967381,1.083446,-0.000863,0.013553,-0.003029
40.149919,1791353618.650785,-0.091628,-0.967381,1.083446,-0.000863,0.013553,-0.003029
40.167951,1791353618.689513,-0.092159,-0.967360,1.083010,0.004613,0.011469,-0.006504
40.187905,1791353618.702694,-0.093817,-0.966661,1.082800,0.006699,0.010424,-0.009259
40.208320,1791353618.714269,-0.093817,-0.966661,1.082800,0.006699,0.010424,-0.009259
40.228467,1791353618.743525,-0.094489,-0.966399,1.082653,0.008067,0.009642,-0.010791
40.248358,1791353618.744359,-0.095126,-0.966100,1.082511,0.009460,0.009121,-0.012150
40.269641,1791353618.778559,-0.095727,-0.965729,1.082379,0.010943,0.008973,-0.012717
40.288992,1791353618.803528,-0.096364,-0.966257,1.081524,0.015778,0.005152,-0.014436
40.307924,1791353618.814769,-0.096364,-0.966257,1.081524,0.015778,0.005152,-0.014436
40.328107,1791353618.846168,-0.097098,-0.966836,1.080969,0.016917,0.002508,-0.015748
40.348581,1791353618.847007,-0.097165,-0.966610,1.081056,0.019994,0.002495,-0.014955
40.368952,1791353618.881440,-0.096720,-0.966565,1.080752,0.024456,0.002021,-0.015400
40.388591,1791353618.902823,-0.095565,-0.966499,1.080149,0.033268,0.001327,-0.014903
40.408175,1791353618.914610,-0.095565,-0.966499,1.080149,0.033268,0.001327,-0.014903
40.428403,1791353618.937021,-0.094857,-0.966475,1.079849,0.037535,0.001156,-0.015274
40.448390,1791353618.955749,-0.094064,-0.966452,1.079544,0.041693,0.001077,-0.015196
40.468500,1791353618.979362,-0.093190,-0.966431,1.079247,0.045670,0.001062,-0.014330
40.488371,1791353619.009571,-0.092239,-0.966410,1.078969,0.049488,0.001072,-0.013016
40.508597,1791353619.020741,-0.091213,-0.966388,1.078714,0.053060,0.001068,-0.012337
40.528531,1791353619.047512,-0.090119,-0.966367,1.078469,0.056273,0.001044,-0.012280
40.547931,1791353619.056482,-0.088965,-0.966347,1.078232,0.059097,0.000985,-0.011479
40.568786,1791353619.080135,-0.087758,-0.966328,1.078012,0.061482,0.000882,-0.010759
40.588327,1791353619.099354,-0.085228,-0.966298,1.077625,0.064704,0.000613,-0.008701
40.608180,1791353619.114287,-0.085228,-0.966298,1.077625,0.064704,0.000613,-0.008701
40.628206,1791353619.141391,-0.083925,-0.966287,1.077461,0.065479,0.000492,-0.007392
40.648257,1791353619.156873,-0.082612,-0.966278,1.077318,0.065756,0.000397,-0.006682
40.669264,1791353619.156873,-0.082612,-0.966278,1.077318,0.065756,0.000397,-0.006682
40.687883,1791353619.212568,-0.078712,-0.966261,1.076959,0.063540,0.000236,-0.004666
40.708031,1791353619.214248,-0.078712,-0.966261,1.076959,0.063540,0.000236,-0.004666
40.728064,1791353619.239172,-0.077458,-0.966256,1.076889,0.061827,0.000257,-0.002810
40.748323,1791353619.257812,-0.076242,-0.966250,1.076848,0.059712,0.000355,-0.001309
40.768285,1791353619.282444,-0.075071,-0.966241,1.076832,0.057270,0.000568,-0.000276
40.788927,1791353619.303447,-0.073953,-0.966227,1.076834,0.054477,0.000774,0.000536
40.808299,1791353619.315684,-0.092717,-0.974504,1.074923,0.009257,-0.016422,-0.002123
40.828681,1791353619.338288,-0.097771,-0.976672,1.074515,-0.005502,-0.020304,-0.001281
40.848597,1791353619.355640,-0.100469,-0.977957,1.074344,-0.015116,-0.022412,-0.000210
40.868191,1791353619.380859,-0.102853,-0.980251,1.073727,-0.023660,-0.026642,-0.000421
40.888357,1791353619.403173,-0.103929,-0.981317,1.073731,-0.029182,-0.026359,0.000727
40.908470,1791353619.414309,-0.103929,-0.981317,1.073731,-0.029182,-0.026359,0.000727
40.928598,1791353619.439192,-0.104545,-0.981857,1.073761,-0.029251,-0.024862,0.002028
40.955003,1791353619.466424,-0.106565,-0.982546,1.073764,-0.030613,-0.022624,0.003791
40.968284,1791353619.482823,-0.107988,-0.983037,1.073780,-0.029252,-0.019093,0.004404
40.988372,1791353619.503665,-0.109949,-0.984377,1.073560,-0.021210,-0.011561,0.004312
41.008231,1791353619.514404,-0.109949,-0.984377,1.073560,-0.021210,-0.011561,0.004312
41.028189,1791353619.546828,-0.110311,-0.984560,1.073652,-0.014930,-0.006780,0.004853
41.048745,1791353619.558091,-0.110543,-0.984650,1.073764,-0.008281,-0.002250,0.006118
41.068265,1791353619.565524,-0.110616,-0.984279,1.073819,-0.001438,0.002801,0.006720
41.088201,1791353619.599151,-0.111538,-0.984882,1.073618,0.002916,0.004719,0.006386
41.108010,1791353619.622752,-0.111411,-0.984754,1.073759,0.009820,0.008132,0.007555
41.127941,1791353619.637619,-0.111694,-0.984602,1.073864,0.015393,0.011301,0.008197
41.148431,1791353619.666726,-0.112139,-0.985449,1.073565,0.026041,0.014243,0.007484
41.168694,1791353619.679552,-0.111548,-0.985130,1.073717,0.033093,0.017649,0.007640
41.188507,1791353619.694184,-0.111548,-0.985130,1.073717,0.033093,0.017649,0.007640
41.208866,1791353619.715564,-0.111175,-0.985476,1.073777,0.039149,0.019004,0.007749
41.228580,1791353619.737597,-0.110257,-0.984988,1.074100,0.046149,0.022353,0.008574
41.248645,1791353619.756418,-0.109269,-0.984512,1.074273,0.052640,0.025221,0.009073
41.268466,1791353619.776608,-0.108258,-0.984313,1.074465,0.058392,0.026847,0.009944
41.289177,1791353619.811132,-0.106091,-0.984576,1.074599,0.067593,0.026959,0.009519
41.308272,1791353619.814314,-0.106091,-0.984576,1.074599,0.067593,0.026959,0.009519
41.328384,1791353619.837995,-0.104645,-0.984073,1.074998,0.072073,0.028554,0.010089
41.348339,1791353619.860915,-0.103166,-0.983487,1.075201,0.075812,0.030104,0.010277
41.368138,1791353619.879145,-0.101671,-0.983206,1.075506,0.078992,0.030594,0.011353
41.388952,1791353619.897899,-0.098326,-0.982238,1.076065,0.084087,0.032731,0.012362
41.408928,1791353619.913604,-0.098326,-0.982238,1.076065,0.084087,0.032731,0.012362
41.433810,1791353619.913604,-0.098326,-0.982238,1.076065,0.084087,0.032731,0.012362
41.448598,1791353619.971832,-0.094710,-0.981220,1.076632,0.087908,0.034443,0.012295
41.468476,1791353619.975247,-0.092947,-0.980519,1.076879,0.088359,0.035667,0.012242
41.488373,1791353620.004615,-0.091331,-0.980978,1.077032,0.088111,0.033318,0.012226
41.508933,1791353620.023413,-0.088225,-0.980880,1.077146,0.085282,0.031712,0.010463
41.528263,1791353620.033714,-0.088225,-0.980880,1.077146,0.085282,0.031712,0.010463
41.548434,1791353620.058062,-0.086660,-0.980800,1.077260,0.083087,0.031112,0.009803
41.587340,1791353620.058062,-0.086660,-0.980800,1.077260,0.083087,0.031112,0.009803
41.600963,1791353620.058062,-0.086660,-0.980800,1.077260,0.083087,0.031112,0.009803
41.609095,1791353620.127049,-0.085021,-0.980167,1.077467,0.080813,0.032194,0.010836
41.652014,1791353620.145875,-0.083888,-0.980527,1.077337,0.076872,0.030405,0.010577
41.653324,1791353620.177110,-0.082380,-0.979907,1.077548,0.073844,0.031557,0.010254
41.674118,1791353620.184769,-0.080643,-0.980237,1.077611,0.064165,0.029719,0.008566
41.693742,1791353620.216995,-0.077737,-0.979779,1.077786,0.051398,0.030503,0.009043
41.714212,1791353620.216995,-0.077737,-0.979779,1.077786,0.051398,0.030503,0.009043
41.734017,1791353620.255546,-0.075828,-0.978491,1.078195,0.044007,0.033919,0.011723
41.755183,1791353620.255546,-0.075828,-0.978491,1.078195,0.044007,0.033919,0.011723
41.774181,1791353620.285042,-0.075219,-0.978207,1.078236,0.039620,0.034485,0.012543
41.793542,1791353620.314379,-0.073800,-0.976453,1.078774,0.032264,0.038526,0.014460
41.814400,1791353620.314379,-0.073800,-0.976453,1.078774,0.032264,0.038526,0.014460
41.834217,1791353620.356143,-0.072799,-0.974785,1.079242,0.024976,0.040790,0.015166
41.853656,1791353620.356143,-0.072799,-0.974785,1.079242,0.024976,0.040790,0.015166
41.874199,1791353620.381536,-0.072449,-0.973591,1.079605,0.017750,0.040180,0.015517
41.894396,1791353620.414133,-0.072116,-0.972787,1.079925,0.015587,0.040229,0.016424
41.913615,1791353620.438044,-0.071823,-0.971983,1.080249,0.013700,0.040120,0.015964
41.933761,1791353620.453493,-0.071568,-0.971182,1.080567,0.011843,0.040023,0.015702
41.954303,1791353620.453493,-0.071568,-0.971182,1.080567,0.011843,0.040023,0.015702
41.974145,1791353620.493441,-0.071169,-0.969595,1.081185,0.008160,0.039085,0.015350
41.993519,1791353620.493441,-0.071169,-0.969595,1.081185,0.008160,0.039085,0.015350
42.013725,1791353620.539076,-0.071421,-0.969265,1.081053,0.003461,0.033219,0.012346
42.033545,1791353620.540018,-0.071362,-0.968618,1.081283,0.002517,0.031514,0.010573
42.054079,1791353620.558537,-0.071362,-0.968618,1.081283,0.002517,0.031514,0.010573
42.073842,1791353620.588643,-0.071285,-0.967421,1.081651,0.001610,0.028478,0.008093
42.094461,1791353620.593113,-0.071285,-0.967421,1.081651,0.001610,0.028478,0.008093
42.113707,1791353620.622017,-0.071204,-0.966324,1.081913,0.002738,0.026479,0.004719
42.134364,1791353620.654053,-0.071137,-0.965803,1.081983,0.003996,0.025673,0.002333
42.153967,1791353620.654053,-0.071137,-0.965803,1.081983,0.003996,0.025673,0.002333
42.174008,1791353620.691700,-0.070921,-0.964809,1.081972,0.006782,0.023915,-0.003250
42.193583,1791353620.699727,-0.070921,-0.964809,1.081972,0.006782,0.023915,-0.003250
42.214343,1791353620.724230,-0.070607,-0.963898,1.081721,0.008698,0.021553,-0.008682
42.234035,1791353620.754260,-0.070428,-0.963481,1.081526,0.009111,0.020164,-0.010750
42.253873,1791353620.754260,-0.070428,-0.963481,1.081526,0.009111,0.020164,-0.010750
42.274321,1791353620.794361,-0.070060,-0.962731,1.081044,0.009239,0.017360,-0.013629
42.294264,1791353620.794361,-0.070060,-0.962731,1.081044,0.009239,0.017360,-0.013629
42.313998,1791353620.839742,-0.069691,-0.962088,1.080474,0.009242,0.014873,-0.014664
42.333796,1791353620.858137,-0.069505,-0.961801,1.080179,0.009390,0.013813,-0.014863
42.354147,1791353620.859515,-0.069315,-0.961534,1.079875,0.009608,0.012869,-0.015458
42.373668,1791353620.897572,-0.069121,-0.961286,1.079557,0.009808,0.011992,-0.016163
42.394122,1791353620.897572,-0.069121,-0.961286,1.079557,0.009808,0.011992,-0.016163
42.413873,1791353620.923719,-0.068913,-0.961043,1.079212,0.009913,0.011043,-0.016552
42.434224,1791353620.956135,-0.072978,-0.952030,1.074230,0.000959,0.025840,-0.022469
42.454289,1791353620.977903,-0.072962,-0.951524,1.073786,0.000614,0.024780,-0.022009
42.474024,1791353620.977903,-0.072962,-0.951524,1.073786,0.000614,0.024780,-0.022009
42.493805,1791353621.005528,-0.072953,-0.951041,1.073357,0.000286,0.023486,-0.020794
42.513803,1791353621.022546,-0.074164,-0.948950,1.072299,-0.002302,0.021999,-0.018649
42.533579,1791353621.043803,-0.074209,-0.948536,1.071941,-0.002157,0.019325,-0.016960
42.554637,1791353621.077393,-0.074248,-0.948179,1.071627,-0.001695,0.016364,-0.014580
42.574216,1791353621.077393,-0.074248,-0.948179,1.071627,-0.001695,0.016364,-0.014580
42.593965,1791353621.107202,-0.074275,-0.947883,1.071363,-0.000970,0.013184,-0.011897
42.614213,1791353621.130286,-0.074283,-0.947491,1.070962,0.000538,0.006291,-0.007332
42.634056,1791353621.144288,-0.074264,-0.947401,1.070840,0.001314,0.002685,-0.005137
42.653934,1791353621.164151,-0.074231,-0.947385,1.070756,0.002034,-0.001091,-0.003475
42.673860,1791353621.175318,-0.074231,-0.947385,1.070756,0.002034,-0.001091,-0.003475
42.694134,1791353621.206068,-0.074184,-0.947447,1.070711,0.002645,-0.005082,-0.000845
42.714195,1791353621.224240,-0.074125,-0.947588,1.070712,0.003273,-0.009061,0.001214
42.736889,1791353621.225191,-0.074053,-0.947808,1.070761,0.003932,-0.012905,0.003468
42.755070,1791353621.278832,-0.073875,-0.948470,1.071020,0.004772,-0.020072,0.009373
42.774970,1791353621.296882,-0.073779,-0.948904,1.071224,0.004791,-0.023387,0.011148
42.794883,1791353621.313466,-0.073685,-0.949404,1.071456,0.004630,-0.026501,0.012137
42.813697,1791353621.318137,-0.073595,-0.949962,1.071709,0.004329,-0.029337,0.012759
42.834287,1791353621.356835,-0.073512,-0.950575,1.071976,0.003886,-0.031840,0.013668
42.854217,1791353621.372526,-0.073440,-0.951233,1.072251,0.003344,-0.033941,0.013949
42.873748,1791353621.394258,-0.073379,-0.951929,1.072530,0.002760,-0.035629,0.013842
42.894507,1791353621.395007,-0.073330,-0.952655,1.072806,0.002143,-0.036924,0.013741
42.913670,1791353621.413095,-0.073330,-0.952655,1.072806,0.002143,-0.036924,0.013741
42.933980,1791353621.453796,-0.073269,-0.954166,1.073379,0.000901,-0.038352,0.014712
42.953877,1791353621.479263,-0.073257,-0.954935,1.073658,0.000270,-0.038524,0.013450
42.974801,1791353621.480063,-0.073258,-0.955704,1.073921,-0.000385,-0.038382,0.013225
42.993482,1791353621.512547,-0.073273,-0.956468,1.074182,-0.001084,-0.037915,0.012734
43.014005,1791353621.514200,-0.082392,-0.949743,1.068132,-0.016927,-0.024569,0.003136
43.042355,1791353621.556046,-0.082740,-0.950222,1.068189,-0.017833,-0.023304,0.002611
43.053570,1791353621.576780,-0.083105,-0.950674,1.068236,-0.018575,-0.021883,0.002278
43.073911,1791353621.576780,-0.083105,-0.950674,1.068236,-0.018575,-0.021883,0.002278
43.094913,1791353621.613188,-0.083850,-0.951491,1.068333,-0.018217,-0.019077,0.003088
43.113842,1791353621.613188,-0.083850,-0.951491,1.068333,-0.018217,-0.019077,0.003088
43.137511,1791353621.656242,-0.084953,-0.949794,1.067244,-0.015554,-0.012893,0.003491
43.154345,1791353621.658683,-0.084953,-0.949794,1.067244,-0.015554,-0.012893,0.003491
43.174224,1791353621.681533,-0.085239,-0.950045,1.067319,-0.012939,-0.012207,0.004260
43.194395,1791353621.713128,-0.085632,-0.950516,1.067534,-0.006529,-0.011421,0.005936
43.213373,1791353621.715265,-0.085632,-0.950516,1.067534,-0.006529,-0.011421,0.005936
43.233583,1791353621.755359,-0.085751,-0.950968,1.067807,0.000623,-0.011341,0.007585
43.254179,1791353621.773138,-0.085702,-0.951197,1.067971,0.004267,-0.011575,0.008563
43.274704,1791353621.793540,-0.085581,-0.951433,1.068159,0.007886,-0.011960,0.010082
43.293750,1791353621.818209,-0.085493,-0.951553,1.068261,0.009680,-0.012194,0.010405
43.314300,1791353621.834331,-0.085264,-0.951803,1.068483,0.013275,-0.012756,0.011664
43.336277,1791353621.834331,-0.085264,-0.951803,1.068483,0.013275,-0.012756,0.011664
43.353824,1791353621.877789,-0.084962,-0.952064,1.068733,0.016859,-0.013395,0.013155
43.373894,1791353621.882594,-0.084146,-0.952627,1.069272,0.023913,-0.014740,0.013852
43.394480,1791353621.914588,-0.083634,-0.952929,1.069566,0.027263,-0.015433,0.015094
43.413535,1791353621.935324,-0.083057,-0.953245,1.069877,0.030348,-0.016164,0.015914
43.436779,1791353621.956927,-0.082423,-0.953576,1.070198,0.033040,-0.016957,0.016588
43.453749,1791353621.972829,-0.081739,-0.953923,1.070534,0.035326,-0.017812,0.017060
43.473944,1791353621.993101,-0.081013,-0.954289,1.070883,0.037218,-0.018712,0.017537
43.494015,1791353621.993101,-0.081013,-0.954289,1.070883,0.037218,-0.018712,0.017537
43.514418,1791353622.023619,-0.079464,-0.955074,1.071617,0.040063,-0.020532,0.018665
43.533692,1791353622.056367,-0.078653,-0.955493,1.071990,0.041085,-0.021359,0.019059
43.554255,1791353622.071802,-0.083212,-0.950707,1.069066,0.032200,-0.012683,0.014111
43.574466,1791353622.071802,-0.083212,-0.950707,1.069066,0.032200,-0.012683,0.014111
43.595554,1791353622.115989,-0.082861,-0.949986,1.069029,0.030467,-0.010979,0.013773
43.613494,1791353622.137225,-0.083345,-0.949709,1.068725,0.027718,-0.010260,0.012949
43.634588,1791353622.157398,-0.082800,-0.949919,1.068990,0.026822,-0.010879,0.013642
43.653835,1791353622.172723,-0.082273,-0.950147,1.069261,0.025870,-0.011980,0.013657
43.673901,1791353622.172723,-0.082273,-0.950147,1.069261,0.025870,-0.011980,0.013657
43.694374,1791353622.172723,-0.082273,-0.950147,1.069261,0.025870,-0.011980,0.013657
43.714026,1791353622.232652,-0.081274,-0.950692,1.069835,0.024158,-0.015425,0.015288
43.742056,1791353622.256115,-0.080337,-0.951387,1.070494,0.022752,-0.019197,0.017345
43.754186,1791353622.276924,-0.079888,-0.951786,1.070848,0.022186,-0.020701,0.018339
43.774200,1791353622.278972,-0.079449,-0.952213,1.071222,0.021659,-0.021966,0.019206
43.794248,1791353622.315183,-0.079022,-0.952664,1.071614,0.021100,-0.023066,0.020147
43.814238,1791353622.332460,-0.078606,-0.953135,1.072021,0.020436,-0.024055,0.020442
43.836786,1791353622.333271,-0.078205,-0.953626,1.072428,0.019644,-0.025056,0.019948
43.854231,1791353622.372058,-0.077821,-0.954138,1.072829,0.018715,-0.026133,0.020045
43.874233,1791353622.372058,-0.077821,-0.954138,1.072829,0.018715,-0.026133,0.020045
43.893947,1791353622.411664,-0.077286,-0.950689,1.073224,0.016047,-0.018770,0.019436
43.914221,1791353622.413335,-0.077286,-0.950689,1.073224,0.016047,-0.018770,0.019436
43.937017,1791353622.447208,-0.077155,-0.949334,1.073342,0.012722,-0.015741,0.017029
43.953927,1791353622.478447,-0.076911,-0.949656,1.073685,0.011664,-0.016390,0.017487
43.974379,1791353622.497116,-0.076688,-0.949990,1.074028,0.010698,-0.016993,0.016790
43.994322,1791353622.497116,-0.076688,-0.949990,1.074028,0.010698,-0.016993,0.016790
44.014588,1791353622.532698,-0.076415,-0.950074,1.074298,0.008295,-0.016981,0.015121
44.044150,1791353622.555499,-0.076466,-0.949720,1.074084,0.006657,-0.016216,0.013395
44.054030,1791353622.573012,-0.076345,-0.950055,1.074357,0.005453,-0.017284,0.013616
44.073903,1791353622.597413,-0.076330,-0.950101,1.074445,0.004160,-0.017553,0.013157
44.093836,1791353622.615109,-0.076360,-0.950298,1.074473,0.002974,-0.018083,0.012300
44.113645,1791353622.638730,-0.076309,-0.950669,1.074712,0.002088,-0.019003,0.011527
44.138712,1791353622.652216,-0.076356,-0.950618,1.074660,0.001019,-0.018593,0.009292
44.154714,1791353622.652216,-0.076356,-0.950618,1.074660,0.001019,-0.018593,0.009292
44.174041,1791353622.693627,-0.076344,-0.951383,1.075033,-0.000351,-0.019495,0.009690
44.193721,1791353622.714438,-0.076356,-0.951774,1.075221,-0.000809,-0.019654,0.009454
44.214389,1791353622.714438,-0.076356,-0.951774,1.075221,-0.000809,-0.019654,0.009454
44.236728,1791353622.754450,-0.076402,-0.952564,1.075566,-0.001396,-0.019803,0.008034
44.254066,1791353622.754450,-0.076402,-0.952564,1.075566,-0.001396,-0.019803,0.008034
44.274057,1791353622.785971,-0.076431,-0.952961,1.075718,-0.001540,-0.019958,0.007532
44.294355,1791353622.812135,-0.076497,-0.953772,1.076000,-0.001728,-0.020675,0.006475
44.313557,1791353622.813113,-0.076532,-0.954191,1.076124,-0.001788,-0.021194,0.006134
44.336968,1791353622.840693,-0.076532,-0.954191,1.076124,-0.001788,-0.021194,0.006134
44.354263,1791353622.877543,-0.076603,-0.955059,1.076336,-0.001699,-0.022206,0.004472
44.373882,1791353622.896824,-0.076635,-0.955508,1.076425,-0.001515,-0.022592,0.004353
44.394164,1791353622.911785,-0.076662,-0.955962,1.076516,-0.001202,-0.022880,0.004502
44.414008,1791353622.913390,-0.076682,-0.956422,1.076607,-0.000705,-0.023114,0.004723
44.453318,1791353622.957837,-0.076689,-0.956887,1.076700,0.000004,-0.023327,0.004651
44.454456,1791353622.957837,-0.076689,-0.956887,1.076700,0.000004,-0.023327,0.004651
44.475266,1791353622.991665,-0.076652,-0.957827,1.076853,0.001950,-0.023644,0.003294
44.495498,1791353622.993166,-0.076601,-0.958300,1.076920,0.003098,-0.023688,0.003600
44.514758,1791353623.022146,-0.076528,-0.958773,1.076995,0.004265,-0.023625,0.003760
44.536021,1791353623.050632,-0.076431,-0.959244,1.077069,0.005374,-0.023417,0.003641
44.555386,1791353623.062952,-0.076313,-0.959709,1.077146,0.006384,-0.023021,0.003970
44.575152,1791353623.082702,-0.075012,-0.950094,1.074467,0.009698,-0.001059,-0.000951
44.595743,1791353623.112087,-0.074810,-0.950104,1.074448,0.010457,0.000016,-0.001131
44.615019,1791353623.112087,-0.074810,-0.950104,1.074448,0.010457,0.000016,-0.001131
44.635268,1791353623.155991,-0.074388,-0.947724,1.073736,0.011498,0.007360,-0.001974
44.655725,1791353623.155991,-0.074388,-0.947724,1.073736,0.011498,0.007360,-0.001974
44.675392,1791353623.190792,-0.073914,-0.947390,1.073663,0.012141,0.009068,-0.001185
44.695481,1791353623.220744,-0.073669,-0.947208,1.073644,0.012331,0.009097,-0.000533
44.715500,1791353623.220744,-0.073669,-0.947208,1.073644,0.012331,0.009097,-0.000533
44.752048,1791353623.251062,-0.073176,-0.946873,1.073640,0.012214,0.007291,0.000125
44.754998,1791353623.279798,-0.072935,-0.946743,1.073643,0.011846,0.005683,0.000043
44.775579,1791353623.279798,-0.072935,-0.946743,1.073643,0.011846,0.005683,0.000043
44.795131,1791353623.314633,-0.072484,-0.946591,1.073635,0.010632,0.001783,-0.000183
44.815039,1791353623.331117,-0.072279,-0.946576,1.073635,0.009890,-0.000277,0.000052
44.839018,1791353623.352553,-0.070272,-0.942794,1.072660,0.012835,0.005365,-0.000482
44.855604,1791353623.352553,-0.070272,-0.942794,1.072660,0.012835,0.005365,-0.000482
44.876973,1791353623.382389,-0.069485,-0.941424,1.072304,0.013317,0.005968,0.000055
44.896429,1791353623.412081,-0.068203,-0.939197,1.072640,0.013725,0.006181,0.001902
44.915668,1791353623.435298,-0.067936,-0.939097,1.072674,0.012954,0.003766,0.001920
44.935452,1791353623.453552,-0.067333,-0.938677,1.072618,0.012720,0.001677,0.003662
44.954968,1791353623.453552,-0.067333,-0.938677,1.072618,0.012720,0.001677,0.003662
44.975105,1791353623.491830,-0.067099,-0.938635,1.072642,0.009671,-0.005181,0.004996
44.995409,1791353623.512616,-0.066921,-0.938779,1.072745,0.008153,-0.009205,0.004978
45.015558,1791353623.513474,-0.066774,-0.939005,1.072845,0.006539,-0.013401,0.005188
45.036455,1791353623.558648,-0.066660,-0.939315,1.072946,0.004883,-0.017674,0.005126
45.054964,1791353623.560145,-0.066400,-0.938587,1.073078,0.003669,-0.019098,0.005013
45.075171,1791353623.584492,-0.066343,-0.939010,1.073180,0.002069,-0.023213,0.004910
45.095472,1791353623.612458,-0.066317,-0.939514,1.073287,0.000537,-0.027241,0.005241
45.115383,1791353623.635363,-0.066320,-0.940099,1.073385,-0.000724,-0.031216,0.004478
45.136419,1791353623.656070,-0.066347,-0.940762,1.073469,-0.002066,-0.035065,0.004251
45.154566,1791353623.676657,-0.066402,-0.941502,1.073550,-0.003374,-0.038923,0.004235
45.175593,1791353623.676657,-0.066402,-0.941502,1.073550,-0.003374,-0.038923,0.004235
45.195442,1791353623.713161,-0.066591,-0.943213,1.073722,-0.006028,-0.046542,0.004642
45.215709,1791353623.737129,-0.066721,-0.944179,1.073816,-0.006824,-0.050095,0.004972
45.236730,1791353623.756257,-0.066861,-0.945213,1.073917,-0.007147,-0.053278,0.005305
45.254701,1791353623.771515,-0.067006,-0.946307,1.074020,-0.007348,-0.056065,0.005089
45.275217,1791353623.775522,-0.067156,-0.947453,1.074132,-0.007707,-0.058428,0.005674
45.295302,1791353623.813316,-0.067314,-0.948641,1.074252,-0.008151,-0.060329,0.006389
45.316026,1791353623.837058,-0.067482,-0.949863,1.074381,-0.008618,-0.061862,0.006779
45.334991,1791353623.859648,-0.067658,-0.951113,1.074522,-0.008980,-0.063042,0.007360
45.355762,1791353623.870688,-0.067850,-0.952446,1.074695,-0.009283,-0.063898,0.008916
45.375142,1791353623.895003,-0.069712,-0.950950,1.073550,-0.013234,-0.058249,0.007381
45.396425,1791353623.913182,-0.069981,-0.952117,1.073706,-0.013561,-0.058469,0.008532
45.414936,1791353623.937046,-0.070255,-0.953286,1.073886,-0.013778,-0.058423,0.009157
45.439262,1791353623.937874,-0.070530,-0.954451,1.074086,-0.013723,-0.058012,0.010658
45.455246,1791353623.975149,-0.070812,-0.952257,1.073472,-0.013534,-0.050017,0.009843
45.475561,1791353623.975149,-0.070812,-0.952257,1.073472,-0.013534,-0.050017,0.009843
45.496394,1791353624.014089,-0.071333,-0.954217,1.073915,-0.012272,-0.047916,0.012287
45.515121,1791353624.035960,-0.071568,-0.955164,1.074173,-0.011193,-0.046682,0.013566
45.534730,1791353624.055341,-0.071778,-0.956084,1.074462,-0.009833,-0.045345,0.015694
45.555201,1791353624.072264,-0.071961,-0.956977,1.074792,-0.008461,-0.043938,0.016896
45.574847,1791353624.092557,-0.072120,-0.957843,1.075135,-0.007486,-0.042693,0.017232
45.596654,1791353624.113595,-0.072263,-0.958685,1.075488,-0.006920,-0.041580,0.018229
45.615544,1791353624.135594,-0.072398,-0.959508,1.075859,-0.006559,-0.040676,0.019118
45.635316,1791353624.136503,-0.072529,-0.960314,1.076246,-0.006569,-0.039933,0.019100
45.654593,1791353624.174445,-0.072658,-0.961105,1.076642,-0.006334,-0.039217,0.020434
45.675646,1791353624.174445,-0.072658,-0.961105,1.076642,-0.006334,-0.039217,0.020434
45.695591,1791353624.214681,-0.072887,-0.962645,1.077470,-0.004972,-0.037691,0.020771
45.714818,1791353624.235495,-0.072977,-0.963389,1.077886,-0.004051,-0.036640,0.020655
45.735108,1791353624.239809,-0.073048,-0.964109,1.078300,-0.002981,-0.035290,0.020797
45.755789,1791353624.271661,-0.073095,-0.964798,1.078717,-0.001683,-0.033633,0.020781
45.775226,1791353624.281779,-0.073095,-0.964798,1.078717,-0.001683,-0.033633,0.020781
45.795717,1791353624.316816,-0.073123,-0.966067,1.079520,0.000140,-0.029796,0.019321
45.815245,1791353624.330820,-0.073114,-0.966644,1.079906,0.000740,-0.027935,0.018831
45.835283,1791353624.355846,-0.073095,-0.967186,1.080272,0.001172,-0.026239,0.017906
45.855997,1791353624.380297,-0.073066,-0.967695,1.080626,0.001777,-0.024675,0.017687
45.875247,1791353624.394659,-0.073022,-0.968173,1.080972,0.002569,-0.023160,0.016840
45.895479,1791353624.395503,-0.072966,-0.968620,1.081302,0.003043,-0.021532,0.016156
45.914653,1791353624.436857,-0.070287,-0.965150,1.080634,0.007851,-0.013021,0.013429
45.935115,1791353624.456084,-0.070129,-0.965394,1.080901,0.007895,-0.011370,0.013429
45.955157,1791353624.477729,-0.069972,-0.965605,1.081160,0.007841,-0.009800,0.012671
45.975492,1791353624.477729,-0.069972,-0.965605,1.081160,0.007841,-0.009800,0.012671
45.995001,1791353624.512559,-0.069450,-0.964929,1.081030,0.008037,-0.005563,0.008738
46.015902,1791353624.535093,-0.069292,-0.965033,1.081194,0.007783,-0.004821,0.007461
46.034874,1791353624.536452,-0.069141,-0.965125,1.081337,0.007304,-0.004415,0.007186
46.054753,1791353624.579492,-0.069001,-0.965212,1.081472,0.006589,-0.004312,0.006587
46.075413,1791353624.591587,-0.068872,-0.965304,1.081599,0.005710,-0.004492,0.005565
46.095148,1791353624.597518,-0.068768,-0.965398,1.081707,0.004726,-0.004925,0.004884
46.115393,1791353624.617023,-0.068768,-0.965398,1.081707,0.004726,-0.004925,0.004884
46.135451,1791353624.655688,-0.068622,-0.965620,1.081864,0.002545,-0.006197,0.002960
46.155617,1791353624.680688,-0.068581,-0.965750,1.081916,0.001524,-0.006842,0.002310
46.175166,1791353624.681538,-0.068560,-0.965893,1.081952,0.000596,-0.007418,0.001163
46.195041,1791353624.716907,-0.068556,-0.966046,1.081968,-0.000227,-0.007877,0.000170
46.215176,1791353624.735939,-0.068568,-0.966208,1.081964,-0.000918,-0.008260,-0.000251
46.235079,1791353624.750589,-0.068594,-0.966376,1.081949,-0.001771,-0.008638,-0.001089
46.255757,1791353624.750589,-0.068594,-0.966376,1.081949,-0.001771,-0.008638,-0.001089
46.275144,1791353624.791153,-0.068701,-0.966739,1.081864,-0.003397,-0.009474,-0.003158
46.295317,1791353624.814398,-0.068774,-0.966932,1.081795,-0.003947,-0.009781,-0.003443
46.315181,1791353624.835221,-0.068856,-0.967130,1.081716,-0.004162,-0.009978,-0.004058
46.334779,1791353624.852858,-0.068942,-0.967330,1.081631,-0.004523,-0.010073,-0.004537
46.354594,1791353624.852858,-0.068942,-0.967330,1.081631,-0.004523,-0.010073,-0.004537
46.375287,1791353624.892609,-0.069138,-0.967735,1.081445,-0.005309,-0.010219,-0.004809
46.395284,1791353624.892609,-0.069138,-0.967735,1.081445,-0.005309,-0.010219,-0.004809
46.414693,1791353624.935230,-0.069351,-0.968149,1.081248,-0.005199,-0.010462,-0.004553
46.435138,1791353624.954591,-0.069451,-0.968360,1.081163,-0.004778,-0.010617,-0.004090
46.458754,1791353624.955383,-0.069542,-0.968573,1.081084,-0.004309,-0.010725,-0.003508
46.475318,1791353624.994580,-0.069622,-0.968788,1.081019,-0.003662,-0.010773,-0.002809
46.495309,1791353624.994580,-0.069622,-0.968788,1.081019,-0.003662,-0.010773,-0.002809
46.515155,1791353625.032067,-0.069692,-0.969004,1.080975,-0.003292,-0.010765,-0.001874
46.535853,1791353625.050957,-0.069804,-0.969438,1.080935,-0.002333,-0.011049,-0.000278
46.557552,1791353625.070836,-0.069846,-0.969663,1.080935,-0.001859,-0.011383,0.000290
46.575154,1791353625.094196,-0.069879,-0.969894,1.080963,-0.001447,-0.011755,0.002258
46.595069,1791353625.095896,-0.069905,-0.970132,1.081012,-0.001110,-0.012088,0.002775
46.615209,1791353625.122708,-0.069924,-0.970377,1.081075,-0.000769,-0.012353,0.003094
46.634743,1791353625.154760,-0.069936,-0.970626,1.081137,-0.000425,-0.012510,0.003130
46.655537,1791353625.160028,-0.069941,-0.970877,1.081199,-0.000092,-0.012559,0.003382
46.675231,1791353625.193395,-0.069939,-0.971127,1.081265,0.000232,-0.012512,0.003114
46.695234,1791353625.219480,-0.069932,-0.971377,1.081327,0.000506,-0.012412,0.002794
46.719055,1791353625.219480,-0.069932,-0.971377,1.081327,0.000506,-0.012412,0.002794
46.734661,1791353625.259298,-0.069904,-0.971869,1.081395,0.000808,-0.012191,0.001177
46.755011,1791353625.278420,-0.059455,-0.984523,1.076398,0.016184,-0.030334,-0.005245
46.775244,1791353625.278420,-0.059455,-0.984523,1.076398,0.016184,-0.030334,-0.005245
46.795079,1791353625.315716,-0.058480,-0.985892,1.075854,0.017023,-0.030383,-0.006562
46.815240,1791353625.330085,-0.058140,-0.986494,1.075729,0.017001,-0.029750,-0.005857
46.836269,1791353625.336343,-0.057787,-0.987105,1.075607,0.016522,-0.028350,-0.005994
46.855017,1791353625.370720,-0.057467,-0.987652,1.075493,0.015416,-0.026142,-0.005243
46.875709,1791353625.370720,-0.057467,-0.987652,1.075493,0.015416,-0.026142,-0.005243
46.895386,1791353625.410565,-0.057175,-0.988145,1.075402,0.013640,-0.023102,-0.003480
46.915930,1791353625.438246,-0.056726,-0.988922,1.075300,0.008579,-0.015559,-0.001539
46.935048,1791353625.453661,-0.056583,-0.989193,1.075281,0.005666,-0.011555,-0.000660
46.955026,1791353625.475015,-0.056499,-0.989385,1.075274,0.002746,-0.007583,0.000421
46.975179,1791353625.475015,-0.056499,-0.989385,1.075274,0.002746,-0.007583,0.000421
46.995571,1791353625.512511,-0.056497,-0.989528,1.075323,-0.002525,0.000361,0.001842
47.014874,1791353625.512511,-0.056497,-0.989528,1.075323,-0.002525,0.000361,0.001842
47.034891,1791353625.547678,-0.056697,-0.989356,1.075427,-0.007466,0.008288,0.003721
47.055134,1791353625.572802,-0.056870,-0.989150,1.075499,-0.009919,0.012287,0.003770
47.075235,1791353625.572802,-0.056870,-0.989150,1.075499,-0.009919,0.012287,0.003770
47.095392,1791353625.614082,-0.057363,-0.988497,1.075684,-0.014608,0.020363,0.004802
47.115409,1791353625.614889,-0.057676,-0.988050,1.075784,-0.016777,0.024311,0.005120
47.136420,1791353625.654321,-0.058033,-0.987526,1.075896,-0.018872,0.028039,0.006352
47.154879,1791353625.669640,-0.058430,-0.986929,1.076030,-0.020793,0.031601,0.007015
47.176463,1791353625.689848,-0.057029,-0.985850,1.075172,-0.019067,0.035803,0.005602
47.194847,1791353625.715990,-0.057427,-0.985101,1.075287,-0.020756,0.038999,0.005716
47.215458,1791353625.735216,-0.057317,-0.984541,1.075146,-0.021586,0.041387,0.006962
47.234653,1791353625.754016,-0.057768,-0.983687,1.075297,-0.023543,0.043901,0.008114
47.255103,1791353625.770351,-0.058258,-0.982787,1.075463,-0.025448,0.046168,0.008608
47.275774,1791353625.771260,-0.058785,-0.981842,1.075635,-0.027228,0.048271,0.008661
47.294750,1791353625.810087,-0.059347,-0.980858,1.075814,-0.028999,0.050106,0.009252
47.315591,1791353625.811735,-0.059943,-0.979839,1.076007,-0.030540,0.051743,0.009680
47.335843,1791353625.856318,-0.060566,-0.978790,1.076208,-0.031751,0.053142,0.010429
47.359620,1791353625.856318,-0.060566,-0.978790,1.076208,-0.031751,0.053142,0.010429
47.375208,1791353625.891149,-0.061872,-0.976623,1.076635,-0.033353,0.054939,0.011368
47.394925,1791353625.919776,-0.062545,-0.975522,1.076866,-0.033929,0.055138,0.011707
47.415741,1791353625.939350,-0.063226,-0.974421,1.077109,-0.034131,0.054958,0.012135
47.435612,1791353625.949616,-0.063908,-0.973327,1.077356,-0.034098,0.054316,0.012641
47.454513,1791353625.970639,-0.065021,-0.977918,1.075748,-0.034801,0.041114,0.009285
47.475596,1791353625.971478,-0.065711,-0.977110,1.075931,-0.034221,0.039631,0.009422
47.495348,1791353626.013357,-0.066387,-0.976333,1.076122,-0.033289,0.038003,0.009941
47.515331,1791353626.037969,-0.066467,-0.978253,1.075480,-0.030879,0.030569,0.008752
47.535836,1791353626.049602,-0.067072,-0.977661,1.075646,-0.029612,0.028675,0.007672
47.554649,1791353626.072711,-0.068210,-0.977698,1.075424,-0.029211,0.025375,0.006797
47.575413,1791353626.095351,-0.068777,-0.977205,1.075550,-0.027440,0.023922,0.005944
47.596018,1791353626.114406,-0.069305,-0.976737,1.075674,-0.025387,0.022949,0.006582
47.614905,1791353626.115220,-0.068735,-0.975809,1.076135,-0.020561,0.023609,0.007106
47.635725,1791353626.150570,-0.069121,-0.975337,1.076277,-0.017971,0.023601,0.006958
47.654743,1791353626.169960,-0.069453,-0.974863,1.076413,-0.015261,0.023843,0.006426
47.692691,1791353626.192961,-0.070568,-0.975149,1.076016,-0.014589,0.022332,0.005063
47.694386,1791353626.193836,-0.070833,-0.974698,1.076122,-0.011985,0.022688,0.005413
47.716302,1791353626.222296,-0.071759,-0.975092,1.075771,-0.011439,0.020848,0.003990
47.734729,1791353626.241472,-0.071759,-0.975092,1.075771,-0.011439,0.020848,0.003990
47.755157,1791353626.278398,-0.072132,-0.974245,1.075904,-0.007275,0.021529,0.003425
47.775229,1791353626.279274,-0.072258,-0.973811,1.075974,-0.005304,0.021922,0.003228
47.794981,1791353626.297388,-0.072258,-0.973811,1.075974,-0.005304,0.021922,0.003228
47.815490,1791353626.325956,-0.072345,-0.973368,1.076035,-0.003477,0.022365,0.002753
47.835893,1791353626.349716,-0.072770,-0.974430,1.075564,-0.002745,0.018750,0.000205
47.854699,1791353626.379326,-0.073700,-0.974503,1.075172,-0.001633,0.017470,-0.002471
47.875107,1791353626.380963,-0.073721,-0.974149,1.075112,-0.000549,0.017858,-0.003011
47.895260,1791353626.397885,-0.073721,-0.974149,1.075112,-0.000549,0.017858,-0.003011
47.917273,1791353626.430267,-0.074277,-0.973551,1.075154,-0.001334,0.018800,-0.002917
47.934974,1791353626.458547,-0.074720,-0.973682,1.074858,-0.001765,0.016728,-0.002282
47.979547,1791353626.458547,-0.074720,-0.973682,1.074858,-0.001765,0.016728,-0.002282
47.987531,1791353626.459372,-0.074753,-0.973348,1.074818,-0.001576,0.016656,-0.001579
48.002590,1791353626.505332,-0.074753,-0.973348,1.074818,-0.001576,0.016656,-0.001579
48.021251,1791353626.531070,-0.074783,-0.973017,1.074798,-0.001341,0.016426,-0.000554
48.041671,1791353626.531070,-0.074783,-0.973017,1.074798,-0.001341,0.016426,-0.000554
48.060695,1791353626.572652,-0.074807,-0.972691,1.074803,-0.001014,0.016194,0.001287
48.081670,1791353626.604306,-0.074838,-0.972051,1.074915,-0.000626,0.015830,0.004265
48.100961,1791353626.607804,-0.074838,-0.972051,1.074915,-0.000626,0.015830,0.004265
48.120939,1791353626.607804,-0.074838,-0.972051,1.074915,-0.000626,0.015830,0.004265
48.178971,1791353626.607804,-0.074838,-0.972051,1.074915,-0.000626,0.015830,0.004265
48.205824,1791353626.623877,-0.074850,-0.971736,1.075007,-0.000571,0.015591,0.005025
48.228492,1791353626.704957,-0.074850,-0.971736,1.075007,-0.000571,0.015591,0.005025
48.232078,1791353626.708098,-0.074862,-0.971428,1.075120,-0.000636,0.015198,0.006529
48.259286,1791353626.755299,-0.074862,-0.971428,1.075120,-0.000636,0.015198,0.006529
48.269857,1791353626.795871,-0.074876,-0.971129,1.075265,-0.000835,0.014682,0.007671
48.293140,1791353626.814405,-0.074926,-0.970569,1.075590,-0.001742,0.013319,0.008327
48.310850,1791353626.832346,-0.075021,-0.970060,1.075953,-0.003063,0.012169,0.009657
48.330478,1791353626.850180,-0.075174,-0.969590,1.076347,-0.004656,0.011306,0.010060
48.350396,1791353626.872037,-0.075277,-0.969370,1.076564,-0.005634,0.010747,0.011672
48.370016,1791353626.896276,-0.085014,-0.972913,1.075790,-0.029091,-0.000977,0.011098
48.390257,1791353626.911875,-0.088354,-0.973928,1.076296,-0.036446,-0.007024,0.013058
48.410614,1791353626.917817,-0.089955,-0.972883,1.077069,-0.039249,-0.005323,0.015467
48.430524,1791353626.947388,-0.092459,-0.973437,1.077532,-0.041134,-0.007042,0.017752
48.450617,1791353626.970784,-0.094051,-0.973364,1.078001,-0.038033,-0.005985,0.018478
48.470868,1791353626.990764,-0.095615,-0.973767,1.078245,-0.037457,-0.006310,0.017704
48.490847,1791353626.990764,-0.095615,-0.973767,1.078245,-0.037457,-0.006310,0.017704
48.510809,1791353627.029023,-0.097655,-0.974172,1.078822,-0.032211,-0.005478,0.017021
48.530294,1791353627.029023,-0.097655,-0.974172,1.078822,-0.032211,-0.005478,0.017021
48.550222,1791353627.062488,-0.098718,-0.973708,1.079350,-0.029367,-0.003002,0.017543
48.570880,1791353627.078715,-0.099262,-0.973756,1.079695,-0.024984,-0.001752,0.017056
48.592123,1791353627.114849,-0.100067,-0.973764,1.080368,-0.015058,0.001438,0.016340
48.612537,1791353627.114849,-0.100067,-0.973764,1.080368,-0.015058,0.001438,0.016340
48.630444,1791353627.148864,-0.100443,-0.972960,1.080745,-0.004283,0.006940,0.012565
48.650497,1791353627.175628,-0.100473,-0.972801,1.080989,0.001359,0.008996,0.011925
48.669897,1791353627.176498,-0.100387,-0.972600,1.081221,0.007234,0.011179,0.011344
48.690752,1791353627.202581,-0.100183,-0.972355,1.081440,0.013166,0.013256,0.010522
48.710782,1791353627.220623,-0.099860,-0.972070,1.081641,0.019133,0.015263,0.009685
48.730586,1791353627.249377,-0.099419,-0.971747,1.081823,0.024977,0.017025,0.008826
48.750235,1791353627.249377,-0.099419,-0.971747,1.081823,0.024977,0.017025,0.008826
48.770617,1791353627.278995,-0.098862,-0.971391,1.081996,0.030749,0.018546,0.008984
48.790630,1791353627.312819,-0.097412,-0.970601,1.082364,0.041497,0.020722,0.009276
48.811159,1791353627.335585,-0.096534,-0.970181,1.082547,0.046227,0.021307,0.009005
48.830377,1791353627.349970,-0.095566,-0.969751,1.082719,0.050524,0.021668,0.008158
48.851352,1791353627.349970,-0.095566,-0.969751,1.082719,0.050524,0.021668,0.008158
48.870283,1791353627.382226,-0.093395,-0.968873,1.083066,0.057741,0.022192,0.008805
48.889967,1791353627.412996,-0.092210,-0.968426,1.083247,0.060711,0.022497,0.009203
48.909993,1791353627.412996,-0.092210,-0.968426,1.083247,0.060711,0.022497,0.009203
48.930561,1791353627.454141,-0.089678,-0.967512,1.083619,0.065708,0.023227,0.008750
48.949980,1791353627.454996,-0.088342,-0.967044,1.083790,0.067858,0.023488,0.008220
48.970751,1791353627.492331,-0.094027,-0.968023,1.083126,0.054133,0.020365,0.006283
48.989870,1791353627.512047,-0.092931,-0.967617,1.083250,0.055481,0.020205,0.006217
49.010625,1791353627.512047,-0.092931,-0.967617,1.083250,0.055481,0.020205,0.006217
49.030496,1791353627.551057,-0.090612,-0.966810,1.083516,0.057430,0.018875,0.006358
49.050553,1791353627.551057,-0.090612,-0.966810,1.083516,0.057430,0.018875,0.006358
49.070665,1791353627.590284,-0.093192,-0.969847,1.082216,0.048236,0.007916,0.002747
49.090471,1791353627.590284,-0.093192,-0.969847,1.082216,0.048236,0.007916,0.002747
49.110482,1791353627.617963,-0.092225,-0.969712,1.082272,0.048415,0.005580,0.002685
49.130412,1791353627.643080,-0.091255,-0.969625,1.082335,0.048611,0.003094,0.003230
49.150282,1791353627.671157,-0.089920,-0.969243,1.082406,0.048063,-0.000552,0.001561
49.170226,1791353627.693954,-0.088952,-0.969272,1.082432,0.048711,-0.002357,0.001162
49.190451,1791353627.716361,-0.087971,-0.969336,1.082457,0.049453,-0.004012,0.000767
49.210604,1791353627.717175,-0.086974,-0.969432,1.082464,0.050156,-0.005560,-0.000219
49.230159,1791353627.737541,-0.085965,-0.969558,1.082450,0.050743,-0.007072,-0.000889
49.250225,1791353627.756900,-0.085965,-0.969558,1.082450,0.050743,-0.007072,-0.000889
49.270550,1791353627.794029,-0.087115,-0.969333,1.082389,0.046109,-0.007708,-0.001312
49.290492,1791353627.799470,-0.086193,-0.969501,1.082358,0.046104,-0.009148,-0.001863
49.310305,1791353627.833851,-0.084360,-0.969917,1.082295,0.045395,-0.011474,-0.001051
49.331824,1791353627.833851,-0.084360,-0.969917,1.082295,0.045395,-0.011474,-0.001051
49.401660,1791353627.833851,-0.084360,-0.969917,1.082295,0.045395,-0.011474,-0.001051
49.413472,1791353627.923889,-0.083560,-0.970570,1.081662,0.044481,-0.013243,-0.002472
49.426236,1791353627.923889,-0.083560,-0.970570,1.081662,0.044481,-0.013243,-0.002472
49.469425,1791353627.928439,-0.082977,-0.970992,1.081291,0.043027,-0.014231,-0.003303
49.478036,1791353627.952824,-0.082977,-0.970992,1.081291,0.043027,-0.014231,-0.003303
49.490961,1791353628.014735,-0.081285,-0.971584,1.081157,0.041587,-0.015307,-0.003691
49.512355,1791353628.016967,-0.080460,-0.971894,1.081085,0.040915,-0.015727,-0.003477
49.534744,1791353628.046296,-0.080660,-0.972910,1.080375,0.037807,-0.017748,-0.005220
49.551336,1791353628.066547,-0.080251,-0.974128,1.079747,0.030432,-0.018603,-0.006166
49.571065,1791353628.086286,-0.081322,-0.974528,1.079288,0.024998,-0.018637,-0.007302
49.591391,1791353628.115084,-0.079162,-0.975550,1.078721,0.022064,-0.017389,-0.006767
49.610954,1791353628.119261,-0.077004,-0.975105,1.078870,0.021913,-0.012271,-0.004959
49.631361,1791353628.148716,-0.076185,-0.975230,1.078769,0.021153,-0.010237,-0.003697
49.651107,1791353628.172097,-0.075780,-0.975414,1.078697,0.019350,-0.008096,-0.003361
49.671183,1791353628.172867,-0.075573,-0.975436,1.078579,0.017074,-0.005380,-0.003330
49.691565,1791353628.213194,-0.074979,-0.975511,1.078497,0.015767,-0.002942,-0.002347
49.711302,1791353628.213980,-0.074452,-0.975648,1.078340,0.014283,-0.000855,-0.001731
49.731472,1791353628.248215,-0.074124,-0.976012,1.078032,0.012274,0.000283,-0.001688
49.751173,1791353628.271036,-0.073854,-0.976232,1.077783,0.010228,0.001534,-0.001628
49.771095,1791353628.296280,-0.073664,-0.976179,1.077769,0.007908,0.003557,0.000341
49.790939,1791353628.311604,-0.073528,-0.976454,1.077545,0.005805,0.004436,0.001958
49.811340,1791353628.330687,-0.073394,-0.976508,1.077394,0.004057,0.005995,0.002927
49.831372,1791353628.348188,-0.073290,-0.976485,1.077253,0.002618,0.007799,0.003017
49.851793,1791353628.371742,-0.073203,-0.976349,1.077107,0.001357,0.009843,0.002928
49.877074,1791353628.371742,-0.073203,-0.976349,1.077107,0.001357,0.009843,0.002928
49.891085,1791353628.408593,-0.073108,-0.975790,1.076877,-0.000883,0.014334,0.003578
49.911175,1791353628.428291,-0.073138,-0.975484,1.076957,-0.002006,0.016237,0.004333
49.932001,1791353628.448602,-0.073124,-0.975034,1.076888,-0.002581,0.018279,0.004272
49.951179,1791353628.448602,-0.073124,-0.975034,1.076888,-0.002581,0.018279,0.004272
49.972374,1791353628.482762,-0.073132,-0.974592,1.076786,-0.003024,0.020134,0.004035
49.992217,1791353628.511735,-0.073285,-0.973729,1.076970,-0.004685,0.022921,0.004973
50.024835,1791353628.511735,-0.073285,-0.973729,1.076970,-0.004685,0.022921,0.004973
50.030936,1791353628.551469,-0.073380,-0.972240,1.076975,-0.005933,0.026197,0.004141
50.051186,1791353628.566300,-0.073368,-0.970944,1.076816,-0.006176,0.029014,0.003495
50.071103,1791353628.579836,-0.073426,-0.969922,1.076894,-0.006461,0.030633,0.004376
50.091228,1791353628.614124,-0.073560,-0.969309,1.076988,-0.006861,0.030654,0.005211
50.111599,1791353628.636669,-0.073630,-0.968272,1.077089,-0.006862,0.031698,0.005977
50.131101,1791353628.652563,-0.073707,-0.967279,1.077208,-0.006711,0.032412,0.005928
50.151305,1791353628.672322,-0.074112,-0.966959,1.077039,-0.007414,0.030982,0.004614
50.182668,1791353628.673143,-0.074261,-0.965837,1.077182,-0.007199,0.031869,0.004494
50.190589,1791353628.711879,-0.074401,-0.965207,1.077276,-0.006850,0.031121,0.004942
50.211369,1791353628.728546,-0.074931,-0.965138,1.077051,-0.007517,0.028585,0.004302
50.230892,1791353628.748334,-0.075369,-0.964832,1.076875,-0.007679,0.026728,0.003080
50.251291,1791353628.772921,-0.075633,-0.963798,1.077378,-0.007287,0.026994,0.004611
50.271146,1791353628.792507,-0.075550,-0.963235,1.077462,-0.005966,0.025863,0.004139
50.291383,1791353628.807868,-0.076080,-0.962777,1.077217,-0.006430,0.024684,0.002708
50.311553,1791353628.807868,-0.076080,-0.962777,1.077217,-0.006430,0.024684,0.002708
50.331681,1791353628.853915,-0.076300,-0.961822,1.077309,-0.004558,0.023135,0.002358
50.351682,1791353628.853915,-0.076300,-0.961822,1.077309,-0.004558,0.023135,0.002358
50.371383,1791353628.890587,-0.077802,-0.961550,1.076822,-0.006137,0.020187,0.001396
50.391104,1791353628.914064,-0.078327,-0.961354,1.076653,-0.006069,0.019122,0.000244
50.410742,1791353628.932292,-0.078926,-0.960861,1.076516,-0.006374,0.018949,-0.000163
50.431782,1791353628.953707,-0.079043,-0.960487,1.076507,-0.005247,0.018471,-0.000933
50.451942,1791353628.953707,-0.079043,-0.960487,1.076507,-0.005247,0.018471,-0.000933
50.471075,1791353628.989178,-0.079206,-0.959769,1.076463,-0.002881,0.017401,-0.000975
50.490776,1791353628.989178,-0.079206,-0.959769,1.076463,-0.002881,0.017401,-0.000975
50.512147,1791353629.031240,-0.079581,-0.959726,1.076213,-0.000815,0.014170,-0.002464
50.531211,1791353629.054415,-0.079581,-0.959451,1.076163,0.000780,0.013286,-0.002732
50.551379,1791353629.054415,-0.079581,-0.959451,1.076163,0.000780,0.013286,-0.002732
50.571700,1791353629.090836,-0.079487,-0.958958,1.076028,0.003894,0.011353,-0.004044
50.592338,1791353629.090836,-0.079487,-0.958958,1.076028,0.003894,0.011353,-0.004044
50.611101,1791353629.128284,-0.079273,-0.958546,1.075877,0.006821,0.009223,-0.003851
50.631240,1791353629.153809,-0.079122,-0.958373,1.075799,0.008216,0.008017,-0.004002
50.651289,1791353629.168433,-0.078945,-0.958226,1.075714,0.009451,0.006720,-0.004667
50.671680,1791353629.189389,-0.078848,-0.958162,1.075662,0.010014,0.006062,-0.005706
50.691487,1791353629.189389,-0.078848,-0.958162,1.075662,0.010014,0.006062,-0.005706
50.711747,1791353629.231794,-0.078399,-0.957969,1.075412,0.012557,0.003633,-0.006212
50.731113,1791353629.247142,-0.078133,-0.957909,1.075279,0.013954,0.002355,-0.006827
50.750804,1791353629.272531,-0.077841,-0.957877,1.075140,0.015238,0.000814,-0.007268
50.771733,1791353629.293189,-0.077524,-0.957877,1.074989,0.016533,-0.000858,-0.008048
50.790798,1791353629.316602,-0.077180,-0.957912,1.074832,0.017794,-0.002650,-0.007645
50.811289,1791353629.331913,-0.076813,-0.957983,1.074678,0.018856,-0.004515,-0.007460
50.830935,1791353629.352327,-0.076429,-0.958093,1.074535,0.019572,-0.006433,-0.006967
50.851210,1791353629.368811,-0.076033,-0.958240,1.074400,0.019920,-0.008287,-0.006780
50.872108,1791353629.391100,-0.075636,-0.958425,1.074272,0.019755,-0.010217,-0.005817
50.890827,1791353629.391893,-0.075244,-0.958648,1.074162,0.019335,-0.012016,-0.004978
50.911055,1791353629.432447,-0.086462,-0.952483,1.074384,-0.005682,-0.000118,-0.003590
50.931117,1791353629.450599,-0.089485,-0.950499,1.074588,-0.013014,0.002824,-0.002175
50.951059,1791353629.472743,-0.091140,-0.948765,1.074930,-0.017314,0.005409,-0.000713
50.971122,1791353629.472743,-0.091140,-0.948765,1.074930,-0.017314,0.005409,-0.000713
50.991644,1791353629.500325,-0.093149,-0.948086,1.074719,-0.022081,0.004798,-0.000140
51.011500,1791353629.530172,-0.094437,-0.947758,1.074594,-0.024156,0.004000,0.000122
51.037438,1791353629.547518,-0.095781,-0.948231,1.074146,-0.025543,0.001072,-0.000465
51.051211,1791353629.572145,-0.096279,-0.948229,1.074126,-0.024119,-0.000940,-0.001410
51.072271,1791353629.572145,-0.096279,-0.948229,1.074126,-0.024119,-0.000940,-0.001410
51.091148,1791353629.604371,-0.097963,-0.947622,1.074137,-0.021113,-0.003770,-0.002512
51.111574,1791353629.628948,-0.098082,-0.947574,1.074103,-0.017289,-0.005717,-0.002186
51.131136,1791353629.637874,-0.098082,-0.947574,1.074103,-0.017289,-0.005717,-0.002186
51.151230,1791353629.671946,-0.098632,-0.947891,1.074003,-0.010069,-0.010078,-0.002810
51.170861,1791353629.671946,-0.098632,-0.947891,1.074003,-0.010069,-0.010078,-0.002810
51.191261,1791353629.715900,-0.098872,-0.948374,1.073908,-0.001765,-0.013961,-0.001712
51.211918,1791353629.731996,-0.098863,-0.948670,1.073886,0.002744,-0.015646,-0.000605
51.231423,1791353629.747266,-0.098762,-0.948999,1.073896,0.007362,-0.017180,0.001263
51.251072,1791353629.749543,-0.098557,-0.949375,1.073938,0.012172,-0.018653,0.003137
51.271378,1791353629.776197,-0.098557,-0.949375,1.073938,0.012172,-0.018653,0.003137
51.291518,1791353629.807425,-0.097890,-0.950168,1.074105,0.021040,-0.020823,0.005274
51.310744,1791353629.818676,-0.097429,-0.950593,1.074220,0.025020,-0.021676,0.005949
51.330996,1791353629.854253,-0.096892,-0.951035,1.074350,0.028612,-0.022575,0.006774
51.351574,1791353629.873039,-0.096287,-0.951497,1.074501,0.031906,-0.023549,0.008227
51.370757,1791353629.888478,-0.095618,-0.951978,1.074671,0.034939,-0.024580,0.008843
51.390692,1791353629.907765,-0.094890,-0.952479,1.074853,0.037845,-0.025527,0.009586
51.410885,1791353629.934194,-0.094106,-0.952998,1.075054,0.040562,-0.026327,0.010404
51.430705,1791353629.953040,-0.093269,-0.953530,1.075269,0.043048,-0.026887,0.010495
51.451260,1791353629.967652,-0.092386,-0.954072,1.075471,0.045256,-0.027222,0.009533
51.471110,1791353629.968593,-0.091462,-0.954619,1.075656,0.047119,-0.027456,0.009015
51.491477,1791353630.012033,-0.090504,-0.955170,1.075832,0.048614,-0.027699,0.008771
51.511792,1791353630.012033,-0.090504,-0.955170,1.075832,0.048614,-0.027699,0.008771
51.531915,1791353630.050947,-0.099177,-0.957294,1.073205,0.027056,-0.030916,0.002111
51.550982,1791353630.052095,-0.098633,-0.957919,1.073250,0.027307,-0.031635,0.002121
51.572096,1791353630.090756,-0.098086,-0.958559,1.073279,0.027430,-0.032321,0.000933
51.591097,1791353630.112945,-0.097536,-0.959211,1.073291,0.027538,-0.032835,0.000642
51.611194,1791353630.127788,-0.099157,-0.958929,1.072932,0.022902,-0.030979,0.000023
51.631410,1791353630.129077,-0.098697,-0.959547,1.072932,0.023183,-0.030841,-0.000085
51.651633,1791353630.169329,-0.098228,-0.960160,1.072924,0.023714,-0.030347,-0.000361
51.671434,1791353630.169917,-0.097747,-0.960759,1.072919,0.024463,-0.029557,0.000177
51.691480,1791353630.212938,-0.097248,-0.961341,1.072935,0.025386,-0.028599,0.001218
51.711101,1791353630.214312,-0.098957,-0.964655,1.071627,0.021345,-0.033875,-0.000785
51.730870,1791353630.246665,-0.099690,-0.966712,1.070872,0.019613,-0.036274,-0.002143
51.751451,1791353630.272565,-0.099513,-0.966882,1.070959,0.019904,-0.034499,-0.000577
51.771558,1791353630.288909,-0.099106,-0.967569,1.070966,0.020742,-0.034177,0.001503
51.791297,1791353630.313376,-0.098681,-0.968250,1.071020,0.021806,-0.033984,0.003605
51.811552,1791353630.331921,-0.099380,-0.969282,1.070617,0.020392,-0.034703,0.004382
51.831074,1791353630.348560,-0.098957,-0.969974,1.070727,0.021973,-0.034448,0.006772
51.851051,1791353630.348560,-0.098957,-0.969974,1.070727,0.021973,-0.034448,0.006772
51.871986,1791353630.396935,-0.098005,-0.971323,1.071081,0.025748,-0.032679,0.011106
51.891241,1791353630.397727,-0.097174,-0.971838,1.071281,0.028537,-0.030753,0.013697
51.911339,1791353630.422667,-0.096583,-0.972434,1.071586,0.030494,-0.028832,0.016554
51.931440,1791353630.446451,-0.095849,-0.972918,1.071816,0.032543,-0.026609,0.017681
51.951746,1791353630.446451,-0.095849,-0.972918,1.071816,0.032543,-0.026609,0.017681
51.970990,1791353630.489161,-0.095213,-0.974029,1.073153,0.033529,-0.022877,0.020507
51.991655,1791353630.489161,-0.095213,-0.974029,1.073153,0.033529,-0.022877,0.020507
52.012103,1791353630.529495,-0.093611,-0.975819,1.072971,0.035600,-0.020991,0.019113
52.057133,1791353630.529495,-0.093611,-0.975819,1.072971,0.035600,-0.020991,0.019113
52.103493,1791353630.529495,-0.093611,-0.975819,1.072971,0.035600,-0.020991,0.019113
52.118836,1791353630.530351,-0.092894,-0.976216,1.073350,0.036197,-0.018717,0.018911
52.125509,1791353630.647004,-0.092163,-0.976566,1.073725,0.036862,-0.016330,0.018716
52.145970,1791353630.664127,-0.090673,-0.977124,1.074459,0.037311,-0.011579,0.018097
52.165123,1791353630.679791,-0.089931,-0.977333,1.074818,0.036924,-0.009322,0.017926
52.185715,1791353630.706835,-0.086669,-0.977177,1.074697,0.037441,-0.001821,0.010552
52.204993,1791353630.723781,-0.084301,-0.977229,1.074887,0.038117,0.002128,0.007032
52.226295,1791353630.732291,-0.083548,-0.977165,1.075013,0.037224,0.004270,0.005354
52.245944,1791353630.771018,-0.082813,-0.977059,1.075110,0.036177,0.006410,0.004519
52.265376,1791353630.788203,-0.081083,-0.976698,1.075095,0.037854,0.009119,0.003189
52.285636,1791353630.788203,-0.081083,-0.976698,1.075095,0.037854,0.009119,0.003189
52.305636,1791353630.815441,-0.079224,-0.976352,1.075091,0.036140,0.012693,0.001094
52.325401,1791353630.827323,-0.079224,-0.976352,1.075091,0.036140,0.012693,0.001094
52.345008,1791353630.855935,-0.078609,-0.976232,1.074973,0.034313,0.013987,-0.000254
52.365617,1791353630.872422,-0.077940,-0.975936,1.074947,0.032586,0.015608,-0.002117
52.385750,1791353630.907059,-0.075759,-0.975627,1.074543,0.031665,0.017804,-0.006298
52.405606,1791353630.930242,-0.075148,-0.975254,1.074401,0.029290,0.019489,-0.008001
52.426142,1791353630.946421,-0.073720,-0.975646,1.073841,0.029269,0.018722,-0.009649
52.446275,1791353630.966619,-0.073160,-0.975255,1.073640,0.026637,0.020388,-0.010768
52.466777,1791353630.966619,-0.073160,-0.975255,1.073640,0.026637,0.020388,-0.010768
52.486475,1791353630.993407,-0.072211,-0.975064,1.073212,0.025364,0.021361,-0.012797
52.506055,1791353631.022921,-0.070358,-0.974549,1.072266,0.023458,0.023874,-0.014153
52.525703,1791353631.046705,-0.069439,-0.974157,1.071920,0.022898,0.025532,-0.013737
52.545533,1791353631.051156,-0.068557,-0.973765,1.071536,0.022404,0.027074,-0.014234
52.564932,1791353631.086128,-0.068128,-0.973206,1.071242,0.020511,0.028870,-0.014981
52.586008,1791353631.087655,-0.066941,-0.972467,1.071025,0.021008,0.030949,-0.013949
52.605247,1791353631.131207,-0.066540,-0.971834,1.070754,0.019005,0.032405,-0.012971
52.643625,1791353631.131207,-0.066540,-0.971834,1.070754,0.019005,0.032405,-0.012971
52.646293,1791353631.170349,-0.065428,-0.971047,1.070485,0.019260,0.034028,-0.012806
52.665905,1791353631.187500,-0.064164,-0.970093,1.069736,0.017175,0.034617,-0.012436
52.686299,1791353631.188891,-0.063837,-0.969395,1.069502,0.015493,0.035207,-0.011130
52.711497,1791353631.213048,-0.063543,-0.968687,1.069296,0.013912,0.035523,-0.009533
52.726522,1791353631.247314,-0.062946,-0.968584,1.069446,0.013311,0.033673,-0.007148
52.746212,1791353631.247314,-0.062946,-0.968584,1.069446,0.013311,0.033673,-0.007148
52.765901,1791353631.273183,-0.062694,-0.967912,1.069308,0.011880,0.033506,-0.006427
52.786306,1791353631.311188,-0.062279,-0.966588,1.069099,0.008834,0.032546,-0.004020
52.806453,1791353631.311984,-0.062119,-0.965946,1.069034,0.007137,0.031644,-0.002622
52.828065,1791353631.333260,-0.061994,-0.965325,1.068990,0.005353,0.030394,-0.001514
52.847044,1791353631.355059,-0.061904,-0.964732,1.068966,0.003636,0.028930,-0.000666
52.865903,1791353631.388335,-0.061847,-0.964169,1.068972,0.002096,0.027335,0.000907
52.886126,1791353631.388335,-0.061847,-0.964169,1.068972,0.002096,0.027335,0.000907
52.906325,1791353631.425844,-0.061815,-0.963143,1.069065,-0.000401,0.023935,0.003384
52.931273,1791353631.447744,-0.061834,-0.962683,1.069147,-0.001524,0.022056,0.004443
52.946604,1791353631.471252,-0.061876,-0.962262,1.069254,-0.002650,0.019981,0.006088
52.966126,1791353631.487331,-0.061940,-0.961884,1.069384,-0.003775,0.017754,0.007226
52.986317,1791353631.488752,-0.053458,-0.960906,1.069097,0.015925,0.016885,0.006865
53.005907,1791353631.529747,-0.053146,-0.960593,1.069243,0.015257,0.014432,0.007652
53.026385,1791353631.548246,-0.052847,-0.960329,1.069408,0.014631,0.011897,0.009144
53.046387,1791353631.548246,-0.052847,-0.960329,1.069408,0.014631,0.011897,0.009144
53.066146,1791353631.589473,-0.048580,-0.959997,1.069393,0.020915,0.006589,0.008959
53.085774,1791353631.590543,-0.046728,-0.960970,1.067702,0.022533,0.001477,0.006278
53.106170,1791353631.613587,-0.046299,-0.960966,1.067828,0.020224,-0.001074,0.006464
53.127236,1791353631.646044,-0.044942,-0.961643,1.066812,0.019548,-0.005102,0.003686
53.147031,1791353631.646044,-0.044942,-0.961643,1.066812,0.019548,-0.005102,0.003686
53.165555,1791353631.686228,-0.043448,-0.962447,1.065726,0.013994,-0.011414,0.002724
53.187402,1791353631.686228,-0.043448,-0.962447,1.065726,0.013994,-0.011414,0.002724
53.205966,1791353631.714603,-0.043065,-0.962997,1.065863,0.004975,-0.015893,0.003874
53.228120,1791353631.748520,-0.043014,-0.963331,1.065939,0.000133,-0.017470,0.004119
53.246115,1791353631.749307,-0.042900,-0.963621,1.065489,-0.004441,-0.018330,0.003818
53.265839,1791353631.786058,-0.043039,-0.963993,1.065570,-0.009415,-0.018849,0.004582
53.286297,1791353631.806308,-0.042211,-0.964068,1.065321,-0.011649,-0.018264,0.005208
53.306045,1791353631.830298,-0.042491,-0.964432,1.065437,-0.016265,-0.018139,0.006630
53.327374,1791353631.830298,-0.042491,-0.964432,1.065437,-0.016265,-0.018139,0.006630
53.346318,1791353631.854016,-0.041441,-0.963321,1.066100,-0.017041,-0.014180,0.009390
53.365965,1791353631.885244,-0.041195,-0.963479,1.065873,-0.019568,-0.013676,0.009415
53.386044,1791353631.905878,-0.042134,-0.964022,1.066351,-0.027294,-0.013505,0.014725
53.406545,1791353631.929700,-0.042717,-0.964291,1.066666,-0.031027,-0.013396,0.016579
53.429466,1791353631.929700,-0.042717,-0.964291,1.066666,-0.031027,-0.013396,0.016579
53.445773,1791353631.960562,-0.044107,-0.964820,1.067409,-0.038398,-0.013053,0.020880
53.466580,1791353631.989647,-0.044910,-0.965080,1.067844,-0.041889,-0.012886,0.022918
53.485876,1791353631.989647,-0.044910,-0.965080,1.067844,-0.041889,-0.012886,0.022918
53.506169,1791353632.026825,-0.046758,-0.965605,1.068853,-0.048037,-0.012832,0.026276
53.529033,1791353632.026825,-0.046758,-0.965605,1.068853,-0.048037,-0.012832,0.026276
53.545824,1791353632.058115,-0.048774,-0.966124,1.069964,-0.052483,-0.013123,0.029139
53.566239,1791353632.091063,-0.049840,-0.966388,1.070558,-0.054091,-0.013285,0.030326
53.586627,1791353632.091951,-0.050935,-0.966655,1.071188,-0.055326,-0.013438,0.032382
53.606368,1791353632.130824,-0.052051,-0.966926,1.071851,-0.056256,-0.013669,0.033722
53.626951,1791353632.132210,-0.053183,-0.967203,1.072533,-0.056907,-0.014083,0.034667
53.646340,1791353632.165216,-0.054326,-0.967491,1.073225,-0.057392,-0.014756,0.034610
53.667074,1791353632.165216,-0.054326,-0.967491,1.073225,-0.057392,-0.014756,0.034610
53.686727,1791353632.211236,-0.055476,-0.967794,1.073917,-0.057569,-0.015560,0.034603
53.706800,1791353632.225588,-0.057769,-0.968452,1.075296,-0.056891,-0.017320,0.034723
53.726006,1791353632.225588,-0.057769,-0.968452,1.075296,-0.056891,-0.017320,0.034723
53.749376,1791353632.257941,-0.060014,-0.969173,1.076677,-0.055236,-0.018681,0.033870
53.765721,1791353632.277846,-0.048728,-0.963598,1.075547,-0.027772,-0.006580,0.029308
53.786229,1791353632.297532,-0.049268,-0.963733,1.076128,-0.026208,-0.006927,0.028907
53.806289,1791353632.330588,-0.049775,-0.963875,1.076696,-0.024498,-0.007255,0.028146
53.826235,1791353632.346608,-0.050248,-0.964023,1.077245,-0.022725,-0.007539,0.026666
53.846110,1791353632.346608,-0.050248,-0.964023,1.077245,-0.022725,-0.007539,0.026666
53.865688,1791353632.373892,-0.046505,-0.962302,1.076692,-0.010755,-0.003984,0.021557
53.886009,1791353632.391193,-0.046505,-0.962302,1.076692,-0.010755,-0.003984,0.021557
53.906273,1791353632.429087,-0.043465,-0.959159,1.078385,-0.003545,0.002010,0.022853
53.925894,1791353632.429918,-0.041769,-0.957565,1.079169,-0.000809,0.004734,0.022889
53.946619,1791353632.466354,-0.041800,-0.957477,1.079623,-0.002349,0.003980,0.022264
53.966349,1791353632.466354,-0.041800,-0.957477,1.079623,-0.002349,0.003980,0.022264
53.986081,1791353632.496132,-0.040775,-0.956397,1.080065,-0.002033,0.005120,0.020958
54.006277,1791353632.526366,-0.040957,-0.956247,1.080862,-0.007316,0.002159,0.018939
54.026336,1791353632.548181,-0.041135,-0.956223,1.081234,-0.010631,0.000235,0.018295
54.046241,1791353632.548181,-0.041135,-0.956223,1.081234,-0.010631,0.000235,0.018295
54.066487,1791353632.575848,-0.041385,-0.956239,1.081589,-0.014407,-0.001856,0.017586
54.086334,1791353632.598307,-0.041715,-0.956297,1.081926,-0.018600,-0.003980,0.016031
54.105963,1791353632.630504,-0.042640,-0.956537,1.082500,-0.027794,-0.007869,0.012885
54.126235,1791353632.647011,-0.043244,-0.956711,1.082745,-0.032587,-0.009481,0.011528
54.146626,1791353632.647791,-0.043944,-0.956914,1.082963,-0.037362,-0.010797,0.009988
54.165689,1791353632.673547,-0.044737,-0.957141,1.083143,-0.041961,-0.011862,0.007928
54.186157,1791353632.692242,-0.044737,-0.957141,1.083143,-0.041961,-0.011862,0.007928
54.206337,1791353632.725631,-0.046637,-0.957660,1.083379,-0.050511,-0.013335,0.003441
54.226300,1791353632.725631,-0.046637,-0.957660,1.083379,-0.050511,-0.013335,0.003441
54.246185,1791353632.756033,-0.048799,-0.958209,1.083456,-0.057315,-0.014035,0.000612
54.265637,1791353632.769214,-0.048799,-0.958209,1.083456,-0.057315,-0.014035,0.000612
54.285913,1791353632.806555,-0.051203,-0.958773,1.083416,-0.062702,-0.014048,-0.002490
54.306227,1791353632.825321,-0.052480,-0.959052,1.083352,-0.064999,-0.013855,-0.003769
54.326142,1791353632.826880,-0.053801,-0.959327,1.083260,-0.066976,-0.013562,-0.005100
54.346268,1791353632.853960,-0.055157,-0.959594,1.083155,-0.068644,-0.013186,-0.005635
54.366616,1791353632.882186,-0.056545,-0.959854,1.083033,-0.070052,-0.012749,-0.006815
54.386349,1791353632.911272,-0.057957,-0.960104,1.082890,-0.071124,-0.012299,-0.007494
54.406510,1791353632.926231,-0.050420,-0.958090,1.082183,-0.053925,-0.007266,-0.008980
54.425993,1791353632.947939,-0.051500,-0.958230,1.082001,-0.053953,-0.006659,-0.009060
54.445799,1791353632.947939,-0.051500,-0.958230,1.082001,-0.053953,-0.006659,-0.009060
54.466516,1791353632.986600,-0.049734,-0.957717,1.081780,-0.044744,-0.003849,-0.009772
54.486124,1791353633.006157,-0.050617,-0.957787,1.081585,-0.043538,-0.003146,-0.009976
54.506517,1791353633.025824,-0.051476,-0.957844,1.081387,-0.042444,-0.002602,-0.010106
54.525925,1791353633.027855,-0.052316,-0.957892,1.081182,-0.041557,-0.002245,-0.010233
54.546046,1791353633.053174,-0.053142,-0.957936,1.080972,-0.041101,-0.002238,-0.010461
54.566458,1791353633.080066,-0.053962,-0.957983,1.080760,-0.040953,-0.002492,-0.010559
54.585723,1791353633.090729,-0.053962,-0.957983,1.080760,-0.040953,-0.002492,-0.010559
54.606394,1791353633.129899,-0.055608,-0.958105,1.080335,-0.041466,-0.003732,-0.010267
54.626589,1791353633.129899,-0.055608,-0.958105,1.080335,-0.041466,-0.003732,-0.010267
54.645916,1791353633.154527,-0.057281,-0.958287,1.079942,-0.042206,-0.005395,-0.009579
54.666486,1791353633.187259,-0.058128,-0.958403,1.079767,-0.042423,-0.006189,-0.008358
54.686524,1791353633.187259,-0.058128,-0.958403,1.079767,-0.042423,-0.006189,-0.008358
54.706134,1791353633.230503,-0.059830,-0.958681,1.079491,-0.042649,-0.007671,-0.005045
54.726072,1791353633.246492,-0.060684,-0.958842,1.079403,-0.042741,-0.008417,-0.003813
54.746377,1791353633.266642,-0.061539,-0.959019,1.079349,-0.042808,-0.009318,-0.001805
54.766327,1791353633.285142,-0.062395,-0.959215,1.079335,-0.042712,-0.010373,0.000601
54.786057,1791353633.285142,-0.062395,-0.959215,1.079335,-0.042712,-0.010373,0.000601
54.806670,1791353633.329977,-0.064093,-0.959680,1.079433,-0.042030,-0.012885,0.004207
54.826310,1791353633.347883,-0.064927,-0.959950,1.079539,-0.041363,-0.014099,0.005676
54.846047,1791353633.366631,-0.065746,-0.960243,1.079660,-0.040471,-0.015205,0.006849
54.866887,1791353633.390106,-0.066545,-0.960558,1.079808,-0.039435,-0.016241,0.008010
54.894944,1791353633.390106,-0.066545,-0.960558,1.079808,-0.039435,-0.016241,0.008010
54.906137,1791353633.431297,-0.056640,-0.948275,1.078407,-0.016788,0.004550,0.006029
54.926273,1791353633.432238,-0.054740,-0.945979,1.077989,-0.011372,0.007458,0.005594
54.946341,1791353633.466453,-0.054967,-0.945839,1.078114,-0.010324,0.005758,0.006185
54.966952,1791353633.466453,-0.054967,-0.945839,1.078114,-0.010324,0.005758,0.006185
54.986463,1791353633.496485,-0.055169,-0.945746,1.078244,-0.009971,0.003469,0.006480
55.005917,1791353633.531030,-0.054030,-0.944765,1.078162,-0.008469,-0.001132,0.005996
55.026584,1791353633.551146,-0.054216,-0.944826,1.078283,-0.010152,-0.004936,0.005706
55.046751,1791353633.565263,-0.054439,-0.944963,1.078399,-0.012207,-0.008769,0.006182
55.066260,1791353633.591192,-0.054705,-0.945175,1.078528,-0.014391,-0.012351,0.006830
55.087525,1791353633.592113,-0.054546,-0.943022,1.078589,-0.015564,-0.010315,0.006850
55.106695,1791353633.608159,-0.054546,-0.943022,1.078589,-0.015564,-0.010315,0.006850
55.126133,1791353633.646165,-0.055411,-0.943270,1.078321,-0.020247,-0.015211,0.005530
55.146174,1791353633.651567,-0.055837,-0.943601,1.078435,-0.022349,-0.017942,0.005552
55.170165,1791353633.673108,-0.056305,-0.943989,1.078549,-0.024483,-0.020813,0.005993
55.185784,1791353633.705792,-0.055789,-0.942653,1.078555,-0.024007,-0.019375,0.005240
55.206244,1791353633.712710,-0.056289,-0.943070,1.078663,-0.025988,-0.022293,0.005163
55.226995,1791353633.745502,-0.056829,-0.943544,1.078768,-0.027917,-0.025089,0.005319
55.245599,1791353633.763926,-0.057404,-0.944072,1.078869,-0.029636,-0.027666,0.004965
55.265892,1791353633.767300,-0.058011,-0.944649,1.078961,-0.031060,-0.030041,0.004217
55.286315,1791353633.791175,-0.058011,-0.944649,1.078961,-0.031060,-0.030041,0.004217
55.307103,1791353633.831505,-0.059308,-0.945941,1.079129,-0.033777,-0.034492,0.004372
55.327259,1791353633.851585,-0.059997,-0.946652,1.079221,-0.035115,-0.036601,0.004709
55.345874,1791353633.865156,-0.060713,-0.947404,1.079320,-0.036491,-0.038565,0.004803
55.366738,1791353633.889321,-0.061457,-0.948193,1.079408,-0.037915,-0.040376,0.004253
55.386551,1791353633.905651,-0.062229,-0.949017,1.079488,-0.039252,-0.041968,0.003714
55.406447,1791353633.905651,-0.062229,-0.949017,1.079488,-0.039252,-0.041968,0.003714
55.426409,1791353633.906972,-0.063027,-0.949871,1.079566,-0.040512,-0.043362,0.003988
55.447499,1791353633.966128,-0.064686,-0.951649,1.079727,-0.042274,-0.045376,0.003768
55.466242,1791353633.967821,-0.065536,-0.952563,1.079812,-0.042664,-0.045991,0.004574
55.485471,1791353634.009886,-0.066391,-0.953487,1.079903,-0.042764,-0.046373,0.004804
55.506610,1791353634.027629,-0.073123,-0.953314,1.077995,-0.055576,-0.044089,0.001805
55.526343,1791353634.028598,-0.074233,-0.954195,1.078032,-0.055407,-0.044028,0.001890
55.545895,1791353634.053157,-0.075338,-0.955074,1.078075,-0.055028,-0.043816,0.002277
55.566191,1791353634.086269,-0.076431,-0.955947,1.078133,-0.054321,-0.043489,0.003636
55.586419,1791353634.109967,-0.077507,-0.956813,1.078207,-0.053199,-0.043063,0.003796
55.606235,1791353634.109967,-0.077507,-0.956813,1.078207,-0.053199,-0.043063,0.003796
55.625956,1791353634.151688,-0.079166,-0.956131,1.077564,-0.048380,-0.036725,0.005537
55.645996,1791353634.171464,-0.080106,-0.956855,1.077683,-0.045591,-0.035634,0.006656
55.665716,1791353634.188161,-0.081030,-0.957589,1.077832,-0.042354,-0.034325,0.007614
55.686491,1791353634.192546,-0.081845,-0.958263,1.077988,-0.039101,-0.033025,0.007649
55.706997,1791353634.225705,-0.082594,-0.958910,1.078147,-0.035785,-0.031709,0.008260
55.726204,1791353634.246716,-0.083277,-0.959531,1.078307,-0.032553,-0.030409,0.007681
55.746119,1791353634.265537,-0.083897,-0.960126,1.078461,-0.029455,-0.029083,0.007837
55.766613,1791353634.287713,-0.084457,-0.960694,1.078622,-0.026561,-0.027643,0.008268
55.788450,1791353634.287713,-0.084457,-0.960694,1.078622,-0.026561,-0.027643,0.008268
55.806134,1791353634.315820,-0.092499,-0.961310,1.076892,-0.035914,-0.023466,0.005505
55.826184,1791353634.332460,-0.092499,-0.961310,1.076892,-0.035914,-0.023466,0.005505
55.845765,1791353634.365652,-0.093851,-0.962180,1.077098,-0.031674,-0.020101,0.005168
55.865882,1791353634.386496,-0.095366,-0.962450,1.076769,-0.031299,-0.018368,0.003721
55.885639,1791353634.388473,-0.095965,-0.962804,1.076847,-0.028621,-0.016989,0.004226
55.905947,1791353634.412448,-0.095965,-0.962804,1.076847,-0.028621,-0.016989,0.004226
55.925570,1791353634.451555,-0.096396,-0.962565,1.076755,-0.020679,-0.012555,0.005466
55.946531,1791353634.466934,-0.096771,-0.962806,1.076871,-0.016876,-0.011502,0.006523
55.965805,1791353634.467788,-0.097070,-0.963027,1.077018,-0.012929,-0.010721,0.008042
55.985828,1791353634.484367,-0.097070,-0.963027,1.077018,-0.012929,-0.010721,0.008042
56.006936,1791353634.520055,-0.098384,-0.963810,1.076912,-0.007014,-0.011227,0.010404
56.026205,1791353634.530490,-0.098384,-0.963810,1.076912,-0.007014,-0.011227,0.010404
56.045955,1791353634.565329,-0.098482,-0.964039,1.077135,-0.002726,-0.011773,0.012284
56.066073,1791353634.587257,-0.099035,-0.964839,1.077348,0.004492,-0.014608,0.016161
56.086525,1791353634.587257,-0.099035,-0.964839,1.077348,0.004492,-0.014608,0.016161
56.106485,1791353634.621263,-0.098902,-0.965144,1.077691,0.008834,-0.015928,0.018212
56.125784,1791353634.645976,-0.099160,-0.965230,1.077468,0.011984,-0.016552,0.018813
56.145955,1791353634.665488,-0.098511,-0.965933,1.078278,0.020330,-0.018477,0.021301
56.165512,1791353634.686506,-0.098066,-0.966308,1.078711,0.024114,-0.019046,0.021933
56.186518,1791353634.686506,-0.098066,-0.966308,1.078711,0.024114,-0.019046,0.021933
56.205912,1791353634.724856,-0.096961,-0.967079,1.079619,0.031002,-0.019341,0.023395
56.225987,1791353634.744274,-0.096310,-0.967466,1.080096,0.034013,-0.019333,0.024469
56.245832,1791353634.766854,-0.095604,-0.967854,1.080582,0.036564,-0.019445,0.024337
56.265923,1791353634.786211,-0.094850,-0.968245,1.081076,0.038757,-0.019644,0.024910
56.286183,1791353634.786211,-0.094850,-0.968245,1.081076,0.038757,-0.019644,0.024910
56.306789,1791353634.824186,-0.093222,-0.969036,1.082096,0.042535,-0.019855,0.025511
56.326368,1791353634.824186,-0.093222,-0.969036,1.082096,0.042535,-0.019855,0.025511
56.346306,1791353634.855113,-0.091454,-0.969817,1.083125,0.045752,-0.018941,0.025499
56.366153,1791353634.887328,-0.090526,-0.970187,1.083629,0.047030,-0.018024,0.024842
56.385959,1791353634.887328,-0.090526,-0.970187,1.083629,0.047030,-0.018024,0.024842
56.406216,1791353634.927409,-0.088604,-0.970861,1.084578,0.048940,-0.015621,0.023104
56.426651,1791353634.927409,-0.088604,-0.970861,1.084578,0.048940,-0.015621,0.023104
56.445755,1791353634.966024,-0.086575,-0.971446,1.085486,0.049862,-0.012854,0.021200
56.466964,1791353634.986801,-0.085578,-0.971689,1.085900,0.049837,-0.011447,0.020401
56.486960,1791353634.986801,-0.085578,-0.971689,1.085900,0.049837,-0.011447,0.020401
56.506305,1791353635.026226,-0.083600,-0.972088,1.086659,0.048838,-0.008519,0.017184
56.525981,1791353635.026226,-0.083600,-0.972088,1.086659,0.048838,-0.008519,0.017184
56.546276,1791353635.066202,-0.085912,-0.976266,1.086467,0.038187,-0.013426,0.011475
56.565600,1791353635.086278,-0.085164,-0.976520,1.086671,0.036580,-0.011977,0.009022
56.586619,1791353635.110666,-0.085002,-0.977848,1.086375,0.033738,-0.012622,0.006979
56.606399,1791353635.129625,-0.084790,-0.978834,1.086094,0.030872,-0.012537,0.004025
56.625771,1791353635.129625,-0.084790,-0.978834,1.086094,0.030872,-0.012537,0.004025
56.646466,1791353635.164092,-0.084313,-0.978440,1.086271,0.026382,-0.006583,-0.000447
56.666125,1791353635.186895,-0.083794,-0.978543,1.086241,0.025633,-0.003583,-0.002513
56.687037,1791353635.211258,-0.083286,-0.978579,1.086175,0.025200,-0.000052,-0.004309
56.705924,1791353635.231468,-0.082783,-0.978542,1.086081,0.025176,0.003821,-0.005225
56.726322,1791353635.231468,-0.082783,-0.978542,1.086081,0.025176,0.003821,-0.005225
56.746291,1791353635.257194,-0.082278,-0.978424,1.085972,0.025314,0.007956,-0.005690
56.766841,1791353635.277699,-0.081772,-0.978224,1.085846,0.025183,0.012049,-0.006666
56.786966,1791353635.304214,-0.080795,-0.977592,1.085539,0.023404,0.019296,-0.008598
56.805899,1791353635.310084,-0.080341,-0.977175,1.085364,0.022082,0.022375,-0.009078
56.826401,1791353635.344255,-0.079912,-0.976700,1.085176,0.020759,0.025128,-0.009620
56.855947,1791353635.364873,-0.080690,-0.977489,1.083402,0.016923,0.024572,-0.013317
56.865772,1791353635.385761,-0.080358,-0.976971,1.083139,0.016203,0.027175,-0.013128
56.886153,1791353635.385761,-0.080358,-0.976971,1.083139,0.016203,0.027175,-0.013128
56.938098,1791353635.385761,-0.080358,-0.976971,1.083139,0.016203,0.027175,-0.013128
56.987199,1791353635.385761,-0.080358,-0.976971,1.083139,0.016203,0.027175,-0.013128
57.007695,1791353635.468385,-0.080742,-0.977112,1.082057,0.014128,0.028040,-0.014013
57.010193,1791353635.533279,-0.080463,-0.976526,1.081789,0.013829,0.030489,-0.012906
57.029261,1791353635.551262,-0.080188,-0.975895,1.081542,0.013626,0.032665,-0.011913
57.050274,1791353635.567447,-0.079660,-0.974520,1.081080,0.012786,0.035803,-0.011137
57.071500,1791353635.567447,-0.079660,-0.974520,1.081080,0.012786,0.035803,-0.011137
57.089296,1791353635.612930,-0.080441,-0.975439,1.080790,0.008820,0.031786,-0.009940
57.109797,1791353635.623279,-0.081313,-0.976869,1.080588,0.005700,0.027167,-0.009440
57.130181,1791353635.644758,-0.081029,-0.975228,1.080132,0.003955,0.027497,-0.005051
57.150349,1791353635.670935,-0.080796,-0.973567,1.079959,0.004174,0.027867,-0.001263
57.169952,1791353635.670935,-0.080796,-0.973567,1.079959,0.004174,0.027867,-0.001263
57.189190,1791353635.670935,-0.080796,-0.973567,1.079959,0.004174,0.027867,-0.001263
57.210382,1791353635.725287,-0.080699,-0.972981,1.079946,0.005035,0.027879,-0.000146
57.230151,1791353635.746425,-0.080465,-0.971872,1.079975,0.006878,0.027461,0.001969
57.249363,1791353635.769085,-0.080317,-0.971328,1.080022,0.007900,0.026875,0.002920
57.270157,1791353635.777162,-0.080153,-0.970801,1.080097,0.008406,0.025794,0.004081
57.289344,1791353635.808255,-0.079799,-0.969825,1.080287,0.009517,0.022897,0.005846
57.309864,1791353635.825058,-0.079599,-0.969383,1.080413,0.010490,0.021341,0.006809
57.329837,1791353635.846698,-0.079378,-0.968972,1.080555,0.011641,0.019823,0.007233
57.349671,1791353635.872297,-0.081809,-0.959524,1.075457,0.006755,0.038869,-0.002587
57.369407,1791353635.889949,-0.081666,-0.958757,1.075413,0.007577,0.037783,-0.001485
57.389907,1791353635.911800,-0.081503,-0.958014,1.075388,0.008671,0.036487,-0.000973
57.409400,1791353635.924847,-0.081320,-0.957300,1.075371,0.009608,0.034868,-0.000745
57.430851,1791353635.947586,-0.081120,-0.956624,1.075372,0.010408,0.032707,0.000628
57.449623,1791353635.949539,-0.082435,-0.950991,1.072864,0.007683,0.040627,-0.003139
57.469487,1791353635.987800,-0.082277,-0.950212,1.072814,0.008049,0.037220,-0.001756
57.489632,1791353636.013584,-0.082114,-0.949505,1.072790,0.008313,0.033384,-0.000599
57.509377,1791353636.023417,-0.081944,-0.948878,1.072793,0.008641,0.029264,0.000788
57.529507,1791353636.044384,-0.081766,-0.948337,1.072829,0.009172,0.024873,0.003032
57.549165,1791353636.044384,-0.081766,-0.948337,1.072829,0.009172,0.024873,0.003032
57.569446,1791353636.089743,-0.082561,-0.946358,1.071643,0.008300,0.017648,0.002705
57.589814,1791353636.110425,-0.082386,-0.946058,1.071722,0.009272,0.012264,0.005076
57.609967,1791353636.111230,-0.082190,-0.945869,1.071850,0.010332,0.006580,0.007585
57.629788,1791353636.153491,-0.081973,-0.945797,1.072011,0.011384,0.000662,0.008735
57.649818,1791353636.166954,-0.081736,-0.945845,1.072192,0.012209,-0.005502,0.009456
57.669324,1791353636.186515,-0.081487,-0.946018,1.072396,0.012765,-0.011791,0.010572
57.689559,1791353636.186515,-0.081487,-0.946018,1.072396,0.012765,-0.011791,0.010572
57.709252,1791353636.224530,-0.080961,-0.946738,1.072869,0.013424,-0.024058,0.013176
57.730023,1791353636.249351,-0.080690,-0.947276,1.073146,0.013640,-0.029689,0.014223
57.749830,1791353636.267078,-0.080416,-0.947922,1.073449,0.013781,-0.034853,0.016013
57.769561,1791353636.289276,-0.080140,-0.948666,1.073779,0.013838,-0.039501,0.017060
57.789583,1791353636.305738,-0.079863,-0.949498,1.074127,0.013810,-0.043646,0.017544
57.809396,1791353636.322909,-0.079588,-0.950409,1.074480,0.013655,-0.047341,0.017579
57.829727,1791353636.344405,-0.079318,-0.951388,1.074831,0.013435,-0.050549,0.017814
57.849822,1791353636.365306,-0.079052,-0.952427,1.075184,0.013103,-0.053274,0.017602
57.869371,1791353636.383676,-0.078793,-0.953516,1.075546,0.012879,-0.055554,0.018138
57.889626,1791353636.410882,-0.078652,-0.954133,1.075746,0.012659,-0.056575,0.018188
57.909066,1791353636.424638,-0.078282,-0.955862,1.076284,0.011949,-0.058582,0.017450
57.929528,1791353636.452402,-0.078048,-0.957042,1.076633,0.011437,-0.059360,0.017207
57.949470,1791353636.466784,-0.077824,-0.958234,1.076974,0.011008,-0.059713,0.017246
57.969850,1791353636.490230,-0.077608,-0.959428,1.077317,0.010704,-0.059666,0.017264
57.989841,1791353636.511310,-0.077396,-0.960618,1.077665,0.010453,-0.059298,0.017191
58.009886,1791353636.527915,-0.093915,-0.939010,1.076092,-0.019775,-0.017476,0.013484
58.036973,1791353636.544525,-0.094317,-0.939344,1.076354,-0.020378,-0.015864,0.013176
58.049402,1791353636.564318,-0.094730,-0.939643,1.076618,-0.020827,-0.014042,0.013044
58.069490,1791353636.591804,-0.097446,-0.935707,1.076211,-0.025087,-0.004832,0.012056
58.090287,1791353636.612288,-0.097696,-0.935753,1.076331,-0.024960,-0.004218,0.011886
58.109092,1791353636.625111,-0.098188,-0.935831,1.076573,-0.024108,-0.003702,0.012122
58.129823,1791353636.625111,-0.098188,-0.935831,1.076573,-0.024108,-0.003702,0.012122
58.149872,1791353636.665886,-0.099074,-0.936011,1.077052,-0.019704,-0.005989,0.012187
58.169348,1791353636.688978,-0.099434,-0.936155,1.077300,-0.016129,-0.008495,0.012606
58.189011,1791353636.711067,-0.099714,-0.936355,1.077548,-0.011884,-0.011563,0.012647
58.209624,1791353636.723486,-0.099906,-0.936621,1.077807,-0.007223,-0.015058,0.012711
58.229589,1791353636.730352,-0.100001,-0.936958,1.078066,-0.002378,-0.018697,0.013243
58.249299,1791353636.767862,-0.100003,-0.937370,1.078331,0.002116,-0.022426,0.013315
58.269686,1791353636.792678,-0.099919,-0.937857,1.078606,0.006301,-0.026303,0.014092
58.289789,1791353636.812381,-0.099753,-0.938423,1.078897,0.010277,-0.030355,0.015258
58.309889,1791353636.834551,-0.099509,-0.939072,1.079202,0.014137,-0.034551,0.015140
58.329907,1791353636.834551,-0.099509,-0.939072,1.079202,0.014137,-0.034551,0.015140
58.349473,1791353636.872293,-0.098790,-0.940625,1.079835,0.021810,-0.043090,0.016897
58.370022,1791353636.884794,-0.108986,-0.942218,1.077016,0.004796,-0.048413,0.012122
58.390018,1791353636.910397,-0.111055,-0.942079,1.077420,0.003710,-0.049817,0.013135
58.409345,1791353636.911285,-0.110951,-0.943107,1.077679,0.006645,-0.052966,0.012968
58.429329,1791353636.946994,-0.110791,-0.944194,1.077946,0.009410,-0.055669,0.013437
58.449825,1791353636.965350,-0.112330,-0.945186,1.078250,0.008548,-0.057670,0.014833
58.469575,1791353636.965350,-0.112330,-0.945186,1.078250,0.008548,-0.057670,0.014833
58.489451,1791353637.007128,-0.111859,-0.947566,1.078858,0.015333,-0.061076,0.015957
58.509690,1791353637.031483,-0.111511,-0.948799,1.079185,0.019488,-0.062158,0.016662
58.529590,1791353637.032797,-0.111077,-0.950049,1.079518,0.024017,-0.062817,0.016786
58.549326,1791353637.065689,-0.110549,-0.951308,1.079855,0.028702,-0.063071,0.016492
58.570227,1791353637.066508,-0.112070,-0.949760,1.079517,0.028402,-0.056448,0.015697
58.589303,1791353637.114168,-0.111458,-0.950884,1.079828,0.032784,-0.055973,0.015530
58.609544,1791353637.122575,-0.110761,-0.951997,1.080129,0.036899,-0.055302,0.014580
58.629750,1791353637.148138,-0.109984,-0.953095,1.080421,0.040760,-0.054496,0.014424
58.649591,1791353637.155149,-0.109087,-0.954230,1.080724,0.044640,-0.053548,0.014596
58.669811,1791353637.182977,-0.108158,-0.955292,1.081012,0.048244,-0.052613,0.013980
58.689902,1791353637.212034,-0.107157,-0.956334,1.081284,0.051857,-0.051619,0.013170
58.709372,1791353637.223885,-0.110311,-0.960919,1.080732,0.045377,-0.059004,0.011363
58.729484,1791353637.247259,-0.109370,-0.962089,1.080946,0.048703,-0.057959,0.009745
58.749660,1791353637.265162,-0.108363,-0.963235,1.081137,0.052010,-0.056684,0.009150
58.769367,1791353637.285567,-0.109674,-0.966748,1.080808,0.049486,-0.060952,0.007489
58.789212,1791353637.312557,-0.108656,-0.967951,1.080949,0.052327,-0.059319,0.006478
58.809495,1791353637.326914,-0.107582,-0.969117,1.081074,0.055034,-0.057131,0.006216
58.829629,1791353637.329808,-0.106455,-0.970232,1.081196,0.057712,-0.054359,0.006186
58.849360,1791353637.364967,-0.105273,-0.971287,1.081324,0.060427,-0.051091,0.006202
58.870160,1791353637.389856,-0.104037,-0.972273,1.081446,0.063180,-0.047450,0.006512
58.889787,1791353637.404035,-0.107129,-0.972321,1.080903,0.055348,-0.041551,0.003867
58.909788,1791353637.427258,-0.105998,-0.973113,1.080984,0.057645,-0.037610,0.004113
58.930297,1791353637.442224,-0.104825,-0.973826,1.081065,0.059611,-0.033686,0.004386
58.949444,1791353637.464839,-0.104271,-0.976807,1.081310,0.059542,-0.035455,0.004831
58.970219,1791353637.492246,-0.103069,-0.977478,1.081416,0.060638,-0.031688,0.005700
58.989812,1791353637.510424,-0.102940,-0.979008,1.081551,0.058828,-0.030246,0.004996
59.009982,1791353637.528457,-0.101756,-0.979576,1.081658,0.059547,-0.026513,0.005788
59.029782,1791353637.554483,-0.100558,-0.980067,1.081762,0.060263,-0.022632,0.004582
59.049347,1791353637.564165,-0.099346,-0.980478,1.081852,0.060942,-0.018363,0.004114
59.070249,1791353637.582921,-0.098121,-0.980798,1.081935,0.061557,-0.013598,0.004597
59.094032,1791353637.590193,-0.096884,-0.981019,1.082028,0.062078,-0.008437,0.004737
59.109328,1791353637.622780,-0.095639,-0.981134,1.082134,0.062328,-0.003040,0.005576
59.129699,1791353637.646761,-0.095119,-0.985851,1.081058,0.060428,-0.009165,0.002882
59.151327,1791353637.666341,-0.093915,-0.985985,1.081116,0.059916,-0.004251,0.003025
59.170301,1791353637.686435,-0.092725,-0.986024,1.081183,0.059107,0.000308,0.003481
59.189993,1791353637.686435,-0.092725,-0.986024,1.081183,0.059107,0.000308,0.003481
59.209760,1791353637.721976,-0.089987,-0.987041,1.081259,0.057777,0.005928,0.004371
59.229945,1791353637.745532,-0.088746,-0.988213,1.080908,0.056716,0.006834,0.004758
59.250083,1791353637.770370,-0.087626,-0.988033,1.081009,0.055233,0.011122,0.005118
59.269645,1791353637.788791,-0.086539,-0.987767,1.081119,0.053471,0.015500,0.006002
59.289747,1791353637.805969,-0.087241,-0.987992,1.081162,0.047060,0.018363,0.006661
59.308954,1791353637.832114,-0.086323,-0.987583,1.081302,0.044688,0.022499,0.007313
59.329460,1791353637.846651,-0.085455,-0.987093,1.081456,0.042057,0.026473,0.007908
59.349595,1791353637.847546,-0.084641,-0.986525,1.081611,0.039289,0.030253,0.007917
59.369602,1791353637.890449,-0.083883,-0.985884,1.081775,0.036539,0.033830,0.008357
59.389403,1791353637.890449,-0.083883,-0.985884,1.081775,0.036539,0.033830,0.008357
59.409724,1791353637.925021,-0.083145,-0.985137,1.081958,0.033761,0.037315,0.009166
59.429753,1791353637.947312,-0.081891,-0.983528,1.082331,0.029117,0.042923,0.010162
59.449367,1791353637.961883,-0.081328,-0.982647,1.082538,0.027171,0.045158,0.010718
59.469150,1791353637.971955,-0.080802,-0.981725,1.082757,0.025468,0.046987,0.011006
59.489455,1791353637.996178,-0.080802,-0.981725,1.082757,0.025468,0.046987,0.011006
59.508994,1791353638.032143,-0.079840,-0.979790,1.083227,0.022738,0.049468,0.012292
59.529474,1791353638.046246,-0.079398,-0.978794,1.083477,0.021513,0.050092,0.012577
59.550150,1791353638.066866,-0.078980,-0.977790,1.083729,0.020289,0.050319,0.012577
59.570479,1791353638.081531,-0.078586,-0.976784,1.083976,0.019044,0.050180,0.012250
59.589240,1791353638.105859,-0.078218,-0.975785,1.084229,0.017761,0.049727,0.012919
59.609106,1791353638.126014,-0.077875,-0.974797,1.084474,0.016500,0.048991,0.011679
59.628938,1791353638.147776,-0.077558,-0.973827,1.084711,0.015284,0.048007,0.011773
59.649401,1791353638.172610,-0.077263,-0.972879,1.084936,0.014166,0.046807,0.010998
59.670193,1791353638.173439,-0.076990,-0.971956,1.085154,0.013184,0.045378,0.010853
59.689465,1791353638.205543,-0.076735,-0.971066,1.085374,0.012338,0.043627,0.010983
59.709282,1791353638.225798,-0.076496,-0.970214,1.085587,0.011613,0.041568,0.010361
59.729921,1791353638.246720,-0.076270,-0.969405,1.085792,0.011003,0.039258,0.009986
59.749764,1791353638.270072,-0.076055,-0.968644,1.085983,0.010438,0.036798,0.009229
59.769815,1791353638.281462,-0.075852,-0.967934,1.086162,0.009939,0.034291,0.008618
59.789059,1791353638.305027,-0.075657,-0.967273,1.086327,0.009520,0.031824,0.008113
59.809337,1791353638.310519,-0.075470,-0.966660,1.086484,0.009200,0.029443,0.007550
59.830274,1791353638.347754,-0.075288,-0.966094,1.086629,0.008960,0.027145,0.006843
59.849802,1791353638.369386,-0.075111,-0.965574,1.086765,0.008769,0.024922,0.006926
59.869530,1791353638.386407,-0.074938,-0.965097,1.086890,0.008537,0.022762,0.005715
59.889749,1791353638.404995,-0.074770,-0.964663,1.087008,0.008236,0.020594,0.005808
59.912286,1791353638.425213,-0.074610,-0.964273,1.087118,0.007789,0.018407,0.005425
59.929520,1791353638.446695,-0.058139,-0.965396,1.078439,0.034927,0.013703,-0.007816
59.950019,1791353638.470383,-0.057444,-0.965145,1.078273,0.034530,0.011418,-0.009010
59.969592,1791353638.488132,-0.056759,-0.964939,1.078090,0.033906,0.009178,-0.009514
59.989444,1791353638.511522,-0.056091,-0.964777,1.077898,0.032867,0.007062,-0.009126
60.011083,1791353638.511522,-0.056091,-0.964777,1.077898,0.032867,0.007062,-0.009126
60.029427,1791353638.546771,-0.054403,-0.965134,1.076708,0.029274,0.002742,-0.009195
60.049444,1791353638.562213,-0.053853,-0.965091,1.076534,0.025599,0.001637,-0.008312
60.069742,1791353638.586925,-0.053387,-0.965066,1.076374,0.020953,0.000835,-0.007136
60.089729,1791353638.601454,-0.053021,-0.965056,1.076236,0.015547,0.000245,-0.006851
60.119464,1791353638.626062,-0.052768,-0.965054,1.076109,0.009714,-0.000096,-0.006135
60.129654,1791353638.653853,-0.052631,-0.965058,1.075997,0.003281,-0.000194,-0.004680
60.150107,1791353638.670257,-0.052628,-0.965061,1.075906,-0.002950,-0.000125,-0.004336
60.169341,1791353638.687986,-0.052749,-0.965061,1.075817,-0.009198,0.000154,-0.004448
60.190489,1791353638.701869,-0.052996,-0.965054,1.075738,-0.015460,0.000595,-0.003647
60.211714,1791353638.728003,-0.053367,-0.965036,1.075674,-0.021618,0.001141,-0.003099
60.229330,1791353638.746207,-0.053859,-0.965008,1.075614,-0.027542,0.001723,-0.003151
60.249782,1791353638.769531,-0.054467,-0.964967,1.075556,-0.033205,0.002337,-0.002186
60.269620,1791353638.780534,-0.055184,-0.964915,1.075512,-0.038486,0.002927,-0.002031
60.289809,1791353638.800935,-0.056003,-0.964850,1.075477,-0.043377,0.003488,-0.001528
60.317463,1791353638.802474,-0.056917,-0.964775,1.075455,-0.047884,0.004036,-0.000789
60.329361,1791353638.846761,-0.057916,-0.964689,1.075458,-0.052010,0.004539,0.000713
60.348943,1791353638.861058,-0.058994,-0.964594,1.075481,-0.055681,0.004997,0.001561
60.369888,1791353638.883741,-0.060140,-0.964489,1.075516,-0.058840,0.005420,0.001940
60.389828,1791353638.902981,-0.061759,-0.945310,1.072613,-0.062291,0.040679,-0.002077
60.410464,1791353638.925764,-0.061898,-0.937157,1.073047,-0.062374,0.055392,-0.000977
60.430685,1791353638.925764,-0.061898,-0.937157,1.073047,-0.062374,0.055392,-0.000977
60.449238,1791353638.960388,-0.064452,-0.934908,1.073049,-0.064959,0.056833,0.000959
60.469941,1791353638.981277,-0.065756,-0.933773,1.073082,-0.065327,0.056526,0.002372
60.489474,1791353639.001381,-0.067025,-0.928558,1.072719,-0.065021,0.063172,0.001708
60.509124,1791353639.022954,-0.068857,-0.925770,1.071983,-0.065600,0.063224,0.001049
60.530071,1791353639.048235,-0.070430,-0.923522,1.071503,-0.065517,0.060849,-0.000077
60.549948,1791353639.069894,-0.071733,-0.922363,1.071509,-0.064779,0.054842,0.000984
60.569652,1791353639.081030,-0.073339,-0.920924,1.071152,-0.064726,0.048895,0.000896
60.589983,1791353639.110976,-0.074624,-0.920020,1.071174,-0.063736,0.041452,0.001449
60.609753,1791353639.125242,-0.075886,-0.919268,1.071206,-0.062470,0.033710,0.001865
60.634143,1791353639.147810,-0.075473,-0.919523,1.070970,-0.056494,0.023479,0.002487
60.649656,1791353639.170177,-0.076584,-0.919136,1.071023,-0.054510,0.015192,0.002882
60.669740,1791353639.194648,-0.077651,-0.918918,1.071084,-0.052198,0.006520,0.003325
60.690094,1791353639.201939,-0.078671,-0.918878,1.071157,-0.049732,-0.002541,0.004138
60.710212,1791353639.221652,-0.080153,-0.914653,1.071503,-0.048680,0.000629,0.005176
60.730708,1791353639.221652,-0.080153,-0.914653,1.071503,-0.048680,0.000629,0.005176
60.749140,1791353639.258361,-0.083181,-0.913627,1.071170,-0.046948,-0.013909,0.004021
60.769896,1791353639.280935,-0.084097,-0.913997,1.071256,-0.044713,-0.023074,0.004489
60.789198,1791353639.304193,-0.084971,-0.914552,1.071356,-0.042667,-0.032411,0.005511
60.809235,1791353639.322089,-0.085803,-0.915295,1.071476,-0.040480,-0.041906,0.006255
60.829728,1791353639.347981,-0.085217,-0.912560,1.071797,-0.034048,-0.041116,0.007196
60.849609,1791353639.352988,-0.087048,-0.910422,1.071862,-0.034343,-0.041688,0.006891
60.869630,1791353639.387030,-0.089020,-0.910089,1.071456,-0.034475,-0.047284,0.005263
60.889699,1791353639.404824,-0.090768,-0.910233,1.071139,-0.034061,-0.053204,0.003078
60.909049,1791353639.422162,-0.092055,-0.910044,1.071216,-0.032367,-0.057428,0.002542
60.930807,1791353639.422162,-0.092055,-0.910044,1.071216,-0.032367,-0.057428,0.002542
60.949513,1791353639.458558,-0.092741,-0.911148,1.071260,-0.023925,-0.068579,0.001445
60.969555,1791353639.490697,-0.094193,-0.912317,1.071020,-0.023034,-0.075275,0.000518
60.989794,1791353639.512786,-0.094614,-0.913896,1.071019,-0.019032,-0.082647,-0.000501
61.010431,1791353639.523125,-0.094952,-0.915621,1.071007,-0.014717,-0.089823,-0.000932
61.029624,1791353639.545694,-0.095159,-0.914477,1.071062,-0.010029,-0.087429,-0.002338
61.049015,1791353639.565551,-0.095311,-0.916287,1.071007,-0.005165,-0.093462,-0.003384
61.069080,1791353639.583907,-0.095364,-0.918210,1.070936,-0.000185,-0.098754,-0.003789
61.089641,1791353639.600769,-0.095318,-0.920230,1.070858,0.004766,-0.103158,-0.004174
61.109472,1791353639.623019,-0.095174,-0.922330,1.070769,0.009685,-0.106766,-0.004890
61.129111,1791353639.642822,-0.096695,-0.922203,1.071039,0.009402,-0.103251,-0.003924
61.149296,1791353639.672066,-0.097768,-0.922851,1.071264,0.010150,-0.101702,-0.003119
61.169749,1791353639.683247,-0.097524,-0.924907,1.071206,0.014290,-0.103912,-0.002284
61.189670,1791353639.704273,-0.098769,-0.926420,1.070869,0.013853,-0.104357,-0.002607
61.209463,1791353639.724133,-0.099675,-0.928191,1.070583,0.014269,-0.105418,-0.002499
61.229184,1791353639.744385,-0.100385,-0.929800,1.070327,0.015056,-0.105861,-0.003250
61.249002,1791353639.770110,-0.100782,-0.931247,1.070264,0.016511,-0.105745,-0.002860
61.269570,1791353639.781319,-0.100419,-0.933380,1.070213,0.019760,-0.107496,-0.002332
61.289725,1791353639.802658,-0.100888,-0.935607,1.069974,0.020146,-0.109271,-0.002520
61.309523,1791353639.820329,-0.101186,-0.937609,1.069790,0.020721,-0.110107,-0.002395
61.329771,1791353639.843296,-0.100746,-0.939823,1.069751,0.023284,-0.111223,-0.001131
61.349430,1791353639.843296,-0.100746,-0.939823,1.069751,0.023284,-0.111223,-0.001131
61.369763,1791353639.883863,-0.100422,-0.942123,1.069692,0.026554,-0.106570,0.000545
61.389316,1791353639.912164,-0.099866,-0.944254,1.069719,0.029063,-0.106509,0.002344
61.409630,1791353639.923795,-0.100394,-0.946033,1.069867,0.028160,-0.105081,0.005544
61.432638,1791353639.923795,-0.100394,-0.946033,1.069867,0.028160,-0.105081,0.005544
61.456187,1791353639.962236,-0.100026,-0.948387,1.070009,0.029300,-0.098000,0.009867
61.469693,1791353639.962236,-0.100026,-0.948387,1.070009,0.029300,-0.098000,0.009867
61.489347,1791353640.002170,-0.099524,-0.952622,1.070572,0.028527,-0.095799,0.015645
61.510183,1791353640.025825,-0.098953,-0.954521,1.070912,0.028551,-0.094183,0.018430
61.529704,1791353640.047243,-0.098382,-0.956391,1.071297,0.028572,-0.092830,0.020197
61.549093,1791353640.062528,-0.098547,-0.956447,1.071458,0.026730,-0.086622,0.020708
61.570000,1791353640.080460,-0.098005,-0.958169,1.071874,0.027560,-0.085512,0.021037
61.594610,1791353640.104766,-0.097441,-0.959865,1.072298,0.028873,-0.084131,0.021202
61.609678,1791353640.122844,-0.097884,-0.961026,1.072152,0.027538,-0.080535,0.019486
61.629384,1791353640.140713,-0.098330,-0.960879,1.072228,0.026115,-0.073324,0.019143
61.667563,1791353640.142221,-0.097501,-0.962735,1.073011,0.028417,-0.072240,0.020624
61.668508,1791353640.172833,-0.097501,-0.962735,1.073011,0.028417,-0.072240,0.020624
61.689892,1791353640.208405,-0.096156,-0.965659,1.074085,0.032728,-0.068764,0.021540
61.709022,1791353640.229872,-0.095417,-0.967650,1.074497,0.035052,-0.069165,0.020895
61.729889,1791353640.229872,-0.095417,-0.967650,1.074497,0.035052,-0.069165,0.020895
61.749490,1791353640.256916,-0.094550,-0.969579,1.074975,0.037460,-0.069496,0.020942
61.787332,1791353640.256916,-0.094550,-0.969579,1.074975,0.037460,-0.069496,0.020942
61.790410,1791353640.313333,-0.093783,-0.970957,1.075398,0.039268,-0.068259,0.021363
61.809928,1791353640.335522,-0.092642,-0.972664,1.076105,0.041653,-0.067870,0.022168
61.829273,1791353640.335522,-0.092642,-0.972664,1.076105,0.041653,-0.067870,0.022168
61.910512,1791353640.335522,-0.092642,-0.972664,1.076105,0.041653,-0.067870,0.022168
61.932561,1791353640.429373,-0.091150,-0.976220,1.076608,0.042825,-0.067039,0.021054
61.947514,1791353640.437153,-0.091150,-0.976220,1.076608,0.042825,-0.067039,0.021054
61.954531,1791353640.474631,-0.090237,-0.977868,1.076975,0.043532,-0.065902,0.020187
61.974584,1791353640.492694,-0.088218,-0.980524,1.077975,0.044556,-0.061334,0.021119
61.994307,1791353640.513205,-0.086460,-0.982865,1.078818,0.042993,-0.055603,0.020807
62.014261,1791353640.533551,-0.085234,-0.985872,1.079162,0.033475,-0.046042,0.018355
62.034515,1791353640.555517,-0.084833,-0.986200,1.079405,0.030120,-0.041028,0.017662
62.054934,1791353640.571201,-0.082551,-0.988975,1.080623,0.027729,-0.037165,0.018689
62.075319,1791353640.598477,-0.081759,-0.989619,1.081321,0.021362,-0.027429,0.018925
62.094161,1791353640.612492,-0.081022,-0.990348,1.081853,0.019770,-0.024325,0.019600
62.114122,1791353640.628104,-0.080364,-0.991136,1.082310,0.018442,-0.021736,0.020217
62.134769,1791353640.641484,-0.079881,-0.992441,1.082535,0.017080,-0.020957,0.019642
62.155683,1791353640.663769,-0.079508,-0.993539,1.083342,0.015775,-0.019584,0.021823
62.174747,1791353640.687931,-0.078572,-0.994653,1.084387,0.014444,-0.013574,0.023089
62.194318,1791353640.700235,-0.078572,-0.994653,1.084387,0.014444,-0.013574,0.023089
62.214456,1791353640.722900,-0.078239,-0.995403,1.084588,0.013464,-0.011277,0.023547
62.234596,1791353640.745161,-0.077982,-0.995589,1.085067,0.012238,-0.007326,0.024365
62.253981,1791353640.761755,-0.077450,-0.995981,1.085280,0.011855,-0.004123,0.023269
62.274303,1791353640.789160,-0.077112,-0.996136,1.085663,0.010779,-0.000335,0.022320
62.294756,1791353640.812888,-0.076911,-0.996101,1.086109,0.009279,0.003876,0.022098
62.313741,1791353640.821890,-0.076668,-0.996462,1.086319,0.008039,0.006659,0.020822
62.334403,1791353640.847279,-0.076472,-0.996417,1.086636,0.006843,0.010717,0.019173
62.354535,1791353640.865248,-0.076302,-0.996495,1.086749,0.005963,0.014018,0.016823
62.374755,1791353640.888987,-0.076079,-0.995751,1.087254,0.004641,0.022777,0.011650
62.394219,1791353640.901056,-0.076079,-0.995751,1.087254,0.004641,0.022777,0.011650
62.414299,1791353640.923285,-0.075999,-0.995478,1.087244,0.004218,0.026474,0.008496
62.434683,1791353640.946535,-0.075933,-0.995037,1.087298,0.003942,0.030287,0.005832
62.454095,1791353640.963350,-0.075855,-0.994392,1.087387,0.003891,0.034206,0.002965
62.475187,1791353640.989502,-0.075732,-0.993179,1.087251,0.003931,0.040135,-0.002510
62.494498,1791353641.006978,-0.075717,-0.992653,1.087055,0.004032,0.042175,-0.005123
62.515290,1791353641.021566,-0.075717,-0.992653,1.087055,0.004032,0.042175,-0.005123
62.534186,1791353641.041955,-0.075703,-0.992119,1.086826,0.004339,0.043932,-0.006824
62.554540,1791353641.066074,-0.075712,-0.991700,1.086514,0.004725,0.045043,-0.008961
62.574463,1791353641.083464,-0.075779,-0.991708,1.086133,0.005046,0.044593,-0.010956
62.594580,1791353641.102418,-0.075827,-0.991313,1.085694,0.005463,0.045220,-0.012824
62.613990,1791353641.135275,-0.075904,-0.990474,1.084837,0.006403,0.045559,-0.015275
62.634270,1791353641.140110,-0.075904,-0.990474,1.084837,0.006403,0.045559,-0.015275
62.654802,1791353641.168192,-0.075765,-0.989552,1.084522,0.007489,0.046573,-0.016140
62.674631,1791353641.189017,-0.075906,-0.989402,1.084264,0.008387,0.042186,-0.016088
62.694696,1791353641.200212,-0.075906,-0.989402,1.084264,0.008387,0.042186,-0.016088
62.713990,1791353641.221660,-0.076276,-0.989883,1.083301,0.008223,0.038074,-0.017971
62.734369,1791353641.246610,-0.076095,-0.989121,1.082933,0.009841,0.038148,-0.018755
62.755053,1791353641.263639,-0.076114,-0.988835,1.082319,0.010573,0.036922,-0.020161
62.774635,1791353641.288176,-0.076170,-0.989038,1.082396,0.010948,0.034187,-0.018007
62.795227,1791353641.311847,-0.076340,-0.989250,1.081628,0.010827,0.031572,-0.019981
62.814741,1791353641.325892,-0.076112,-0.988617,1.081229,0.011929,0.031713,-0.019874
62.834411,1791353641.346438,-0.076361,-0.988939,1.081112,0.011522,0.028924,-0.018396
62.854271,1791353641.348018,-0.076533,-0.988939,1.080648,0.011425,0.027245,-0.017975
62.874742,1791353641.393796,-0.076689,-0.989428,1.080225,0.011289,0.024184,-0.017817
62.894746,1791353641.404665,-0.076454,-0.988943,1.079868,0.012189,0.024324,-0.017689
62.913763,1791353641.430690,-0.076601,-0.989024,1.079158,0.011663,0.022857,-0.018888
62.934507,1791353641.445821,-0.076363,-0.988563,1.078777,0.012178,0.023321,-0.019108
62.955800,1791353641.461421,-0.076546,-0.988639,1.078093,0.011437,0.022534,-0.020136
62.973988,1791353641.482534,-0.076806,-0.988836,1.077363,0.010643,0.021825,-0.020435
62.994905,1791353641.506953,-0.077042,-0.988964,1.076720,0.010080,0.021818,-0.019608
63.014166,1791353641.521925,-0.077306,-0.988370,1.078398,0.009518,0.024359,-0.012610
63.034039,1791353641.545212,-0.077716,-0.987228,1.079741,0.008742,0.029723,-0.003932
63.054459,1791353641.559415,-0.077716,-0.987228,1.079741,0.008742,0.029723,-0.003932
63.074470,1791353641.585350,-0.077948,-0.986359,1.078414,0.008390,0.033942,-0.004926
63.095196,1791353641.599177,-0.077948,-0.986359,1.078414,0.008390,0.033942,-0.004926
63.114322,1791353641.627791,-0.077773,-0.985654,1.078328,0.009089,0.036526,-0.003285
63.135602,1791353641.646945,-0.077995,-0.984616,1.077246,0.008723,0.039856,-0.005207
63.157385,1791353641.661028,-0.077995,-0.984616,1.077246,0.008723,0.039856,-0.005207
63.174461,1791353641.684647,-0.078127,-0.984113,1.076693,0.008416,0.041143,-0.006940
63.194097,1791353641.685963,-0.078175,-0.983651,1.076922,0.008352,0.042095,-0.006002
63.215055,1791353641.729461,-0.078554,-0.983348,1.075680,0.007225,0.041275,-0.009707
63.234565,1791353641.740515,-0.078554,-0.983348,1.075680,0.007225,0.041275,-0.009707
63.254608,1791353641.764298,-0.079065,-0.983751,1.074648,0.005599,0.038854,-0.011933
63.274591,1791353641.783897,-0.079518,-0.983964,1.073698,0.004114,0.036866,-0.014434
63.294809,1791353641.805697,-0.079924,-0.984062,1.072833,0.002768,0.035124,-0.016286
63.322120,1791353641.830803,-0.079867,-0.983353,1.072507,0.002869,0.035739,-0.015983
63.334450,1791353641.855309,-0.079809,-0.982633,1.072191,0.002981,0.036338,-0.015364
63.354729,1791353641.856267,-0.079748,-0.981899,1.071891,0.003092,0.036987,-0.014746
63.374693,1791353641.891408,-0.079685,-0.981153,1.071609,0.003183,0.037706,-0.013629
63.394136,1791353641.905340,-0.080375,-0.982532,1.070946,0.001070,0.032149,-0.013575
63.415010,1791353641.923934,-0.080352,-0.981883,1.070689,0.001248,0.032744,-0.012320
63.434134,1791353641.946785,-0.080324,-0.981223,1.070449,0.001539,0.033250,-0.011529
63.454367,1791353641.948232,-0.080289,-0.980554,1.070229,0.001972,0.033622,-0.010193
63.474482,1791353641.991231,-0.080244,-0.979879,1.070038,0.002633,0.033867,-0.008433
63.494589,1791353641.992909,-0.080183,-0.979201,1.069891,0.003402,0.033943,-0.006254
63.514382,1791353642.030468,-0.080024,-0.977849,1.069708,0.004692,0.033607,-0.002645
63.534833,1791353642.046106,-0.079919,-0.977178,1.069683,0.005848,0.033435,-0.000165
63.553981,1791353642.059633,-0.079919,-0.977178,1.069683,0.005848,0.033435,-0.000165
63.574754,1791353642.088762,-0.079788,-0.976511,1.069709,0.007279,0.033277,0.002706
63.594294,1791353642.090444,-0.079627,-0.975848,1.069786,0.008791,0.033049,0.004571
63.614171,1791353642.124850,-0.082849,-0.977767,1.070481,0.002306,0.023982,0.009900
63.634055,1791353642.146022,-0.082798,-0.977300,1.070709,0.002758,0.022662,0.012504
63.654922,1791353642.160375,-0.082798,-0.977300,1.070709,0.002758,0.022662,0.012504
63.674745,1791353642.182754,-0.082742,-0.976863,1.070975,0.002850,0.021033,0.013937
63.693923,1791353642.204287,-0.084840,-0.977225,1.071469,-0.002615,0.014950,0.017554
63.714234,1791353642.220017,-0.084840,-0.977225,1.071469,-0.002615,0.014950,0.017554
63.733941,1791353642.220017,-0.084840,-0.977225,1.071469,-0.002615,0.014950,0.017554
63.754106,1791353642.270133,-0.085905,-0.976532,1.071603,-0.005048,0.012436,0.019843
63.774647,1791353642.295223,-0.086289,-0.976315,1.071733,-0.005360,0.011422,0.020351
63.794568,1791353642.303252,-0.086388,-0.976093,1.072153,-0.004510,0.010783,0.021565
63.814646,1791353642.331116,-0.087012,-0.975900,1.072634,-0.002893,0.009621,0.021961
63.848001,1791353642.340859,-0.087012,-0.975900,1.072634,-0.002893,0.009621,0.021961
63.854260,1791353642.341797,-0.087240,-0.975709,1.072937,-0.001815,0.009335,0.021606
63.896398,1791353642.341797,-0.087240,-0.975709,1.072937,-0.001815,0.009335,0.021606
63.929838,1791353642.374965,-0.087240,-0.975709,1.072937,-0.001815,0.009335,0.021606
63.952806,1791353642.434616,-0.087420,-0.975492,1.073213,-0.000723,0.008994,0.020807
63.999354,1791353642.471432,-0.087418,-0.975317,1.073624,0.000926,0.008450,0.020419
64.044979,1791353642.524890,-0.087384,-0.975155,1.074031,0.002544,0.007774,0.020370
64.093501,1791353642.527183,-0.087506,-0.975036,1.074183,0.003629,0.007057,0.019510
64.099297,1791353642.595318,-0.087417,-0.974901,1.074580,0.005273,0.006439,0.020091
64.128559,1791353642.624915,-0.087493,-0.974815,1.074657,0.006194,0.005922,0.018691
64.135637,1791353642.638159,-0.087493,-0.974815,1.074657,0.006194,0.005922,0.018691
64.155769,1791353642.670488,-0.087362,-0.974915,1.074360,0.007555,0.005189,0.016900
64.186885,1791353642.672801,-0.087196,-0.974810,1.074700,0.009001,0.005294,0.017116
64.214058,1791353642.700752,-0.087196,-0.974810,1.074700,0.009001,0.005294,0.017116
64.216140,1791353642.739989,-0.087131,-0.974969,1.074185,0.010153,0.004825,0.014692
64.243903,1791353642.740813,-0.087016,-0.975122,1.073950,0.011434,0.004549,0.013853
64.260298,1791353642.757836,-0.087016,-0.975122,1.073950,0.011434,0.004549,0.013853
64.283280,1791353642.787232,-0.086771,-0.975026,1.074231,0.012992,0.005056,0.014190
64.333762,1791353642.787232,-0.086771,-0.975026,1.074231,0.012992,0.005056,0.014190
64.345504,1791353642.858955,-0.086705,-0.975075,1.074476,0.014455,0.005813,0.012735
64.362277,1791353642.860760,-0.086705,-0.975075,1.074476,0.014455,0.005813,0.012735
64.386007,1791353642.872363,-0.086714,-0.974881,1.074944,0.014762,0.007153,0.012299
64.410778,1791353642.893810,-0.086714,-0.974881,1.074944,0.014762,0.007153,0.012299
64.420939,1791353642.937601,-0.086673,-0.974606,1.075376,0.015052,0.008921,0.012238
64.435167,1791353642.954715,-0.086507,-0.974491,1.075842,0.015656,0.010346,0.012874
64.455412,1791353642.974075,-0.085843,-0.974014,1.076342,0.017611,0.013539,0.011610
64.480767,1791353642.980706,-0.085843,-0.974014,1.076342,0.017611,0.013539,0.011610
64.495500,1791353643.013290,-0.085983,-0.973684,1.076681,0.017610,0.015648,0.008191
64.515545,1791353643.039566,-0.085472,-0.973682,1.077114,0.019811,0.015904,0.006374
64.535328,1791353643.058762,-0.084631,-0.973011,1.077317,0.021999,0.017519,0.003884
64.555326,1791353643.070620,-0.085069,-0.973732,1.077352,0.019210,0.014560,0.002682
64.585781,1791353643.091440,-0.083978,-0.973078,1.077572,0.021103,0.015799,0.002397
64.595393,1791353643.113202,-0.083550,-0.972759,1.077626,0.021693,0.016092,0.002938
64.615350,1791353643.125926,-0.082332,-0.972193,1.077964,0.023486,0.015462,0.003695
64.635325,1791353643.158113,-0.080921,-0.971101,1.078295,0.024898,0.015977,0.002763
64.655680,1791353643.179687,-0.079743,-0.970506,1.078357,0.022382,0.014605,0.000104
64.677325,1791353643.184479,-0.078859,-0.970348,1.078233,0.023106,0.014355,-0.000993
64.695930,1791353643.218536,-0.076789,-0.969429,1.078088,0.022644,0.012691,0.000854
64.715238,1791353643.226611,-0.075890,-0.968953,1.078174,0.022335,0.011108,0.002488
64.735732,1791353643.251808,-0.075005,-0.968541,1.078312,0.021715,0.009392,0.004699
64.755404,1791353643.258583,-0.075005,-0.968541,1.078312,0.021715,0.009392,0.004699
64.775442,1791353643.263394,-0.074578,-0.968365,1.078417,0.020985,0.008234,0.005881
64.795729,1791353643.308509,-0.074168,-0.968214,1.078546,0.019972,0.006820,0.006645
64.816108,1791353643.324466,-0.073780,-0.968093,1.078690,0.018852,0.005202,0.008039
64.834932,1791353643.354267,-0.073075,-0.967952,1.079043,0.016364,0.001958,0.009271
64.855233,1791353643.358168,-0.073075,-0.967952,1.079043,0.016364,0.001958,0.009271
64.894608,1791353643.388140,-0.072761,-0.967926,1.079237,0.015008,0.000663,0.009736
64.896493,1791353643.421028,-0.072475,-0.967923,1.079429,0.013546,-0.000348,0.009328
64.916310,1791353643.438431,-0.071986,-0.967965,1.079744,0.011040,-0.001651,0.006311
64.936391,1791353643.439232,-0.071775,-0.968003,1.079860,0.010123,-0.002073,0.005154
64.956832,1791353643.468871,-0.071579,-0.968046,1.079954,0.009448,-0.002269,0.004146
64.977182,1791353643.502562,-0.071396,-0.968091,1.080027,0.008890,-0.002207,0.003533
64.997191,1791353643.502562,-0.071396,-0.968091,1.080027,0.008890,-0.002207,0.003533
65.017231,1791353643.530461,-0.071059,-0.968166,1.080120,0.008010,-0.001397,0.001009
65.036788,1791353643.543416,-0.071059,-0.968166,1.080120,0.008010,-0.001397,0.001009
65.057017,1791353643.565356,-0.070903,-0.968188,1.080126,0.007605,-0.000786,-0.000634
65.081443,1791353643.597971,-0.070612,-0.968199,1.080037,0.007097,0.000205,-0.003662
65.096658,1791353643.597971,-0.070612,-0.968199,1.080037,0.007097,0.000205,-0.003662
65.117153,1791353643.630183,-0.065580,-0.970931,1.075815,0.016908,-0.004490,-0.012378
65.136305,1791353643.643768,-0.065235,-0.971019,1.075555,0.017554,-0.004329,-0.013802
65.157136,1791353643.680401,-0.064878,-0.971104,1.075274,0.018156,-0.004137,-0.014218
65.179063,1791353643.698598,-0.064510,-0.971183,1.074983,0.018569,-0.003722,-0.014932
65.196343,1791353643.698598,-0.064510,-0.971183,1.074983,0.018569,-0.003722,-0.014932
65.217756,1791353643.727017,-0.063697,-0.971707,1.074214,0.018400,-0.002555,-0.014384
65.236255,1791353643.737901,-0.063697,-0.971707,1.074214,0.018400,-0.002555,-0.014384
65.257099,1791353643.780143,-0.062995,-0.971748,1.073707,0.016491,0.000579,-0.011627
65.277477,1791353643.780143,-0.062995,-0.971748,1.073707,0.016491,0.000579,-0.011627
65.297212,1791353643.818789,-0.062378,-0.971653,1.073322,0.013492,0.004006,-0.007247
65.316885,1791353643.820773,-0.062125,-0.971557,1.073205,0.011752,0.005559,-0.004497
65.336757,1791353643.859565,-0.061908,-0.971431,1.073127,0.009909,0.007035,-0.003294
65.356566,1791353643.880434,-0.061730,-0.971277,1.073088,0.007941,0.008401,-0.000562
65.377518,1791353643.881113,-0.061591,-0.971096,1.073095,0.005903,0.009673,0.001325
65.396702,1791353643.918831,-0.061494,-0.970891,1.073137,0.003857,0.010809,0.002788
65.417248,1791353643.919654,-0.061438,-0.970665,1.073214,0.001677,0.011812,0.004878
65.436410,1791353643.943075,-0.061438,-0.970665,1.073214,0.001677,0.011812,0.004878
65.457095,1791353643.970241,-0.061441,-0.970292,1.073392,-0.001929,0.013028,0.007249
65.477121,1791353643.995752,-0.061506,-0.970024,1.073547,-0.004552,0.013770,0.008371
65.496543,1791353644.003890,-0.061624,-0.969743,1.073732,-0.007295,0.014274,0.010181
65.516862,1791353644.037866,-0.061798,-0.969455,1.073948,-0.010024,0.014517,0.011232
65.536602,1791353644.037866,-0.061798,-0.969455,1.073948,-0.010024,0.014517,0.011232
65.556343,1791353644.074714,-0.062298,-0.968874,1.074417,-0.014857,0.014384,0.012585
65.577310,1791353644.097569,-0.062617,-0.968590,1.074666,-0.017101,0.013999,0.012491
65.596546,1791353644.120722,-0.062980,-0.968316,1.074921,-0.019146,0.013457,0.012992
65.617492,1791353644.120722,-0.062980,-0.968316,1.074921,-0.019146,0.013457,0.012992
65.636803,1791353644.148853,-0.063813,-0.967796,1.075413,-0.022401,0.012587,0.012255
65.656574,1791353644.158773,-0.063813,-0.967796,1.075413,-0.022401,0.012587,0.012255
65.681450,1791353644.198310,-0.064759,-0.967303,1.075897,-0.024838,0.012057,0.012116
65.696500,1791353644.220447,-0.065268,-0.967066,1.076142,-0.026021,0.011636,0.012328
65.717192,1791353644.239408,-0.065801,-0.966839,1.076386,-0.027287,0.011003,0.012445
65.737301,1791353644.241544,-0.066359,-0.966627,1.076638,-0.028508,0.010174,0.012523
65.757863,1791353644.282278,-0.066941,-0.966433,1.076890,-0.029665,0.009206,0.012825
65.776728,1791353644.283107,-0.053283,-0.958747,1.071590,-0.007252,0.020301,0.005182
65.796912,1791353644.301939,-0.053283,-0.958747,1.071590,-0.007252,0.020301,0.005182
65.817404,1791353644.325150,-0.053601,-0.957976,1.071807,-0.008642,0.018181,0.005840
65.836660,1791353644.346244,-0.051866,-0.957194,1.071014,-0.006165,0.017524,0.005349
65.856566,1791353644.372649,-0.051997,-0.956860,1.071132,-0.007015,0.015838,0.006365
65.878031,1791353644.377883,-0.051997,-0.956860,1.071132,-0.007015,0.015838,0.006365
65.896941,1791353644.404494,-0.052151,-0.956563,1.071274,-0.008439,0.013825,0.007738
65.921617,1791353644.424800,-0.049573,-0.951196,1.073265,-0.008861,0.017310,0.012746
65.937868,1791353644.438818,-0.049573,-0.951196,1.073265,-0.008861,0.017310,0.012746
65.956818,1791353644.465734,-0.048177,-0.948742,1.074159,-0.009885,0.018370,0.015009
65.976642,1791353644.488681,-0.048638,-0.946689,1.074395,-0.019603,0.013396,0.015975
65.996603,1791353644.520680,-0.049081,-0.946466,1.074719,-0.024712,0.008871,0.016772
66.017086,1791353644.521536,-0.049625,-0.946335,1.075061,-0.029681,0.004230,0.017254
66.037380,1791353644.540902,-0.049625,-0.946335,1.075061,-0.029681,0.004230,0.017254
66.056734,1791353644.575390,-0.051231,-0.944893,1.075345,-0.039752,-0.001715,0.016596
66.077059,1791353644.598061,-0.052071,-0.944971,1.075689,-0.044275,-0.006065,0.017660
66.097114,1791353644.621734,-0.053001,-0.945135,1.076045,-0.048680,-0.010253,0.017633
66.117605,1791353644.640747,-0.054017,-0.945380,1.076394,-0.052939,-0.014305,0.017187
66.137332,1791353644.659740,-0.055979,-0.945442,1.075788,-0.059419,-0.017664,0.013918
66.156911,1791353644.679036,-0.057209,-0.945837,1.076065,-0.063491,-0.021847,0.013581
66.176802,1791353644.697692,-0.058516,-0.946316,1.076335,-0.067205,-0.026073,0.013373
66.197202,1791353644.699724,-0.060585,-0.945993,1.075809,-0.072246,-0.027868,0.011370
66.217215,1791353644.724209,-0.062056,-0.946589,1.076026,-0.074802,-0.031791,0.010524
66.238352,1791353644.761981,-0.061972,-0.946596,1.075529,-0.072180,-0.033533,0.006779
66.262463,1791353644.761981,-0.061972,-0.946596,1.075529,-0.072180,-0.033533,0.006779
66.276513,1791353644.761981,-0.061972,-0.946596,1.075529,-0.072180,-0.033533,0.006779
66.301649,1791353644.762859,-0.063426,-0.947299,1.075655,-0.073086,-0.036795,0.005756
66.316980,1791353644.833930,-0.067011,-0.947512,1.075659,-0.074546,-0.038723,0.003586
66.338048,1791353644.854866,-0.070659,-0.948056,1.075584,-0.074458,-0.040265,0.001913
66.356365,1791353644.857860,-0.070659,-0.948056,1.075584,-0.074458,-0.040265,0.001913
66.377350,1791353644.894824,-0.073437,-0.947588,1.075403,-0.071341,-0.037961,-0.000102
66.397448,1791353644.896543,-0.073437,-0.947588,1.075403,-0.071341,-0.037961,-0.000102
66.417533,1791353644.939286,-0.076211,-0.949166,1.075384,-0.067133,-0.040891,-0.001006
66.437474,1791353644.939286,-0.076211,-0.949166,1.075384,-0.067133,-0.040891,-0.001006
66.456736,1791353644.965334,-0.078182,-0.949679,1.075189,-0.059477,-0.039613,-0.001144
66.477161,1791353644.978797,-0.078182,-0.949679,1.075189,-0.059477,-0.039613,-0.001144
66.496983,1791353645.021790,-0.080420,-0.951279,1.075154,-0.052297,-0.040272,-0.000657
66.517373,1791353645.039060,-0.081427,-0.952085,1.075147,-0.048391,-0.040310,-0.000138
66.536745,1791353645.039060,-0.081427,-0.952085,1.075147,-0.048391,-0.040310,-0.000138
66.556721,1791353645.065135,-0.082353,-0.952890,1.075141,-0.044199,-0.040117,-0.000093
66.576938,1791353645.065950,-0.083194,-0.953689,1.075144,-0.039799,-0.039702,0.000838
66.602221,1791353645.114039,-0.084606,-0.955251,1.075204,-0.030938,-0.038342,0.002218
66.616739,1791353645.138798,-0.085185,-0.956009,1.075262,-0.026932,-0.037438,0.003591
66.637517,1791353645.160674,-0.085685,-0.956748,1.075349,-0.023141,-0.036420,0.005147
66.656310,1791353645.182511,-0.086112,-0.957465,1.075450,-0.019512,-0.035303,0.005251
66.676905,1791353645.182511,-0.086112,-0.957465,1.075450,-0.019512,-0.035303,0.005251
66.706241,1791353645.206151,-0.086467,-0.958160,1.075563,-0.016066,-0.034168,0.006156
66.716567,1791353645.234527,-0.086755,-0.958831,1.075696,-0.012682,-0.032937,0.007172
66.736973,1791353645.247603,-0.086975,-0.959477,1.075860,-0.009379,-0.031630,0.009105
66.756735,1791353645.266158,-0.087130,-0.960096,1.076056,-0.006101,-0.030226,0.010371
66.776668,1791353645.296725,-0.087249,-0.961271,1.076551,0.000223,-0.027005,0.013497
66.797582,1791353645.305158,-0.087217,-0.961795,1.076824,0.002965,-0.025310,0.014087
66.816743,1791353645.340245,-0.087133,-0.962284,1.077111,0.005304,-0.023665,0.014678
66.838939,1791353645.340245,-0.087133,-0.962284,1.077111,0.005304,-0.023665,0.014678
66.856683,1791353645.365554,-0.093772,-0.954728,1.075614,-0.007340,-0.005255,0.011266
66.877589,1791353645.383926,-0.095458,-0.952814,1.075233,-0.009601,0.000520,0.010696
66.900655,1791353645.404813,-0.095817,-0.952739,1.075693,-0.008428,0.003112,0.012191
66.916995,1791353645.439804,-0.096686,-0.951557,1.075579,-0.009246,0.006390,0.012830
66.937285,1791353645.439804,-0.096686,-0.951557,1.075579,-0.009246,0.006390,0.012830
66.956273,1791353645.472707,-0.096860,-0.951422,1.075835,-0.008088,0.007033,0.012741
66.976758,1791353645.487267,-0.097005,-0.951277,1.076100,-0.006260,0.007418,0.013667
66.997456,1791353645.514332,-0.097224,-0.949978,1.076410,-0.001623,0.009097,0.013483
67.016711,1791353645.523972,-0.097230,-0.949804,1.076677,0.001016,0.008199,0.013181
67.036999,1791353645.536674,-0.097230,-0.949804,1.076677,0.001016,0.008199,0.013181
67.056505,1791353645.578024,-0.097184,-0.949653,1.076938,0.003573,0.006793,0.012725
67.076864,1791353645.579516,-0.097088,-0.949536,1.077189,0.005990,0.004931,0.012333
67.101654,1791353645.620770,-0.096945,-0.949458,1.077420,0.008248,0.002738,0.010785
67.116754,1791353645.640002,-0.096367,-0.948478,1.077149,0.012984,-0.000276,0.007853
67.136577,1791353645.640797,-0.095333,-0.946341,1.077418,0.017023,0.001892,0.008263
67.157379,1791353645.676822,-0.094403,-0.944877,1.077759,0.020831,0.002506,0.008771
67.176885,1791353645.676822,-0.094403,-0.944877,1.077759,0.020831,0.002506,0.008771
67.201041,1791353645.721008,-0.093558,-0.944964,1.077477,0.025962,-0.003246,0.006969
67.216730,1791353645.738790,-0.093013,-0.945058,1.077608,0.028538,-0.006237,0.006254
67.236994,1791353645.739719,-0.092419,-0.945217,1.077733,0.030811,-0.009695,0.006302
67.256528,1791353645.781905,-0.091340,-0.944569,1.077828,0.033987,-0.011281,0.005884
67.277843,1791353645.781905,-0.091340,-0.944569,1.077828,0.033987,-0.011281,0.005884
67.296468,1791353645.822049,-0.090457,-0.944919,1.077590,0.036049,-0.019005,0.002545
67.317086,1791353645.839480,-0.089721,-0.945341,1.077637,0.037538,-0.023117,0.002030
67.336670,1791353645.856513,-0.088958,-0.945843,1.077678,0.038766,-0.027098,0.001951
67.356470,1791353645.880852,-0.088173,-0.946424,1.077719,0.039683,-0.030922,0.002313
67.376800,1791353645.881704,-0.087750,-0.945746,1.077815,0.039226,-0.030809,0.002740
67.397064,1791353645.900785,-0.087750,-0.945746,1.077815,0.039226,-0.030809,0.002740
67.416774,1791353645.937406,-0.086176,-0.947117,1.077971,0.039249,-0.037667,0.005147
67.436857,1791353645.937406,-0.086176,-0.947117,1.077971,0.039249,-0.037667,0.005147
67.462015,1791353645.971515,-0.084031,-0.947752,1.078329,0.039647,-0.040865,0.007153
67.476659,1791353645.988600,-0.083123,-0.947648,1.078505,0.039082,-0.040770,0.008057
67.496922,1791353646.017136,-0.082669,-0.948871,1.078074,0.037173,-0.044207,0.007113
67.516214,1791353646.017998,-0.082291,-0.950322,1.077706,0.034800,-0.047793,0.006335
67.537542,1791353646.056576,-0.081633,-0.950631,1.077816,0.033235,-0.047479,0.006917
67.556423,1791353646.056576,-0.081633,-0.950631,1.077816,0.033235,-0.047479,0.006917
67.576636,1791353646.090368,-0.081015,-0.952170,1.077705,0.027143,-0.047770,0.007987
67.596782,1791353646.101650,-0.081015,-0.952170,1.077705,0.027143,-0.047770,0.007987
67.617561,1791353646.129201,-0.080501,-0.953123,1.077881,0.024229,-0.047387,0.009457
67.637952,1791353646.162302,-0.079657,-0.954964,1.078333,0.018103,-0.044151,0.013176
67.656913,1791353646.162302,-0.079657,-0.954964,1.078333,0.018103,-0.044151,0.013176
67.676722,1791353646.196816,-0.079021,-0.956623,1.078928,0.014112,-0.038712,0.016339
67.697204,1791353646.198379,-0.078752,-0.957371,1.079273,0.012851,-0.036126,0.018194
67.716461,1791353646.241988,-0.078507,-0.958071,1.079652,0.011586,-0.033943,0.019746
67.738000,1791353646.256525,-0.078290,-0.958733,1.080053,0.010122,-0.032277,0.020334
67.757474,1791353646.256525,-0.078290,-0.958733,1.080053,0.010122,-0.032277,0.020334
67.777022,1791353646.296448,-0.077964,-0.959975,1.080886,0.005932,-0.029886,0.021413
67.796861,1791353646.321216,-0.077870,-0.960558,1.081323,0.003518,-0.028339,0.022299
67.816812,1791353646.338347,-0.077823,-0.961105,1.081772,0.001194,-0.026291,0.022748
67.837373,1791353646.356415,-0.077819,-0.961606,1.082227,-0.000688,-0.023754,0.022776
67.857055,1791353646.356415,-0.077819,-0.961606,1.082227,-0.000688,-0.023754,0.022776
67.877234,1791353646.396043,-0.077894,-0.962440,1.083129,-0.002755,-0.017834,0.022095
67.896872,1791353646.396043,-0.077894,-0.962440,1.083129,-0.002755,-0.017834,0.022095
67.916567,1791353646.439981,-0.078026,-0.963042,1.084017,-0.003839,-0.012493,0.022269
67.937660,1791353646.441635,-0.078109,-0.963270,1.084456,-0.004370,-0.010374,0.021542
67.956511,1791353646.462817,-0.078109,-0.963270,1.084456,-0.004370,-0.010374,0.021542
67.976785,1791353646.497775,-0.078294,-0.963621,1.085276,-0.004967,-0.007506,0.018812
67.996777,1791353646.501634,-0.078294,-0.963621,1.085276,-0.004967,-0.007506,0.018812
68.016709,1791353646.539690,-0.078389,-0.954751,1.082524,-0.006636,0.012270,0.008849
68.036882,1791353646.556553,-0.078232,-0.953171,1.082569,-0.007273,0.015295,0.007129
68.056517,1791353646.556553,-0.078232,-0.953171,1.082569,-0.007273,0.015295,0.007129
68.076602,1791353646.589105,-0.078365,-0.952671,1.082225,-0.008293,0.015708,0.004492
68.096942,1791353646.606259,-0.078521,-0.951691,1.081983,-0.008772,0.014398,-0.001113
68.116890,1791353646.639788,-0.078399,-0.950955,1.081924,-0.008024,0.012861,-0.003536
68.136818,1791353646.656246,-0.078285,-0.950401,1.081782,-0.007225,0.009798,-0.007278
68.156982,1791353646.675663,-0.078161,-0.949992,1.081572,-0.006427,0.005543,-0.009694
68.176750,1791353646.677957,-0.078057,-0.949951,1.081225,-0.005680,0.000062,-0.011967
68.197044,1791353646.706386,-0.078152,-0.950249,1.080903,-0.005482,-0.006126,-0.013217
68.216595,1791353646.740098,-0.078002,-0.950516,1.080476,-0.004580,-0.011520,-0.015177
68.236726,1791353646.755806,-0.077838,-0.950906,1.080030,-0.003582,-0.016408,-0.016882
68.256769,1791353646.775752,-0.077664,-0.951442,1.079520,-0.002461,-0.021049,-0.018011
68.276673,1791353646.777964,-0.077260,-0.951632,1.079228,-0.000452,-0.023758,-0.018412
68.296377,1791353646.800943,-0.077260,-0.951632,1.079228,-0.000452,-0.023758,-0.018412
68.316940,1791353646.840279,-0.077183,-0.953324,1.078185,0.001669,-0.031824,-0.019883
68.337536,1791353646.841083,-0.076976,-0.954182,1.077578,0.003036,-0.035376,-0.020591
68.356691,1791353646.880137,-0.076760,-0.955140,1.076957,0.003996,-0.039040,-0.020146
68.376862,1791353646.896797,-0.076201,-0.955462,1.076756,0.005495,-0.040245,-0.017714
68.403201,1791353646.900777,-0.075765,-0.956025,1.076433,0.005900,-0.041816,-0.015197
68.416649,1791353646.939089,-0.075330,-0.956649,1.076151,0.005671,-0.042993,-0.012413
68.438487,1791353646.955413,-0.074929,-0.957373,1.075948,0.004780,-0.043882,-0.009292
68.456462,1791353646.955413,-0.074929,-0.957373,1.075948,0.004780,-0.043882,-0.009292
68.478809,1791353646.986286,-0.074856,-0.958259,1.075793,0.002533,-0.044611,-0.006016
68.505557,1791353647.005560,-0.074829,-0.959153,1.075699,0.000158,-0.044786,-0.003233
68.516471,1791353647.039999,-0.074374,-0.960095,1.076418,-0.002335,-0.041242,0.004399
68.536908,1791353647.061788,-0.074078,-0.960782,1.076869,-0.002904,-0.039689,0.007165
68.557395,1791353647.079750,-0.074153,-0.961560,1.077030,-0.004545,-0.038106,0.008847
68.576635,1791353647.096550,-0.073904,-0.962531,1.076849,-0.005157,-0.036762,0.009864
68.596452,1791353647.096550,-0.073904,-0.962531,1.076849,-0.005157,-0.036762,0.009864
68.617034,1791353647.140086,-0.074014,-0.963745,1.077587,-0.007394,-0.030697,0.013983
68.636768,1791353647.155672,-0.073851,-0.964694,1.077321,-0.007587,-0.028620,0.012775
68.656925,1791353647.161888,-0.073766,-0.965715,1.077134,-0.007940,-0.027064,0.011487
68.687184,1791353647.180029,-0.073766,-0.965715,1.077134,-0.007940,-0.027064,0.011487
68.696985,1791353647.216757,-0.073854,-0.967044,1.077156,-0.008737,-0.022964,0.010975
68.717195,1791353647.240382,-0.073734,-0.967759,1.077032,-0.008237,-0.021344,0.010368
68.736579,1791353647.255947,-0.073901,-0.968160,1.077244,-0.008380,-0.018752,0.010762
68.757477,1791353647.279997,-0.073378,-0.967776,1.077526,-0.006296,-0.013717,0.011486
68.781451,1791353647.280877,-0.072926,-0.967458,1.077763,-0.004281,-0.008866,0.011941
68.796207,1791353647.307483,-0.072627,-0.967281,1.078332,-0.002468,-0.004579,0.012950
68.816465,1791353647.336475,-0.072359,-0.967229,1.078729,-0.000501,-0.001104,0.012311
68.836864,1791353647.359828,-0.071897,-0.966608,1.078985,0.002193,0.003354,0.011559
68.856525,1791353647.379356,-0.071470,-0.966167,1.079108,0.004534,0.006076,0.009434
68.876269,1791353647.396436,-0.071042,-0.965742,1.079212,0.006459,0.007601,0.007871
68.897562,1791353647.416734,-0.070905,-0.965590,1.079360,0.007191,0.007444,0.006852
68.916840,1791353647.440570,-0.070476,-0.965215,1.079387,0.008549,0.007372,0.005026
68.936697,1791353647.455454,-0.070091,-0.964933,1.079374,0.009686,0.006720,0.003541
68.957108,1791353647.461787,-0.069728,-0.964758,1.079302,0.010733,0.005657,0.002229
68.976936,1791353647.495472,-0.069380,-0.964635,1.079216,0.011687,0.004445,0.000741
68.996760,1791353647.495472,-0.069380,-0.964635,1.079216,0.011687,0.004445,0.000741
69.016872,1791353647.540735,-0.068827,-0.964814,1.078950,0.012646,0.000530,-0.002010
69.037083,1791353647.555780,-0.068574,-0.964821,1.078907,0.012710,-0.001296,-0.002193
69.056908,1791353647.555780,-0.068574,-0.964821,1.078907,0.012710,-0.001296,-0.002193
69.076552,1791353647.595850,-0.068075,-0.964954,1.078788,0.012054,-0.005392,-0.004477
69.096564,1791353647.597844,-0.067841,-0.965083,1.078683,0.011282,-0.007502,-0.005865
69.118353,1791353647.628363,-0.067842,-0.965478,1.078350,0.009655,-0.010127,-0.007910
69.136521,1791353647.637273,-0.067842,-0.965478,1.078350,0.009655,-0.010127,-0.007910
69.156934,1791353647.672361,-0.067502,-0.965954,1.077976,0.007319,-0.013526,-0.010664
69.176465,1791353647.697332,-0.067367,-0.966239,1.077750,0.006129,-0.014908,-0.011803
69.196548,1791353647.697332,-0.067367,-0.966239,1.077750,0.006129,-0.014908,-0.011803
69.216831,1791353647.728486,-0.067657,-0.967695,1.076820,0.003793,-0.019238,-0.013993
69.237268,1791353647.745650,-0.067844,-0.969197,1.075868,0.000774,-0.022939,-0.015092
69.257873,1791353647.764019,-0.068154,-0.970279,1.075272,-0.001138,-0.025264,-0.016334
69.276842,1791353647.800359,-0.068187,-0.970790,1.074953,-0.002227,-0.025755,-0.015433
69.297039,1791353647.821633,-0.068685,-0.972156,1.074198,-0.004526,-0.028221,-0.014953
69.317259,1791353647.839085,-0.068818,-0.972449,1.074091,-0.005686,-0.027329,-0.012925
69.336448,1791353647.860132,-0.068942,-0.972990,1.073842,-0.006664,-0.026765,-0.011884
69.357178,1791353647.878702,-0.069084,-0.973517,1.073618,-0.007548,-0.025855,-0.010770
69.377667,1791353647.896608,-0.069609,-0.974594,1.073135,-0.009350,-0.026197,-0.009944
69.401647,1791353647.896608,-0.069609,-0.974594,1.073135,-0.009350,-0.026197,-0.009944
69.416248,1791353647.937745,-0.070062,-0.975427,1.072774,-0.011027,-0.023085,-0.007175
69.437325,1791353647.957655,-0.070290,-0.975875,1.072646,-0.011788,-0.021668,-0.005375
69.456373,1791353647.958546,-0.070533,-0.976293,1.072549,-0.012500,-0.020202,-0.004747
69.476262,1791353647.999863,-0.070789,-0.976682,1.072464,-0.013102,-0.018671,-0.003806
69.496479,1791353647.999863,-0.070789,-0.976682,1.072464,-0.013102,-0.018671,-0.003806
69.516661,1791353648.024838,-0.071055,-0.977039,1.072401,-0.013509,-0.016979,-0.002423
69.536661,1791353648.056235,-0.071603,-0.977642,1.072329,-0.013774,-0.013096,-0.001741
69.558121,1791353648.075344,-0.071878,-0.977883,1.072304,-0.013657,-0.010959,-0.000856
69.576867,1791353648.098289,-0.072149,-0.978080,1.072297,-0.013435,-0.008726,-0.000073
69.596635,1791353648.122130,-0.072415,-0.978231,1.072299,-0.013126,-0.006397,0.000446
69.617009,1791353648.141176,-0.072673,-0.978335,1.072308,-0.012718,-0.003963,0.000613
69.637025,1791353648.141176,-0.072673,-0.978335,1.072308,-0.012718,-0.003963,0.000613
69.656946,1791353648.165395,-0.073162,-0.978394,1.072363,-0.011685,0.000959,0.001803
69.677197,1791353648.196931,-0.073389,-0.978352,1.072404,-0.011024,0.003302,0.002197
69.696237,1791353648.196931,-0.073389,-0.978352,1.072404,-0.011024,0.003302,0.002197
69.718284,1791353648.228815,-0.073603,-0.978263,1.072458,-0.010299,0.005549,0.003143
69.736701,1791353648.244810,-0.073810,-0.978123,1.072512,-0.009456,0.007766,0.002234
69.757477,1791353648.267414,-0.074154,-0.977731,1.072581,-0.007636,0.011904,0.001094
69.776424,1791353648.297781,-0.074296,-0.977470,1.072605,-0.006507,0.014131,0.001456
69.796505,1791353648.319252,-0.074415,-0.977166,1.072641,-0.005470,0.016268,0.002502
69.817314,1791353648.341835,-0.074515,-0.976821,1.072687,-0.004481,0.018253,0.002260
69.836171,1791353648.355705,-0.074595,-0.976438,1.072734,-0.003533,0.019995,0.002384
69.857409,1791353648.361872,-0.074655,-0.976022,1.072788,-0.002507,0.021521,0.003002
69.877047,1791353648.397638,-0.074696,-0.975580,1.072857,-0.001643,0.022611,0.003714
69.896799,1791353648.421106,-0.074722,-0.975121,1.072938,-0.000884,0.023320,0.004856
69.921404,1791353648.421106,-0.074722,-0.975121,1.072938,-0.000884,0.023320,0.004856
69.937335,1791353648.449131,-0.074733,-0.974650,1.073054,-0.000308,0.023689,0.006946
69.957022,1791353648.474023,-0.074730,-0.973701,1.073387,0.000393,0.023671,0.009103
69.977489,1791353648.497935,-0.074720,-0.973230,1.073576,0.000545,0.023373,0.009770
69.996917,1791353648.520887,-0.074709,-0.972767,1.073778,0.000580,0.022875,0.010413
70.016328,1791353648.521672,-0.075823,-0.982691,1.070417,-0.001548,0.003481,0.005460
70.036388,1791353648.543037,-0.075823,-0.982691,1.070417,-0.001548,0.003481,0.005460
70.057099,1791353648.574240,-0.075998,-0.984108,1.069924,-0.001969,-0.000364,0.004559
70.077139,1791353648.598506,-0.076176,-0.985642,1.069404,-0.002610,-0.005645,0.005290
70.096368,1791353648.619156,-0.076232,-0.985764,1.069520,-0.002983,-0.006532,0.006088
70.118878,1791353648.619156,-0.076232,-0.985764,1.069520,-0.002983,-0.006532,0.006088
70.137100,1791353648.647505,-0.076057,-0.986260,1.069466,-0.003040,-0.007492,0.006150
70.157010,1791353648.667814,-0.076120,-0.987107,1.069187,-0.003663,-0.008388,0.007042
70.209036,1791353648.667814,-0.076120,-0.987107,1.069187,-0.003663,-0.008388,0.007042
70.226287,1791353648.673657,-0.076201,-0.987263,1.069345,-0.004370,-0.007069,0.008976
70.236230,1791353648.753897,-0.076117,-0.987587,1.069341,-0.004705,-0.005609,0.009565
70.250476,1791353648.771224,-0.076335,-0.987723,1.069766,-0.006199,-0.001144,0.011366
70.271061,1791353648.777519,-0.076335,-0.987723,1.069766,-0.006199,-0.001144,0.011366
70.291636,1791353648.807644,-0.076014,-0.988243,1.069503,-0.006341,0.002100,0.010718
70.310604,1791353648.830057,-0.076295,-0.988062,1.069959,-0.007625,0.007000,0.011510
70.330892,1791353648.856802,-0.076258,-0.987886,1.070176,-0.007249,0.011823,0.012555
70.350927,1791353648.856802,-0.076258,-0.987886,1.070176,-0.007249,0.011823,0.012555
70.370973,1791353648.880787,-0.076404,-0.987622,1.070432,-0.007314,0.014633,0.013351
70.391322,1791353648.899341,-0.075980,-0.987908,1.070442,-0.005547,0.015706,0.012959
70.410754,1791353648.918742,-0.076089,-0.987567,1.070703,-0.005315,0.018409,0.013492
70.430449,1791353648.955717,-0.074622,-0.985571,1.071649,0.000063,0.026505,0.015540
70.451054,1791353648.955717,-0.074622,-0.985571,1.071649,0.000063,0.026505,0.015540
70.470746,1791353648.980088,-0.073981,-0.984587,1.072060,0.002352,0.029841,0.014970
70.491788,1791353648.997813,-0.073363,-0.983797,1.072391,0.004391,0.032277,0.015193
70.511434,1791353649.019684,-0.073274,-0.983134,1.072702,0.004582,0.034003,0.015716
70.530801,1791353649.053917,-0.073094,-0.981713,1.073386,0.004217,0.036929,0.018006
70.551092,1791353649.056389,-0.073094,-0.981713,1.073386,0.004217,0.036929,0.018006
70.571416,1791353649.088881,-0.072584,-0.980735,1.073774,0.003943,0.037068,0.017064
70.590558,1791353649.097234,-0.072584,-0.980735,1.073774,0.003943,0.037068,0.017064
70.611187,1791353649.124037,-0.072454,-0.979252,1.074470,0.002515,0.036758,0.017918
70.630382,1791353649.141370,-0.072412,-0.978525,1.074827,0.001715,0.035886,0.017625
70.651053,1791353649.156918,-0.072412,-0.978525,1.074827,0.001715,0.035886,0.017625
70.671131,1791353649.190236,-0.070719,-0.977789,1.074931,0.005521,0.034788,0.016784
70.690493,1791353649.216314,-0.070542,-0.976452,1.075635,0.003232,0.031931,0.018778
70.711136,1791353649.216314,-0.070542,-0.976452,1.075635,0.003232,0.031931,0.018778
70.734428,1791353649.238932,-0.070490,-0.975830,1.076013,0.001911,0.030257,0.019009
70.751039,1791353649.261082,-0.070465,-0.975243,1.076390,0.000564,0.028381,0.018773
70.771010,1791353649.291921,-0.069135,-0.975308,1.076251,0.001421,0.021093,0.014431
70.790913,1791353649.306706,-0.069119,-0.974911,1.076542,0.000198,0.018601,0.014503
70.811416,1791353649.314442,-0.069119,-0.974911,1.076542,0.000198,0.018601,0.014503
70.830379,1791353649.341602,-0.069166,-0.974267,1.077118,-0.002610,0.013667,0.013582
70.850300,1791353649.356641,-0.069166,-0.974267,1.077118,-0.002610,0.013667,0.013582
70.871183,1791353649.386364,-0.069234,-0.974016,1.077376,-0.004223,0.011373,0.012621
70.890789,1791353649.398312,-0.069336,-0.973810,1.077620,-0.005985,0.009246,0.011946
70.911429,1791353649.423895,-0.069647,-0.973516,1.078099,-0.009528,0.005585,0.012513
70.930649,1791353649.438267,-0.069854,-0.973421,1.078357,-0.011191,0.003997,0.013131
70.950866,1791353649.456778,-0.069854,-0.973421,1.078357,-0.011191,0.003997,0.013131
70.971420,1791353649.485074,-0.070094,-0.973355,1.078630,-0.012820,0.002568,0.014109
70.990670,1791353649.503748,-0.070366,-0.973317,1.078917,-0.014403,0.001291,0.014823
71.010661,1791353649.530479,-0.070670,-0.973302,1.079211,-0.015981,0.000157,0.014757
71.030442,1791353649.539724,-0.071006,-0.973309,1.079506,-0.017561,-0.000830,0.014734
71.051329,1791353649.574605,-0.071766,-0.973370,1.080114,-0.020411,-0.002011,0.015864
71.070739,1791353649.574605,-0.071766,-0.973370,1.080114,-0.020411,-0.002011,0.015864
71.090722,1791353649.612931,-0.072187,-0.973412,1.080437,-0.021651,-0.002101,0.016226
71.110704,1791353649.630492,-0.072631,-0.973452,1.080756,-0.022731,-0.001876,0.015684
71.130427,1791353649.639846,-0.073095,-0.973485,1.081070,-0.023691,-0.001367,0.015669
71.151085,1791353649.671000,-0.072029,-0.974327,1.078641,-0.021266,-0.001307,0.009652
71.170809,1791353649.674937,-0.072029,-0.974327,1.078641,-0.021266,-0.001307,0.009652
71.190742,1791353649.705196,-0.072929,-0.976710,1.076712,-0.022698,-0.004883,0.006771
71.211238,1791353649.723581,-0.073387,-0.976796,1.076845,-0.023111,-0.003705,0.006422
71.230484,1791353649.739418,-0.074116,-0.976021,1.077836,-0.023473,0.001263,0.007276
71.250496,1791353649.774910,-0.073568,-0.975535,1.077682,-0.021637,0.004286,0.006907
71.270414,1791353649.774910,-0.073568,-0.975535,1.077682,-0.021637,0.004286,0.006907
71.295532,1791353649.775783,-0.074005,-0.975427,1.077821,-0.022045,0.006542,0.007088
71.310704,1791353649.824603,-0.074754,-0.974181,1.077895,-0.023126,0.011312,0.006722
71.330901,1791353649.840652,-0.076615,-0.974812,1.077003,-0.026034,0.012680,0.004470
71.350723,1791353649.868699,-0.077140,-0.974542,1.077095,-0.026429,0.014292,0.004701
71.371664,1791353649.875381,-0.077140,-0.974542,1.077095,-0.026429,0.014292,0.004701
71.391541,1791353649.902396,-0.077388,-0.973521,1.077290,-0.026146,0.017419,0.005803
71.411643,1791353649.923945,-0.078453,-0.972783,1.077543,-0.027138,0.019427,0.007027
71.430776,1791353649.937603,-0.078453,-0.972783,1.077543,-0.027138,0.019427,0.007027
71.451099,1791353649.976251,-0.079558,-0.971971,1.077831,-0.028051,0.021134,0.007818
71.471273,1791353649.976251,-0.079558,-0.971971,1.077831,-0.028051,0.021134,0.007818
71.491034,1791353650.015949,-0.080690,-0.971100,1.078170,-0.028467,0.022259,0.008915
71.511027,1791353650.015949,-0.080690,-0.971100,1.078170,-0.028467,0.022259,0.008915
71.530313,1791353650.055597,-0.081828,-0.970204,1.078533,-0.028339,0.022434,0.009332
71.550860,1791353650.057127,-0.083882,-0.970600,1.077369,-0.032048,0.020103,0.005668
71.571007,1791353650.076020,-0.083882,-0.970600,1.077369,-0.032048,0.020103,0.005668
71.590775,1791353650.102627,-0.085100,-0.970850,1.076684,-0.033217,0.018198,0.003724
71.610552,1791353650.121532,-0.085757,-0.970488,1.076755,-0.032511,0.017903,0.003556
71.630708,1791353650.123888,-0.086660,-0.969085,1.076802,-0.032076,0.020231,0.004392
71.657495,1791353650.174809,-0.087287,-0.968685,1.076894,-0.030559,0.019694,0.004842
71.671805,1791353650.175600,-0.087880,-0.968296,1.077000,-0.028679,0.019273,0.005874
71.690780,1791353650.187536,-0.087880,-0.968296,1.077000,-0.028679,0.019273,0.005874
71.715961,1791353650.232756,-0.088483,-0.968746,1.076583,-0.022880,0.015929,0.005180
71.738997,1791353650.234579,-0.088483,-0.968746,1.076583,-0.022880,0.015929,0.005180
71.758035,1791353650.269663,-0.089757,-0.966624,1.076872,-0.018473,0.019887,0.006841
71.771195,1791353650.289871,-0.090526,-0.966261,1.076686,-0.016461,0.019738,0.006926
71.790923,1791353650.315486,-0.091905,-0.966381,1.076397,-0.012159,0.016409,0.005985
71.811075,1791353650.316451,-0.092486,-0.966682,1.076228,-0.010020,0.013651,0.006173
71.831238,1791353650.353702,-0.092655,-0.966423,1.076367,-0.006915,0.012171,0.007477
71.851732,1791353650.356835,-0.093051,-0.966709,1.076259,-0.004524,0.008939,0.006846
71.870708,1791353650.378093,-0.093392,-0.967059,1.076190,-0.001959,0.005581,0.006304
71.891150,1791353650.393209,-0.093392,-0.967059,1.076190,-0.001959,0.005581,0.006304
71.910640,1791353650.423382,-0.093552,-0.967021,1.076417,0.004917,0.002247,0.005885
71.930422,1791353650.455348,-0.093658,-0.967478,1.076348,0.008107,-0.000383,0.005576
71.961792,1791353650.455348,-0.093658,-0.967478,1.076348,0.008107,-0.000383,0.005576
71.970802,1791353650.487997,-0.093445,-0.967498,1.076465,0.012187,-0.001446,0.005721
71.990844,1791353650.499429,-0.093451,-0.968076,1.076419,0.015347,-0.003919,0.005176
72.011015,1791353650.521948,-0.093104,-0.968164,1.076517,0.019362,-0.004872,0.005138
72.030447,1791353650.554473,-0.092171,-0.968409,1.076723,0.027134,-0.007499,0.004323
72.050754,1791353650.554473,-0.092171,-0.968409,1.076723,0.027134,-0.007499,0.004323
72.073137,1791353650.554473,-0.092171,-0.968409,1.076723,0.027134,-0.007499,0.004323
72.091068,1791353650.605977,-0.090946,-0.968769,1.076852,0.033960,-0.010466,0.002114
72.111041,1791353650.631223,-0.090908,-0.969538,1.076897,0.035648,-0.013447,0.001571
72.130722,1791353650.655696,-0.090169,-0.969814,1.076925,0.038161,-0.014084,0.001248
72.150897,1791353650.657234,-0.089384,-0.970101,1.076940,0.040292,-0.014616,0.000488
72.171123,1791353650.682871,-0.088561,-0.970399,1.076954,0.041993,-0.015189,0.000711
72.191363,1791353650.697321,-0.088561,-0.970399,1.076954,0.041993,-0.015189,0.000711
72.211429,1791353650.722012,-0.089177,-0.971693,1.076624,0.039436,-0.018383,0.000196
72.230395,1791353650.755690,-0.088450,-0.974026,1.076348,0.039373,-0.023309,-0.001136
72.250549,1791353650.756569,-0.087653,-0.974494,1.076326,0.040342,-0.023476,-0.001048
72.273887,1791353650.774910,-0.087653,-0.974494,1.076326,0.040342,-0.023476,-0.001048
72.290859,1791353650.800348,-0.087248,-0.975340,1.076150,0.040012,-0.024468,-0.001783
72.310888,1791353650.800348,-0.087248,-0.975340,1.076150,0.040012,-0.024468,-0.001783
72.330999,1791353650.855304,-0.086369,-0.976366,1.076073,0.038958,-0.023815,-0.000888
72.351027,1791353650.867285,-0.085952,-0.977516,1.075993,0.038092,-0.024809,-0.001440
72.370969,1791353650.886008,-0.084432,-0.978459,1.075950,0.037797,-0.022144,-0.000411
72.402864,1791353650.896444,-0.084432,-0.978459,1.075950,0.037797,-0.022144,-0.000411
72.410527,1791353650.902282,-0.084242,-0.978859,1.075924,0.035836,-0.020297,-0.000396
72.430601,1791353650.954345,-0.083531,-0.979246,1.075915,0.035209,-0.018347,-0.000306
72.450867,1791353650.967216,-0.082293,-0.979883,1.076149,0.033017,-0.014340,0.000639
72.470865,1791353650.985192,-0.081748,-0.980165,1.076177,0.031595,-0.012515,0.000571
72.491604,1791353651.001341,-0.081479,-0.980132,1.076269,0.029366,-0.009928,0.001224
72.511023,1791353651.016326,-0.081479,-0.980132,1.076269,0.029366,-0.009928,0.001224
72.530825,1791353651.046568,-0.080905,-0.980312,1.076299,0.028018,-0.008071,0.001756
72.551010,1791353651.065401,-0.080359,-0.980454,1.076335,0.026590,-0.006139,0.002218
72.606042,1791353651.065401,-0.080359,-0.980454,1.076335,0.026590,-0.006139,0.002218
72.607390,1791353651.130744,-0.079356,-0.980620,1.076476,0.023548,-0.002116,0.004389
72.628133,1791353651.133859,-0.079356,-0.980620,1.076476,0.023548,-0.002116,0.004389
72.651959,1791353651.133859,-0.079356,-0.980620,1.076476,0.023548,-0.002116,0.004389
72.667740,1791353651.186870,-0.078476,-0.980621,1.076691,0.020450,0.002102,0.006020
72.688200,1791353651.207633,-0.079194,-0.980596,1.076430,0.015894,0.004157,0.004880
72.708456,1791353651.231728,-0.078572,-0.980762,1.076191,0.013043,0.007294,0.004186
72.729053,1791353651.252002,-0.078156,-0.981745,1.075322,0.008093,0.008350,-0.000689
72.747787,1791353651.254955,-0.078156,-0.981745,1.075322,0.008093,0.008350,-0.000689
72.768030,1791353651.278703,-0.078033,-0.981861,1.075024,0.006643,0.009082,-0.002126
72.788292,1791353651.279643,-0.077913,-0.981663,1.074983,0.005332,0.010677,-0.002068
72.813211,1791353651.315108,-0.077909,-0.981944,1.074635,0.003888,0.010794,-0.002628
72.828596,1791353651.346816,-0.077842,-0.981712,1.074594,0.002844,0.012445,-0.001780
72.848511,1791353651.356408,-0.077794,-0.981689,1.074270,0.001982,0.013447,-0.001925
72.867560,1791353651.378988,-0.077777,-0.981551,1.074251,0.001604,0.014343,-0.001906
72.888414,1791353651.413040,-0.077751,-0.981245,1.074220,0.000930,0.016181,-0.001390
72.907934,1791353651.417040,-0.077739,-0.980903,1.074214,0.000308,0.018051,0.000862
72.927611,1791353651.435325,-0.077900,-0.981416,1.073969,-0.000816,0.017187,0.001747
72.948562,1791353651.456171,-0.077923,-0.981056,1.074018,-0.001487,0.018842,0.003353
72.968209,1791353651.480156,-0.077959,-0.980663,1.074095,-0.002132,0.020393,0.004370
72.987699,1791353651.512381,-0.078068,-0.979790,1.074297,-0.003268,0.023195,0.006117
73.019204,1791353651.514190,-0.078068,-0.979790,1.074297,-0.003268,0.023195,0.006117
73.027712,1791353651.515569,-0.078137,-0.979314,1.074436,-0.003706,0.024482,0.007650
73.048409,1791353651.565598,-0.078216,-0.978812,1.074595,-0.004135,0.025715,0.008453
73.068286,1791353651.579913,-0.078302,-0.978286,1.074776,-0.004512,0.026859,0.009725
73.087845,1791353651.596717,-0.078396,-0.977739,1.074979,-0.004855,0.027823,0.010693
73.119346,1791353651.618345,-0.078495,-0.977174,1.075197,-0.005050,0.028660,0.011214
73.127681,1791353651.646213,-0.078597,-0.976594,1.075432,-0.005101,0.029313,0.011942
73.147649,1791353651.657906,-0.078797,-0.975408,1.075922,-0.004786,0.029814,0.012307
73.168389,1791353651.673596,-0.078797,-0.975408,1.075922,-0.004786,0.029814,0.012307
73.188453,1791353651.707182,-0.078973,-0.974225,1.076415,-0.004052,0.029148,0.012203
73.207836,1791353651.714650,-0.078973,-0.974225,1.076415,-0.004052,0.029148,0.012203
73.228271,1791353651.744301,-0.079052,-0.973649,1.076644,-0.003802,0.028445,0.011018
73.248399,1791353651.771634,-0.079195,-0.972542,1.077050,-0.003300,0.026918,0.009068
73.267899,1791353651.774570,-0.079195,-0.972542,1.077050,-0.003300,0.026918,0.009068
73.288676,1791353651.813312,-0.079310,-0.971486,1.077394,-0.002379,0.026056,0.008735
73.308908,1791353651.813312,-0.079310,-0.971486,1.077394,-0.002379,0.026056,0.008735
73.328253,1791353651.846867,-0.076143,-0.967910,1.074330,0.005141,0.032440,0.001506
73.348065,1791353651.863177,-0.076032,-0.967261,1.074342,0.005966,0.032437,-0.000334
73.367851,1791353651.880783,-0.074299,-0.964072,1.073723,0.010051,0.037597,-0.001304
73.388590,1791353651.897706,-0.073219,-0.961767,1.073432,0.012495,0.040490,-0.001923
73.408354,1791353651.922945,-0.072964,-0.960963,1.073386,0.012956,0.039786,-0.002428
73.428757,1791353651.936657,-0.073108,-0.961800,1.073059,0.012323,0.035034,-0.002741
73.447999,1791353651.964559,-0.072849,-0.961084,1.073005,0.012276,0.033060,-0.002622
73.468632,1791353651.987839,-0.072606,-0.960446,1.072949,0.011946,0.030599,-0.003146
73.488255,1791353652.013874,-0.072157,-0.959342,1.072787,0.010369,0.024463,-0.003934
73.508024,1791353652.014705,-0.069940,-0.954667,1.072656,0.013842,0.030915,-0.004476
73.529248,1791353652.033318,-0.069940,-0.954667,1.072656,0.013842,0.030915,-0.004476
73.547762,1791353652.062602,-0.069676,-0.954078,1.072565,0.012508,0.027968,-0.004716
73.568665,1791353652.080288,-0.069442,-0.953549,1.072475,0.010942,0.024968,-0.004086
73.587860,1791353652.097823,-0.069070,-0.952679,1.072357,0.007705,0.018431,-0.002394
73.608272,1791353652.133330,-0.068931,-0.952345,1.072316,0.006241,0.014866,-0.001702
73.628058,1791353652.133330,-0.068931,-0.952345,1.072316,0.006241,0.014866,-0.001702
73.648237,1791353652.155942,-0.068519,-0.951534,1.072375,0.005593,0.012517,-0.000542
73.667978,1791353652.180694,-0.068420,-0.951321,1.072377,0.004296,0.008811,0.000753
73.687883,1791353652.197440,-0.068346,-0.951181,1.072407,0.003102,0.005167,0.002027
73.708614,1791353652.232431,-0.068267,-0.951118,1.072549,0.000876,-0.001941,0.005064
73.728986,1791353652.232431,-0.068267,-0.951118,1.072549,0.000876,-0.001941,0.005064
73.748486,1791353652.256635,-0.068262,-0.951191,1.072659,-0.000345,-0.005314,0.005900
73.768271,1791353652.288382,-0.068282,-0.951330,1.072792,-0.001734,-0.008591,0.007010
73.788009,1791353652.297797,-0.068331,-0.951532,1.072945,-0.003077,-0.011598,0.008084
73.808133,1791353652.332496,-0.068502,-0.952099,1.073302,-0.005518,-0.016590,0.010401
73.828068,1791353652.332496,-0.068502,-0.952099,1.073302,-0.005518,-0.016590,0.010401
73.848665,1791353652.365146,-0.068625,-0.952453,1.073527,-0.006881,-0.018810,0.011791
73.868930,1791353652.377416,-0.068777,-0.952850,1.073771,-0.008266,-0.020892,0.012589
73.888026,1791353652.397091,-0.068956,-0.953288,1.074039,-0.009686,-0.022928,0.014106
73.908644,1791353652.432492,-0.069400,-0.954288,1.074626,-0.012512,-0.027058,0.015236
73.928169,1791353652.432492,-0.069400,-0.954288,1.074626,-0.012512,-0.027058,0.015236
73.947948,1791353652.466744,-0.069665,-0.954849,1.074936,-0.013956,-0.029022,0.015456
73.968487,1791353652.486046,-0.069959,-0.955448,1.075249,-0.015417,-0.030831,0.015602
73.987666,1791353652.498503,-0.070630,-0.956746,1.075929,-0.018028,-0.033979,0.018213
74.008540,1791353652.532312,-0.071000,-0.957439,1.076306,-0.018991,-0.035353,0.019429
74.028881,1791353652.532312,-0.071000,-0.957439,1.076306,-0.018991,-0.035353,0.019429
74.048169,1791353652.566704,-0.071388,-0.958158,1.076701,-0.019717,-0.036557,0.019788
74.068065,1791353652.578837,-0.071788,-0.958900,1.077101,-0.020319,-0.037588,0.019899
74.088123,1791353652.596528,-0.068167,-0.944586,1.073927,-0.012803,-0.008621,0.012708
74.108085,1791353652.617770,-0.067555,-0.941179,1.073607,-0.011208,-0.000908,0.009356
74.127700,1791353652.634064,-0.067555,-0.941179,1.073607,-0.011208,-0.000908,0.009356
74.148038,1791353652.655317,-0.067784,-0.941192,1.073786,-0.011642,-0.000449,0.008391
74.168117,1791353652.679915,-0.068022,-0.941200,1.073956,-0.012218,-0.000393,0.008194
74.188175,1791353652.697053,-0.068286,-0.941215,1.074132,-0.012964,-0.001187,0.008628
74.210221,1791353652.720478,-0.067398,-0.938267,1.073826,-0.011555,0.003045,0.007831
74.228430,1791353652.736516,-0.067640,-0.938232,1.073974,-0.012620,0.000344,0.006984
74.248220,1791353652.757334,-0.067360,-0.937730,1.073656,-0.012630,-0.001868,0.005628
74.268290,1791353652.781231,-0.067624,-0.937804,1.073778,-0.013843,-0.005529,0.006308
74.287588,1791353652.801686,-0.068224,-0.938176,1.074087,-0.016067,-0.013137,0.009747
74.308231,1791353652.823546,-0.068554,-0.938477,1.074294,-0.016869,-0.016956,0.011129
74.328491,1791353652.832004,-0.068554,-0.938477,1.074294,-0.016869,-0.016956,0.011129
74.347678,1791353652.863974,-0.067735,-0.936661,1.074076,-0.014807,-0.015847,0.011099
74.368518,1791353652.885706,-0.068035,-0.937018,1.074310,-0.015212,-0.019836,0.012129
74.387676,1791353652.895832,-0.068343,-0.937456,1.074563,-0.015626,-0.024027,0.013214
74.408274,1791353652.921626,-0.068991,-0.938595,1.075122,-0.016903,-0.033040,0.014393
74.428555,1791353652.933807,-0.068991,-0.938595,1.075122,-0.016903,-0.033040,0.014393
74.448053,1791353652.955766,-0.069339,-0.939303,1.075420,-0.017816,-0.037755,0.015542
74.468594,1791353652.979799,-0.069705,-0.940105,1.075737,-0.018880,-0.042397,0.016355
74.487784,1791353653.012769,-0.070505,-0.941975,1.076426,-0.021001,-0.050854,0.018040
74.509237,1791353653.031953,-0.070934,-0.943028,1.076790,-0.021889,-0.054438,0.018285
74.528010,1791353653.031953,-0.070934,-0.943028,1.076790,-0.021889,-0.054438,0.018285
74.548706,1791353653.056610,-0.071380,-0.944150,1.077166,-0.022783,-0.057658,0.019037
74.567961,1791353653.085482,-0.071844,-0.945331,1.077549,-0.023523,-0.060464,0.019218
74.587769,1791353653.096717,-0.072319,-0.946564,1.077933,-0.023937,-0.062748,0.019158
74.611741,1791353653.117203,-0.073283,-0.949143,1.078705,-0.024181,-0.065857,0.018953
74.628577,1791353653.153054,-0.073766,-0.950468,1.079068,-0.024127,-0.066652,0.017652
74.648161,1791353653.153054,-0.073766,-0.950468,1.079068,-0.024127,-0.066652,0.017652
74.668491,1791353653.189672,-0.074727,-0.953145,1.079733,-0.023916,-0.066892,0.014928
74.688267,1791353653.198133,-0.075205,-0.954478,1.080010,-0.023866,-0.066377,0.012938
74.714015,1791353653.231415,-0.075684,-0.955798,1.080252,-0.024010,-0.065579,0.011694
74.728001,1791353653.231415,-0.075684,-0.955798,1.080252,-0.024010,-0.065579,0.011694
74.747762,1791353653.260965,-0.066509,-0.937206,1.081102,-0.003873,-0.020868,0.010033
74.768388,1791353653.273353,-0.066509,-0.937206,1.081102,-0.003873,-0.020868,0.010033
74.787875,1791353653.304310,-0.063538,-0.931923,1.081235,0.003030,-0.006875,0.008455
74.813351,1791353653.329878,-0.063467,-0.932029,1.081396,0.004091,-0.003766,0.007782
74.829043,1791353653.342085,-0.062815,-0.931236,1.081417,0.006145,0.000864,0.006525
74.848379,1791353653.356075,-0.062687,-0.931197,1.081535,0.006604,0.002894,0.005535
74.869489,1791353653.377700,-0.062236,-0.930579,1.081501,0.007097,0.004664,0.004878
74.887572,1791353653.396749,-0.062103,-0.930495,1.081590,0.006114,0.003469,0.004132
74.910125,1791353653.420266,-0.061995,-0.930451,1.081662,0.004060,0.000611,0.002977
74.928341,1791353653.436726,-0.061938,-0.930475,1.081718,0.001511,-0.003183,0.002884
74.947855,1791353653.455781,-0.061938,-0.930582,1.081770,-0.001495,-0.007545,0.002338
74.968496,1791353653.487375,-0.060940,-0.930136,1.081531,-0.002316,-0.010527,0.000946
74.988224,1791353653.495900,-0.061021,-0.930391,1.081549,-0.005867,-0.014993,0.000924
75.009337,1791353653.519292,-0.060346,-0.929128,1.081993,-0.007643,-0.015294,0.000859
75.029497,1791353653.537515,-0.060536,-0.929478,1.082010,-0.011370,-0.019714,0.000752
75.048064,1791353653.563915,-0.060799,-0.929919,1.082025,-0.014852,-0.024474,0.000401
75.067559,1791353653.575324,-0.060740,-0.930145,1.081759,-0.016991,-0.028692,-0.001546
75.088638,1791353653.598773,-0.061111,-0.930772,1.081719,-0.020052,-0.034009,-0.002481
75.108392,1791353653.619926,-0.061542,-0.931505,1.081664,-0.023058,-0.039301,-0.003043
75.128288,1791353653.651426,-0.062586,-0.933274,1.081535,-0.029221,-0.048857,-0.003873
75.148762,1791353653.653037,-0.063203,-0.934292,1.081457,-0.032451,-0.052925,-0.003611
75.167785,1791353653.671108,-0.063203,-0.934292,1.081457,-0.032451,-0.052925,-0.003611
75.189161,1791353653.705412,-0.064628,-0.936551,1.081320,-0.038740,-0.059811,-0.003312
75.208976,1791353653.714581,-0.064628,-0.936551,1.081320,-0.038740,-0.059811,-0.003312
75.228394,1791353653.739681,-0.065432,-0.937778,1.081251,-0.041695,-0.062871,-0.003761
75.247532,1791353653.756845,-0.067209,-0.940410,1.081073,-0.046991,-0.068600,-0.004910
75.268169,1791353653.756845,-0.067209,-0.940410,1.081073,-0.046991,-0.068600,-0.004910
75.287637,1791353653.802161,-0.068172,-0.941807,1.080976,-0.049201,-0.071104,-0.004600
75.308531,1791353653.830764,-0.068928,-0.940925,1.080937,-0.049565,-0.065490,-0.004042
75.328556,1791353653.830764,-0.068928,-0.940925,1.080937,-0.049565,-0.065490,-0.004042
75.348562,1791353653.855742,-0.070241,-0.942390,1.080007,-0.051367,-0.066563,-0.004793
75.369077,1791353653.875717,-0.069892,-0.941306,1.080280,-0.048535,-0.060875,-0.003749
75.388456,1791353653.899581,-0.072066,-0.943203,1.080022,-0.048794,-0.059492,-0.001966
75.409198,1791353653.931938,-0.073548,-0.945122,1.079384,-0.049496,-0.061300,-0.002179
75.428980,1791353653.934015,-0.074530,-0.946349,1.079348,-0.048720,-0.061439,-0.001393
75.448531,1791353653.954763,-0.074530,-0.946349,1.079348,-0.048720,-0.061439,-0.001393
75.467982,1791353653.975828,-0.075691,-0.946799,1.079268,-0.048161,-0.059695,-0.001008
75.487623,1791353654.000994,-0.075739,-0.946514,1.079415,-0.044531,-0.056192,0.000143
75.508177,1791353654.032248,-0.077446,-0.948763,1.079469,-0.040577,-0.056151,0.002446
75.529171,1791353654.033070,-0.078827,-0.949903,1.079107,-0.039605,-0.055965,0.003174
75.548048,1791353654.053659,-0.078827,-0.949903,1.079107,-0.039605,-0.055965,0.003174
75.568600,1791353654.078507,-0.080768,-0.951824,1.079182,-0.035055,-0.054494,0.005498
75.588391,1791353654.093977,-0.080768,-0.951824,1.079182,-0.035055,-0.054494,0.005498
75.608745,1791353654.132542,-0.083189,-0.954865,1.078457,-0.032472,-0.056434,0.004291
75.629449,1791353654.133399,-0.084066,-0.955969,1.078325,-0.030577,-0.056370,0.003424
75.648510,1791353654.154713,-0.084066,-0.955969,1.078325,-0.030577,-0.056370,0.003424
75.668439,1791353654.184375,-0.085694,-0.958278,1.078191,-0.026192,-0.056098,0.005547
75.688024,1791353654.192260,-0.085694,-0.958278,1.078191,-0.026192,-0.056098,0.005547
75.707921,1791353654.223995,-0.087178,-0.961385,1.077993,-0.021159,-0.057501,0.007199
75.728199,1791353654.234648,-0.087178,-0.961385,1.077993,-0.021159,-0.057501,0.007199
75.752975,1791353654.236949,-0.087565,-0.962526,1.078146,-0.017525,-0.056657,0.008199
75.768716,1791353654.282532,-0.088254,-0.963955,1.077964,-0.014996,-0.056642,0.008691
75.787745,1791353654.312215,-0.089214,-0.966124,1.077949,-0.009725,-0.054827,0.009117
75.807648,1791353654.331331,-0.089564,-0.967325,1.078010,-0.007308,-0.054300,0.010346
75.828315,1791353654.331331,-0.089564,-0.967325,1.078010,-0.007308,-0.054300,0.010346
75.848982,1791353654.355085,-0.089682,-0.968400,1.078231,-0.004541,-0.053238,0.011486
75.877790,1791353654.376895,-0.089928,-0.969428,1.078341,-0.002503,-0.051761,0.011555
75.887717,1791353654.412509,-0.090099,-0.970316,1.078487,-0.000455,-0.049514,0.012206
75.908368,1791353654.416595,-0.090210,-0.970888,1.078769,0.001592,-0.046059,0.014109
75.928263,1791353654.445163,-0.090215,-0.972583,1.079263,0.005729,-0.040653,0.015469
75.952784,1791353654.454251,-0.090215,-0.972583,1.079263,0.005729,-0.040653,0.015469
75.969414,1791353654.482679,-0.090127,-0.973754,1.080015,0.008996,-0.033721,0.017759
75.988625,1791353654.491957,-0.090127,-0.973754,1.080015,0.008996,-0.033721,0.017759
76.008551,1791353654.517303,-0.089866,-0.975126,1.080687,0.011578,-0.028132,0.019491
76.030524,1791353654.517303,-0.089866,-0.975126,1.080687,0.011578,-0.028132,0.019491
76.048162,1791353654.555188,-0.089621,-0.975661,1.081073,0.012825,-0.025440,0.019166
76.071685,1791353654.589661,-0.089354,-0.976145,1.081451,0.013945,-0.022952,0.018815
76.088065,1791353654.598324,-0.089446,-0.977185,1.081495,0.013814,-0.022374,0.017309
76.108542,1791353654.631560,-0.089594,-0.979293,1.081551,0.013427,-0.021102,0.014085
76.127781,1791353654.631560,-0.089594,-0.979293,1.081551,0.013427,-0.021102,0.014085
76.147934,1791353654.662151,-0.089318,-0.979688,1.081816,0.014195,-0.018433,0.012341
76.168004,1791353654.690617,-0.088724,-0.980319,1.082262,0.015437,-0.013145,0.010131
76.187999,1791353654.693177,-0.088724,-0.980319,1.082262,0.015437,-0.013145,0.010131
76.208178,1791353654.731791,-0.089024,-0.981383,1.081877,0.013539,-0.009892,0.004802
76.228390,1791353654.731791,-0.089024,-0.981383,1.081877,0.013539,-0.009892,0.004802
76.249092,1791353654.757750,-0.088648,-0.981022,1.082304,0.014054,-0.005975,0.004947
76.268701,1791353654.786545,-0.088028,-0.981569,1.082579,0.014967,-0.002579,0.004812
76.287972,1791353654.790918,-0.088028,-0.981569,1.082579,0.014967,-0.002579,0.004812
76.308059,1791353654.832727,-0.087439,-0.981977,1.082719,0.016405,0.000728,0.004462
76.327864,1791353654.832727,-0.087439,-0.981977,1.082719,0.016405,0.000728,0.004462
76.348321,1791353654.857106,-0.087102,-0.981939,1.082811,0.017198,0.003013,0.004625
76.368745,1791353654.875077,-0.086885,-0.982617,1.082750,0.017706,0.003175,0.003851
76.388236,1791353654.897451,-0.086505,-0.982524,1.082832,0.018425,0.005670,0.003928
76.407712,1791353654.931255,-0.085922,-0.983403,1.082746,0.018917,0.006902,0.004024
76.428420,1791353654.931255,-0.085922,-0.983403,1.082746,0.018917,0.006902,0.004024
76.448921,1791353654.972452,-0.085073,-0.983610,1.083050,0.020161,0.009432,0.005157
76.468148,1791353654.972452,-0.085073,-0.983610,1.083050,0.020161,0.009432,0.005157
76.488444,1791353654.995279,-0.084662,-0.983401,1.083154,0.020900,0.011521,0.005450
76.507701,1791353655.031647,-0.083589,-0.983558,1.083337,0.023325,0.014279,0.006954
76.528682,1791353655.032530,-0.083115,-0.983247,1.083480,0.024087,0.016912,0.007167
76.548540,1791353655.055630,-0.082662,-0.983348,1.083488,0.024550,0.018211,0.006314
76.570685,1791353655.070244,-0.082662,-0.983348,1.083488,0.024550,0.018211,0.006314
76.588497,1791353655.096653,-0.082167,-0.982958,1.083611,0.024947,0.020843,0.006291
76.607593,1791353655.120219,-0.081532,-0.982244,1.083795,0.024265,0.025194,0.005545
76.628045,1791353655.134312,-0.081532,-0.982244,1.083795,0.024265,0.025194,0.005545
76.649228,1791353655.170599,-0.080563,-0.981144,1.084004,0.024062,0.029721,0.004813
76.668932,1791353655.170599,-0.080563,-0.981144,1.084004,0.024062,0.029721,0.004813
76.688855,1791353655.195807,-0.080084,-0.980528,1.084092,0.023808,0.031787,0.004087
76.707533,1791353655.215690,-0.079611,-0.979873,1.084174,0.023528,0.033753,0.003766
76.729782,1791353655.224825,-0.079144,-0.979180,1.084246,0.023191,0.035547,0.003516
76.748345,1791353655.258280,-0.078228,-0.977690,1.084395,0.022538,0.038796,0.003156
76.768474,1791353655.270255,-0.078228,-0.977690,1.084395,0.022538,0.038796,0.003156
76.788536,1791353655.304530,-0.077783,-0.976902,1.084448,0.021840,0.039985,0.001976
76.808425,1791353655.320667,-0.077355,-0.976092,1.084485,0.020929,0.040973,0.001920
76.828231,1791353655.342949,-0.076567,-0.974428,1.084556,0.018354,0.042038,0.001662
76.848098,1791353655.371858,-0.076214,-0.973586,1.084588,0.016882,0.042095,0.001461
76.868138,1791353655.392825,-0.075891,-0.972746,1.084618,0.015540,0.041868,0.001730
76.888737,1791353655.393657,-0.075592,-0.971914,1.084643,0.014290,0.041327,0.000674
76.909034,1791353655.433134,-0.075317,-0.971094,1.084650,0.013244,0.040639,0.000271
76.927939,1791353655.433134,-0.075317,-0.971094,1.084650,0.013244,0.040639,0.000271
76.948253,1791353655.471251,-0.074823,-0.969502,1.084660,0.011461,0.038813,0.000640
76.968459,1791353655.471251,-0.074823,-0.969502,1.084660,0.011461,0.038813,0.000640
76.988718,1791353655.513752,-0.068432,-0.970178,1.082999,0.022709,0.031101,-0.003197
77.008482,1791353655.513752,-0.068432,-0.970178,1.082999,0.022709,0.031101,-0.003197
77.028718,1791353655.541260,-0.067984,-0.969576,1.082924,0.022066,0.029130,-0.004211
77.048879,1791353655.569593,-0.067123,-0.968499,1.082766,0.021003,0.024657,-0.003768
77.067496,1791353655.589780,-0.066710,-0.968029,1.082700,0.020278,0.022354,-0.003022
77.088580,1791353655.610428,-0.065341,-0.969752,1.082255,0.021206,0.015502,-0.003412
77.108982,1791353655.610428,-0.065341,-0.969752,1.082255,0.021206,0.015502,-0.003412
77.127693,1791353655.653655,-0.064536,-0.969216,1.082138,0.017813,0.010673,-0.002219
77.148453,1791353655.670559,-0.064200,-0.969025,1.082088,0.015683,0.008431,-0.002531
77.168192,1791353655.671350,-0.063910,-0.968877,1.082044,0.013346,0.006370,-0.001534
77.188353,1791353655.697012,-0.063668,-0.968768,1.082017,0.010872,0.004581,-0.001296
77.208112,1791353655.715683,-0.063475,-0.968692,1.081990,0.008354,0.003116,-0.001340
77.228621,1791353655.740118,-0.063333,-0.968641,1.081965,0.005870,0.001984,-0.001443
77.248526,1791353655.750573,-0.063333,-0.968641,1.081965,0.005870,0.001984,-0.001443
77.268474,1791353655.790016,-0.063198,-0.968596,1.081922,0.000884,0.000377,-0.001221
77.288280,1791353655.813386,-0.063206,-0.968595,1.081890,-0.001686,-0.000332,-0.001727
77.307961,1791353655.813386,-0.063206,-0.968595,1.081890,-0.001686,-0.000332,-0.001727
77.327771,1791353655.849972,-0.063384,-0.968638,1.081805,-0.007334,-0.001795,-0.002428
77.348205,1791353655.870538,-0.063561,-0.968680,1.081761,-0.010358,-0.002471,-0.002213
77.367717,1791353655.870538,-0.063561,-0.968680,1.081761,-0.010358,-0.002471,-0.002213
77.388921,1791353655.910371,-0.064093,-0.968804,1.081687,-0.015972,-0.003592,-0.002435
77.408355,1791353655.910371,-0.064093,-0.968804,1.081687,-0.015972,-0.003592,-0.002435
77.428144,1791353655.949848,-0.064824,-0.968953,1.081553,-0.020629,-0.003793,-0.003710
77.448940,1791353655.970639,-0.065261,-0.969028,1.081472,-0.023049,-0.003646,-0.004453
77.467996,1791353655.972992,-0.065746,-0.969099,1.081381,-0.025436,-0.003408,-0.004595
77.488788,1791353655.993925,-0.065746,-0.969099,1.081381,-0.025436,-0.003408,-0.004595
77.508635,1791353656.021470,-0.066850,-0.969222,1.081194,-0.029633,-0.002718,-0.004464
77.527782,1791353656.053180,-0.067460,-0.969272,1.081114,-0.031322,-0.002318,-0.003799
77.548234,1791353656.073822,-0.068101,-0.969315,1.081052,-0.032745,-0.002025,-0.002395
77.568325,1791353656.074595,-0.068766,-0.969355,1.081008,-0.033699,-0.001979,-0.001731
77.588940,1791353656.090110,-0.068766,-0.969355,1.081008,-0.033699,-0.001979,-0.001731
77.608013,1791353656.115756,-0.069447,-0.969397,1.080974,-0.034435,-0.002202,-0.001640
77.628108,1791353656.145949,-0.070859,-0.969510,1.080926,-0.036189,-0.003590,-0.000964
77.648253,1791353656.172684,-0.071592,-0.969591,1.080913,-0.037026,-0.004519,-0.000080
77.667710,1791353656.173589,-0.072338,-0.969691,1.080914,-0.037602,-0.005503,0.000270
77.688792,1791353656.190704,-0.072338,-0.969691,1.080914,-0.037602,-0.005503,0.000270
77.708423,1791353656.232573,-0.073851,-0.969949,1.080959,-0.037883,-0.007405,0.001511
77.727896,1791353656.233483,-0.074608,-0.970107,1.080990,-0.037728,-0.008398,0.001654
77.748244,1791353656.272784,-0.075360,-0.970286,1.081017,-0.037486,-0.009467,0.001282
77.768078,1791353656.290223,-0.076106,-0.970486,1.081028,-0.037111,-0.010568,-0.000001
77.788252,1791353656.290223,-0.076106,-0.970486,1.081028,-0.037111,-0.010568,-0.000001
77.808382,1791353656.319656,-0.076843,-0.970709,1.081012,-0.036579,-0.011695,-0.001548
77.828199,1791353656.349744,-0.078279,-0.971222,1.080938,-0.035154,-0.013962,-0.002380
77.848888,1791353656.370630,-0.079010,-0.971528,1.080889,-0.034532,-0.015248,-0.002685
77.868707,1791353656.374058,-0.065040,-0.947649,1.075592,-0.012408,0.018400,-0.009793
77.888251,1791353656.390478,-0.065040,-0.947649,1.075592,-0.012408,0.018400,-0.009793
77.908792,1791353656.431933,-0.063890,-0.944878,1.074915,-0.007812,0.019775,-0.009735
77.928285,1791353656.431933,-0.063890,-0.944878,1.074915,-0.007812,0.019775,-0.009735
77.948206,1791353656.472387,-0.064022,-0.942199,1.074776,-0.006574,0.020322,-0.008330
77.968464,1791353656.490391,-0.064157,-0.941820,1.074616,-0.006906,0.017459,-0.007596
77.987757,1791353656.509586,-0.064303,-0.941509,1.074471,-0.007766,0.013446,-0.006984
78.008282,1791353656.509586,-0.064303,-0.941509,1.074471,-0.007766,0.013446,-0.006984
78.028586,1791353656.535299,-0.064471,-0.941289,1.074343,-0.009148,0.008477,-0.005827
78.047856,1791353656.570860,-0.064648,-0.940065,1.074503,-0.012757,-0.000406,-0.002127
78.068286,1791353656.572901,-0.064928,-0.940128,1.074482,-0.015248,-0.005837,-0.000137
78.087816,1791353656.595399,-0.065259,-0.940296,1.074502,-0.017892,-0.010953,0.002122
78.108619,1791353656.629447,-0.065644,-0.940564,1.074561,-0.020542,-0.015788,0.003699
78.127628,1791353656.629447,-0.065644,-0.940564,1.074561,-0.020542,-0.015788,0.003699
78.148249,1791353656.671985,-0.069929,-0.940079,1.074197,-0.033886,-0.021962,0.003561
78.168042,1791353656.689292,-0.070630,-0.940565,1.074276,-0.036157,-0.026607,0.004509
78.188188,1791353656.713016,-0.071374,-0.941144,1.074374,-0.038253,-0.031271,0.005197
78.208858,1791353656.730631,-0.072158,-0.941815,1.074485,-0.040069,-0.035887,0.005508
78.227803,1791353656.730631,-0.072158,-0.941815,1.074485,-0.040069,-0.035887,0.005508
78.248023,1791353656.770505,-0.074479,-0.940435,1.074928,-0.044514,-0.036510,0.008453
78.270243,1791353656.790898,-0.076529,-0.940747,1.075000,-0.048332,-0.038808,0.009471
78.288553,1791353656.812359,-0.078337,-0.941224,1.075264,-0.050895,-0.041041,0.010870
78.307809,1791353656.812359,-0.078337,-0.941224,1.075264,-0.050895,-0.041041,0.010870
78.328497,1791353656.835685,-0.079353,-0.942074,1.075495,-0.050631,-0.043951,0.012138
78.348498,1791353656.859613,-0.083871,-0.944610,1.074966,-0.056346,-0.051484,0.010931
78.368104,1791353656.889985,-0.084988,-0.945666,1.075195,-0.055262,-0.054124,0.012245
78.388422,1791353656.911394,-0.086080,-0.946773,1.075458,-0.053940,-0.056527,0.014081
78.408306,1791353656.911394,-0.086080,-0.946773,1.075458,-0.053940,-0.056527,0.014081
78.428514,1791353656.938221,-0.087143,-0.947925,1.075751,-0.052337,-0.058637,0.015048
78.447902,1791353656.962730,-0.091379,-0.950612,1.075475,-0.054819,-0.062400,0.014714
78.468419,1791353656.991060,-0.093296,-0.951767,1.075838,-0.054759,-0.062766,0.015753
78.487791,1791353657.008756,-0.095086,-0.953112,1.075980,-0.053745,-0.063164,0.016420
78.509034,1791353657.008756,-0.095086,-0.953112,1.075980,-0.053745,-0.063164,0.016420
78.528600,1791353657.035768,-0.096549,-0.953957,1.076365,-0.051390,-0.061637,0.016743
78.548366,1791353657.072868,-0.099629,-0.956781,1.076727,-0.046178,-0.061590,0.015770
78.568772,1791353657.074177,-0.100995,-0.958057,1.076759,-0.042706,-0.061120,0.014754
78.588444,1791353657.110209,-0.102167,-0.959236,1.076820,-0.038272,-0.060237,0.013617
78.607687,1791353657.110209,-0.102167,-0.959236,1.076820,-0.038272,-0.060237,0.013617
78.627826,1791353657.140978,-0.102518,-0.959922,1.076758,-0.024402,-0.053660,0.011745
78.648002,1791353657.171212,-0.103522,-0.961588,1.076755,-0.020831,-0.054540,0.010652
78.668565,1791353657.192033,-0.104353,-0.962931,1.076822,-0.017079,-0.053943,0.010040
78.687701,1791353657.192033,-0.104353,-0.962931,1.076822,-0.017079,-0.053943,0.010040
78.708469,1791353657.217389,-0.104643,-0.963992,1.077018,-0.011980,-0.052049,0.009666
78.728186,1791353657.252533,-0.105773,-0.965918,1.077378,-0.004680,-0.047110,0.009793
78.747976,1791353657.269241,-0.106164,-0.966803,1.077575,-0.001057,-0.044388,0.008895
78.768502,1791353657.289339,-0.106438,-0.966820,1.077979,0.002559,-0.038943,0.009158
78.788056,1791353657.289339,-0.106438,-0.966820,1.077979,0.002559,-0.038943,0.009158
78.808685,1791353657.331093,-0.106835,-0.968743,1.078157,0.009307,-0.034511,0.008164
78.827854,1791353657.349710,-0.106894,-0.970018,1.078082,0.012662,-0.033267,0.007495
78.848518,1791353657.372360,-0.106599,-0.970650,1.078241,0.016820,-0.029867,0.008276
78.869188,1791353657.373919,-0.106694,-0.971945,1.078115,0.019381,-0.028550,0.008607
78.889461,1791353657.412329,-0.106434,-0.972800,1.078141,0.022627,-0.025925,0.008852
78.907512,1791353657.430481,-0.106109,-0.973558,1.078201,0.025627,-0.023107,0.008821
78.929461,1791353657.452147,-0.105700,-0.974240,1.078287,0.028504,-0.020200,0.008932
78.948232,1791353657.453604,-0.105128,-0.974540,1.078548,0.031541,-0.016325,0.009788
78.969077,1791353657.490017,-0.104467,-0.974830,1.078755,0.034571,-0.012658,0.010664
78.988718,1791353657.513323,-0.103859,-0.975695,1.078797,0.037146,-0.010968,0.010530
79.007760,1791353657.530362,-0.103087,-0.975877,1.079009,0.040062,-0.007260,0.010409
79.028712,1791353657.553177,-0.102401,-0.976488,1.079056,0.042524,-0.005038,0.009721
79.048157,1791353657.554065,-0.102139,-0.976450,1.079040,0.043424,-0.000852,0.009127
79.068071,1791353657.588910,-0.101123,-0.976538,1.079260,0.046319,0.002768,0.008697
79.088195,1791353657.612959,-0.100061,-0.976676,1.079412,0.048904,0.006054,0.008839
79.108720,1791353657.628691,-0.099063,-0.976515,1.079587,0.050863,0.009963,0.008429
79.128461,1791353657.628691,-0.099063,-0.976515,1.079587,0.050863,0.009963,0.008429
79.149871,1791353657.655252,-0.098035,-0.976679,1.079634,0.052210,0.012304,0.006957
79.168230,1791353657.693830,-0.095619,-0.976137,1.079934,0.055588,0.017986,0.006346
79.188586,1791353657.713066,-0.094496,-0.975754,1.080048,0.056748,0.020177,0.005273
79.207999,1791353657.730537,-0.093318,-0.975779,1.080001,0.057856,0.020560,0.005276
79.227802,1791353657.730537,-0.093318,-0.975779,1.080001,0.057856,0.020560,0.005276
79.248929,1791353657.755252,-0.091943,-0.975392,1.080138,0.059373,0.021589,0.006200
79.268370,1791353657.789852,-0.089555,-0.974503,1.080416,0.059785,0.022633,0.008324
79.288704,1791353657.808589,-0.088363,-0.974050,1.080589,0.059444,0.022646,0.008853
79.308531,1791353657.828719,-0.087177,-0.973599,1.080773,0.059066,0.022396,0.009527
79.328082,1791353657.828719,-0.087177,-0.973599,1.080773,0.059066,0.022396,0.009527
79.348678,1791353657.869512,-0.086139,-0.973495,1.080853,0.054132,0.018615,0.008390
79.368176,1791353657.870493,-0.085064,-0.973135,1.081009,0.053375,0.017300,0.007659
79.388347,1791353657.912975,-0.084006,-0.972806,1.081163,0.052312,0.015572,0.007640
79.408795,1791353657.931537,-0.082974,-0.972515,1.081314,0.050807,0.013490,0.007388
79.428449,1791353657.931537,-0.082974,-0.972515,1.081314,0.050807,0.013490,0.007388
79.447917,1791353657.969443,-0.081019,-0.972068,1.081610,0.046824,0.008786,0.007145
79.468180,1791353657.989702,-0.080103,-0.971915,1.081736,0.044849,0.006557,0.005582
79.488428,1791353658.010943,-0.079225,-0.971806,1.081840,0.042905,0.004390,0.004999
79.508651,1791353658.011767,-0.078386,-0.971739,1.081928,0.041055,0.002343,0.004026
79.528415,1791353658.035528,-0.077583,-0.971712,1.081999,0.039195,0.000363,0.003223
79.547921,1791353658.057358,-0.076820,-0.971723,1.082058,0.037165,-0.001545,0.003019
79.568002,1791353658.073826,-0.076820,-0.971723,1.082058,0.037165,-0.001545,0.003019
79.588005,1791353658.101050,-0.075420,-0.971857,1.082174,0.032739,-0.005055,0.003034
79.607722,1791353658.128576,-0.074789,-0.971973,1.082226,0.030366,-0.006537,0.002320
79.627857,1791353658.130111,-0.074206,-0.972117,1.082270,0.027867,-0.007758,0.002317
79.647600,1791353658.156557,-0.073674,-0.972282,1.082303,0.025338,-0.008694,0.000787
79.668872,1791353658.174180,-0.073674,-0.972282,1.082303,0.025338,-0.008694,0.000787
79.688252,1791353658.211000,-0.073444,-0.973990,1.080152,0.018883,-0.012720,-0.006452
79.708188,1791353658.232805,-0.073365,-0.974311,1.079319,0.016040,-0.013165,-0.009262
79.728361,1791353658.248315,-0.073326,-0.974738,1.078655,0.013364,-0.013632,-0.012061
79.748322,1791353658.249836,-0.073081,-0.975010,1.078403,0.011240,-0.013546,-0.012866
79.768527,1791353658.273294,-0.073081,-0.975010,1.078403,0.011240,-0.013546,-0.012866
79.787776,1791353658.312400,-0.073078,-0.975482,1.077952,0.006270,-0.012670,-0.011638
79.809020,1791353658.328557,-0.072974,-0.975728,1.077724,0.004064,-0.011893,-0.010848
79.828941,1791353658.334034,-0.072914,-0.975956,1.077513,0.001940,-0.010847,-0.010057
79.849049,1791353658.351304,-0.072914,-0.975956,1.077513,0.001940,-0.010847,-0.010057
79.867995,1791353658.391863,-0.072914,-0.976341,1.077154,-0.001910,-0.008394,-0.007836
79.889049,1791353658.411852,-0.072971,-0.976497,1.077002,-0.003794,-0.007128,-0.007307
79.908119,1791353658.428488,-0.073062,-0.976626,1.076862,-0.005216,-0.005831,-0.006283
79.928992,1791353658.452574,-0.073178,-0.976729,1.076746,-0.006363,-0.004390,-0.005139
79.947654,1791353658.469325,-0.073318,-0.976801,1.076652,-0.007676,-0.002885,-0.004124
79.968061,1791353658.469325,-0.073318,-0.976801,1.076652,-0.007676,-0.002885,-0.004124
79.988868,1791353658.511777,-0.073684,-0.976865,1.076574,-0.010531,-0.000420,0.000319
80.008120,1791353658.512592,-0.073906,-0.976864,1.076584,-0.011713,0.000463,0.000866
80.028482,1791353658.535421,-0.074155,-0.976847,1.076612,-0.013099,0.001207,0.001990
80.047625,1791353658.570071,-0.074432,-0.976818,1.076659,-0.014629,0.001695,0.002830
80.068336,1791353658.570071,-0.074432,-0.976818,1.076659,-0.014629,0.001695,0.002830
80.088630,1791353658.601163,-0.074753,-0.976777,1.076731,-0.015918,0.002202,0.003922
80.108057,1791353658.606495,-0.075078,-0.976728,1.076816,-0.016512,0.002715,0.004294
80.127869,1791353658.653132,-0.075414,-0.976667,1.076906,-0.017075,0.003491,0.004766
80.153205,1791353658.655742,-0.075762,-0.976588,1.077001,-0.017680,0.004401,0.004614
80.168221,1791353658.679564,-0.076122,-0.976491,1.077103,-0.018387,0.005297,0.005567
80.188341,1791353658.710633,-0.078781,-0.976720,1.073336,-0.023542,0.005797,0.000442
80.207817,1791353658.713356,-0.079308,-0.976619,1.072962,-0.024128,0.006294,0.000772
80.227986,1791353658.749039,-0.079550,-0.976488,1.072987,-0.024326,0.006804,0.001871
80.248124,1791353658.771945,-0.080036,-0.976418,1.073008,-0.024314,0.007079,0.002471
80.267700,1791353658.789621,-0.080042,-0.976499,1.072815,-0.023053,0.007167,0.002954
80.288343,1791353658.790467,-0.080498,-0.976349,1.072894,-0.022575,0.007798,0.004881
80.308467,1791353658.829863,-0.080943,-0.976187,1.073020,-0.021835,0.008424,0.007429
80.327569,1791353658.853638,-0.081213,-0.975853,1.072686,-0.020420,0.009412,0.008239
80.347615,1791353658.853638,-0.081213,-0.975853,1.072686,-0.020420,0.009412,0.008239
80.368139,1791353658.889723,-0.081971,-0.975451,1.073086,-0.017323,0.010657,0.012319
80.388924,1791353658.911134,-0.081879,-0.975043,1.072883,-0.014711,0.011499,0.013246
80.408008,1791353658.912057,-0.082156,-0.974811,1.073177,-0.012957,0.011667,0.016212
80.428734,1791353658.948680,-0.081709,-0.974092,1.073112,-0.008282,0.012471,0.018764
80.455554,1791353658.952636,-0.081789,-0.973968,1.073308,-0.007629,0.012326,0.020348
80.468121,1791353658.969329,-0.081789,-0.973968,1.073308,-0.007629,0.012326,0.020348
80.488591,1791353658.997677,-0.081931,-0.973725,1.073729,-0.006580,0.012022,0.021610
80.507905,1791353659.029837,-0.081823,-0.973487,1.074102,-0.003056,0.010912,0.023815
80.528358,1791353659.048280,-0.081871,-0.973271,1.074599,-0.001684,0.010627,0.025682
80.548612,1791353659.069931,-0.081892,-0.973062,1.075123,-0.000499,0.010337,0.027147
80.568489,1791353659.089226,-0.081893,-0.972858,1.075692,0.000404,0.010011,0.029549
80.588620,1791353659.089226,-0.081893,-0.972858,1.075692,0.000404,0.010011,0.029549
80.608461,1791353659.130114,-0.081858,-0.972477,1.076921,0.001167,0.008931,0.031933
80.628339,1791353659.130969,-0.081834,-0.972306,1.077566,0.001182,0.008126,0.032405
80.649199,1791353659.169690,-0.081812,-0.972153,1.078214,0.001025,0.007226,0.032350
80.668187,1791353659.193644,-0.078994,-0.969271,1.079231,0.008027,0.013461,0.033492
80.688564,1791353659.194494,-0.077343,-0.967485,1.080040,0.011613,0.016673,0.032975
80.707808,1791353659.211149,-0.077343,-0.967485,1.080040,0.011613,0.016673,0.032975
80.728456,1791353659.235711,-0.076318,-0.966525,1.081016,0.013312,0.017720,0.032956
80.747732,1791353659.270749,-0.075380,-0.966069,1.081734,0.013050,0.015971,0.030499
80.767996,1791353659.271628,-0.074239,-0.965493,1.081896,0.014205,0.015805,0.028313
80.788221,1791353659.295360,-0.073972,-0.965189,1.082453,0.012508,0.014620,0.027268
80.808140,1791353659.329039,-0.073521,-0.965205,1.082656,0.011027,0.012369,0.025061
80.828425,1791353659.350692,-0.072942,-0.964624,1.082992,0.009642,0.011563,0.022706
80.849749,1791353659.371431,-0.072479,-0.964143,1.083252,0.007970,0.010531,0.019999
80.869052,1791353659.390435,-0.071856,-0.963354,1.083808,0.006815,0.010505,0.018502
80.888798,1791353659.409131,-0.071745,-0.963160,1.084159,0.004232,0.008990,0.016764
80.910756,1791353659.409131,-0.071745,-0.963160,1.084159,0.004232,0.008990,0.016764
80.928792,1791353659.451705,-0.071128,-0.962168,1.084561,0.000215,0.008509,0.013682
80.949213,1791353659.470592,-0.071152,-0.962009,1.084827,-0.002604,0.007388,0.013034
80.969279,1791353659.488879,-0.071231,-0.961873,1.085069,-0.005264,0.006153,0.011347
80.988367,1791353659.488879,-0.071231,-0.961873,1.085069,-0.005264,0.006153,0.011347
81.008399,1791353659.530790,-0.071114,-0.961357,1.085374,-0.008974,0.004216,0.008922
81.028041,1791353659.530790,-0.071114,-0.961357,1.085374,-0.008974,0.004216,0.008922
81.048188,1791353659.572882,-0.071563,-0.961250,1.085643,-0.013374,0.001176,0.004449
81.068021,1791353659.572882,-0.071563,-0.961250,1.085643,-0.013374,0.001176,0.004449
81.088413,1791353659.608494,-0.072176,-0.961258,1.085762,-0.017186,-0.001487,0.001998
81.108133,1791353659.609834,-0.072536,-0.961299,1.085781,-0.018727,-0.002563,0.000014
81.128412,1791353659.634199,-0.072536,-0.961299,1.085781,-0.018727,-0.002563,0.000014
81.147644,1791353659.671752,-0.073331,-0.961441,1.085722,-0.020805,-0.004556,-0.002785
81.168169,1791353659.687598,-0.073753,-0.961542,1.085654,-0.021380,-0.005592,-0.004058
81.187948,1791353659.708461,-0.074184,-0.961664,1.085558,-0.021712,-0.006592,-0.005438
81.207630,1791353659.708461,-0.074184,-0.961664,1.085558,-0.021712,-0.006592,-0.005438
81.228482,1791353659.748483,-0.075057,-0.961961,1.085307,-0.021821,-0.008097,-0.007839
81.248890,1791353659.769016,-0.075491,-0.962127,1.085139,-0.021591,-0.008513,-0.009136
81.268132,1791353659.769805,-0.075918,-0.962300,1.084950,-0.021004,-0.008722,-0.009751
81.289039,1791353659.807868,-0.076329,-0.962477,1.084754,-0.020123,-0.009007,-0.009987
81.307933,1791353659.832863,-0.076721,-0.962662,1.084545,-0.019065,-0.009584,-0.010928
81.328569,1791353659.832863,-0.076721,-0.962662,1.084545,-0.019065,-0.009584,-0.010928
81.348836,1791353659.868080,-0.077435,-0.963082,1.084108,-0.016597,-0.011589,-0.011107
81.368398,1791353659.868080,-0.077435,-0.963082,1.084108,-0.016597,-0.011589,-0.011107
81.387813,1791353659.907449,-0.081456,-0.962670,1.079049,-0.021508,-0.012150,-0.020902
81.408268,1791353659.909709,-0.082614,-0.962581,1.077544,-0.021976,-0.012569,-0.023520
81.428693,1791353659.947550,-0.083042,-0.962842,1.077061,-0.020803,-0.013529,-0.024454
81.447778,1791353659.969790,-0.083445,-0.963120,1.076572,-0.019418,-0.014275,-0.024365
81.468322,1791353659.989603,-0.083817,-0.963411,1.076087,-0.017758,-0.014819,-0.023846
81.488504,1791353659.989603,-0.083817,-0.963411,1.076087,-0.017758,-0.014819,-0.023846
81.508470,1791353660.028266,-0.084366,-0.963379,1.075304,-0.013262,-0.013965,-0.021367
81.529007,1791353660.047824,-0.084606,-0.963659,1.074896,-0.010737,-0.013979,-0.019362
81.548941,1791353660.069196,-0.085665,-0.962402,1.074220,-0.009864,-0.010447,-0.017416
81.568808,1791353660.093688,-0.086336,-0.961756,1.073710,-0.008369,-0.008232,-0.016044
81.588447,1791353660.094510,-0.086477,-0.961915,1.073415,-0.005709,-0.007734,-0.013333
