t_rel,state_stamp,x,y,z,vx,vy,vz
18.578197,1791356059.023418,-0.112403,0.016522,1.033899,0.074256,-0.239846,-0.035238
18.581737,1791356059.041789,-0.116306,0.011408,1.033774,0.081025,-0.235672,-0.030253
18.600682,1791356059.069201,-0.114467,0.006760,1.033198,0.102798,-0.228949,-0.027398
18.620658,1791356059.083410,-0.116264,-0.006923,1.032389,0.112735,-0.246348,-0.022508
18.640488,1791356059.103011,-0.113801,-0.011756,1.032051,0.133306,-0.236910,-0.010758
18.661353,1791356059.122875,-0.110952,-0.016407,1.032001,0.150767,-0.228659,0.005739
18.680577,1791356059.142228,-0.107824,-0.020935,1.032292,0.160659,-0.224987,0.024279
18.700318,1791356059.163823,-0.112481,-0.016164,1.033856,0.138393,-0.201536,0.045063
18.728325,1791356059.183057,-0.113849,-0.027163,1.033874,0.115034,-0.226489,0.061058
18.740477,1791356059.202698,-0.110947,-0.045965,1.034807,0.093728,-0.274822,0.084734
18.760915,1791356059.221629,-0.108672,-0.062006,1.036241,0.063443,-0.315112,0.106211
18.781460,1791356059.242971,-0.107113,-0.076605,1.038183,0.026304,-0.350809,0.128936
18.800863,1791356059.263975,-0.106308,-0.090077,1.040508,-0.013435,-0.382056,0.145270
18.820510,1791356059.285059,-0.107016,-0.097853,1.043612,-0.057687,-0.395748,0.166080
18.840853,1791356059.302286,-0.107544,-0.109889,1.046048,-0.100402,-0.419754,0.186543
18.860744,1791356059.321239,-0.110032,-0.118388,1.050052,-0.148689,-0.429975,0.213952
18.880778,1791356059.342928,-0.113506,-0.127060,1.054590,-0.199171,-0.436940,0.240184
18.900194,1791356059.362770,-0.115808,-0.132928,1.055786,-0.246881,-0.431976,0.259363
18.920863,1791356059.383242,-0.121308,-0.141564,1.061260,-0.303468,-0.431410,0.287830
18.940893,1791356059.404573,-0.122980,-0.148720,1.063227,-0.346809,-0.423035,0.302845
18.960208,1791356059.422128,-0.129122,-0.161194,1.070752,-0.401815,-0.428479,0.332336
18.981159,1791356059.443303,-0.136658,-0.172482,1.078921,-0.457396,-0.429369,0.359212
19.000923,1791356059.463326,-0.146378,-0.180994,1.086284,-0.514562,-0.422488,0.377014
19.020999,1791356059.482658,-0.157224,-0.189382,1.093975,-0.569712,-0.417029,0.391567
19.040709,1791356059.504175,-0.163774,-0.196604,1.100253,-0.605981,-0.410158,0.399440
19.061079,1791356059.523242,-0.176378,-0.204787,1.108337,-0.653873,-0.408895,0.408451
19.080170,1791356059.543659,-0.189895,-0.212968,1.116565,-0.697506,-0.410111,0.414956
19.100613,1791356059.565616,-0.188113,-0.213500,1.116392,-0.689572,-0.390270,0.398193
19.121140,1791356059.582700,-0.193378,-0.216456,1.121281,-0.697959,-0.381155,0.391631
19.140690,1791356059.602793,-0.207639,-0.224153,1.129105,-0.727786,-0.389226,0.390715
19.160242,1791356059.624017,-0.223868,-0.228281,1.141208,-0.758427,-0.388962,0.399843
19.181153,1791356059.641832,-0.239266,-0.236186,1.149180,-0.781052,-0.402303,0.397759
19.200364,1791356059.641832,-0.239266,-0.236186,1.149180,-0.781052,-0.402303,0.397759
19.220275,1791356059.682213,-0.272803,-0.243271,1.172027,-0.819568,-0.410128,0.398699
19.241050,1791356059.703047,-0.288052,-0.245654,1.181967,-0.827869,-0.413834,0.393813
19.261439,1791356059.722423,-0.304694,-0.254168,1.189699,-0.835998,-0.437983,0.378565
19.281519,1791356059.743053,-0.321470,-0.263194,1.197101,-0.841182,-0.464956,0.360576
19.301053,1791356059.763571,-0.338321,-0.272786,1.204113,-0.843467,-0.494656,0.340068
19.320595,1791356059.783062,-0.333905,-0.269798,1.202702,-0.785335,-0.488364,0.295895
19.341246,1791356059.803232,-0.338923,-0.268912,1.206195,-0.752872,-0.489953,0.261176
19.360456,1791356059.822990,-0.360213,-0.273788,1.216013,-0.764218,-0.511135,0.245408
19.380522,1791356059.843813,-0.381087,-0.279978,1.224629,-0.771704,-0.536800,0.224962
19.400756,1791356059.862455,-0.399421,-0.285947,1.231570,-0.769988,-0.561925,0.199730
19.421051,1791356059.884485,-0.417861,-0.293396,1.237614,-0.766795,-0.591684,0.172707
19.440773,1791356059.906296,-0.435403,-0.301743,1.242599,-0.759787,-0.623582,0.141847
19.461268,1791356059.924031,-0.450445,-0.314666,1.245095,-0.743754,-0.669005,0.108298
19.481460,1791356059.942114,-0.464692,-0.322060,1.248157,-0.725556,-0.697949,0.078042
19.500495,1791356059.962805,-0.468312,-0.324523,1.248433,-0.677555,-0.710084,0.037576
19.520320,1791356059.983796,-0.481655,-0.339213,1.248834,-0.656020,-0.758896,0.002468
19.540892,1791356060.002639,-0.494543,-0.354895,1.248548,-0.632029,-0.809396,-0.030869
19.560777,1791356060.021406,-0.500410,-0.357483,1.249062,-0.589523,-0.819931,-0.060371
19.580785,1791356060.042467,-0.520332,-0.374652,1.248635,-0.585141,-0.873211,-0.090258
19.600868,1791356060.062457,-0.522121,-0.376873,1.247950,-0.530518,-0.878861,-0.119947
19.620765,1791356060.083853,-0.541689,-0.398164,1.245789,-0.523835,-0.940954,-0.149314
19.641002,1791356060.102385,-0.551826,-0.417509,1.242521,-0.488965,-0.993487,-0.177133
19.660478,1791356060.122595,-0.570545,-0.441853,1.238904,-0.476287,-1.058347,-0.202858
19.680555,1791356060.142636,-0.587211,-0.465067,1.235059,-0.457313,-1.116235,-0.226694
19.700230,1791356060.162118,-0.603762,-0.490142,1.230442,-0.437722,-1.175725,-0.251250
19.720423,1791356060.182196,-0.619671,-0.517320,1.224968,-0.415413,-1.237503,-0.275146
19.740783,1791356060.202082,-0.634283,-0.544815,1.219149,-0.388537,-1.296318,-0.294501
19.761826,1791356060.222561,-0.648289,-0.574300,1.212685,-0.359578,-1.356498,-0.311709
19.781044,1791356060.243390,-0.660446,-0.602606,1.206432,-0.325110,-1.408607,-0.322824
19.801402,1791356060.262982,-0.672635,-0.634761,1.199353,-0.290576,-1.468123,-0.332199
19.820869,1791356060.284940,-0.677913,-0.664589,1.192657,-0.236503,-1.514055,-0.337339
19.840733,1791356060.302508,-0.687970,-0.696164,1.185856,-0.198487,-1.561095,-0.342854
19.861701,1791356060.322863,-0.697342,-0.727945,1.179181,-0.160721,-1.603436,-0.346584
19.880937,1791356060.342502,-0.700003,-0.760394,1.172225,-0.105085,-1.640873,-0.349158
19.900201,1791356060.362898,-0.701557,-0.793553,1.165212,-0.050098,-1.674207,-0.352387
19.921186,1791356060.387838,-0.703909,-0.802415,1.163152,-0.006769,-1.626849,-0.341488
19.941047,1791356060.402570,-0.703522,-0.835181,1.156297,0.045592,-1.648982,-0.344096
19.960948,1791356060.422101,-0.702101,-0.868336,1.149380,0.096704,-1.665866,-0.346723
19.980954,1791356060.445049,-0.707746,-0.879944,1.146719,0.117884,-1.613487,-0.334444
20.000732,1791356060.462895,-0.717120,-0.932639,1.136858,0.137681,-1.683500,-0.341041
20.021005,1791356060.483734,-0.718551,-0.936128,1.136022,0.163505,-1.595019,-0.319774
20.040823,1791356060.502049,-0.724991,-0.988329,1.126507,0.187815,-1.653381,-0.323615
20.061470,1791356060.524815,-0.729385,-1.040119,1.117167,0.216724,-1.702280,-0.326034
20.080987,1791356060.543705,-0.732012,-1.089105,1.108443,0.250586,-1.734696,-0.322465
20.100387,1791356060.562179,-0.732854,-1.138151,1.099904,0.288736,-1.760756,-0.321192
20.121183,1791356060.582282,-0.732173,-1.184913,1.091928,0.331382,-1.773210,-0.315734
20.140472,1791356060.601471,-0.724948,-1.220083,1.085735,0.391083,-1.742767,-0.303752
20.161457,1791356060.623154,-0.722615,-1.262354,1.078753,0.436150,-1.731743,-0.297119
20.194898,1791356060.663956,-0.708348,-1.338945,1.066096,0.547658,-1.673252,-0.281698
20.200045,1791356060.663956,-0.708348,-1.338945,1.066096,0.547658,-1.673252,-0.281698
20.220582,1791356060.683146,-0.708086,-1.350372,1.064106,0.569739,-1.556219,-0.262650
20.241068,1791356060.702824,-0.696081,-1.380947,1.058956,0.630412,-1.500132,-0.251993
20.264168,1791356060.724107,-0.682873,-1.410358,1.053988,0.689574,-1.440225,-0.245748
20.280718,1791356060.743145,-0.668497,-1.438531,1.049107,0.747616,-1.376037,-0.242228
20.300073,1791356060.762353,-0.670268,-1.447723,1.047313,0.744852,-1.257899,-0.234617
20.320898,1791356060.782627,-0.652505,-1.498754,1.039673,0.817303,-1.266505,-0.245639
20.340740,1791356060.804462,-0.633787,-1.544142,1.032660,0.887085,-1.257586,-0.253627
20.360815,1791356060.822074,-0.612575,-1.587273,1.025709,0.959562,-1.242915,-0.262530
20.380689,1791356060.843387,-0.592061,-1.624530,1.019356,1.025092,-1.210906,-0.266624
20.400368,1791356060.862921,-0.570631,-1.658900,1.013412,1.088369,-1.172302,-0.269882
20.420650,1791356060.882739,-0.548266,-1.681615,1.008034,1.147796,-1.098646,-0.267198
20.440595,1791356060.906593,-0.542956,-1.689439,1.006185,1.143535,-0.986531,-0.255382
20.460616,1791356060.924216,-0.520405,-1.716399,1.001184,1.199715,-0.936165,-0.251537
20.481087,1791356060.943154,-0.495854,-1.734380,0.996188,1.255141,-0.861435,-0.247289
20.502932,1791356060.962491,-0.470175,-1.750843,0.991356,1.312452,-0.784733,-0.235868
20.520649,1791356060.982514,-0.459890,-1.763889,0.989493,1.315983,-0.706449,-0.213502
20.540790,1791356061.002573,-0.432974,-1.777277,0.985386,1.376081,-0.632021,-0.196358
20.560983,1791356061.023134,-0.391113,-1.809641,0.980377,1.490866,-0.612571,-0.182052
20.581105,1791356061.043146,-0.360606,-1.821178,0.976941,1.560216,-0.540909,-0.161219
20.600641,1791356061.063882,-0.327055,-1.831764,0.973773,1.635261,-0.467058,-0.140882
20.621843,1791356061.082726,-0.293620,-1.840418,0.971133,1.708245,-0.398142,-0.123079
20.641160,1791356061.103515,-0.320535,-1.840630,0.975622,1.583318,-0.332418,-0.084451
20.660685,1791356061.126427,-0.288192,-1.846646,0.974097,1.650597,-0.269435,-0.068268
20.680197,1791356061.145056,-0.217375,-1.878237,0.970596,1.843727,-0.274576,-0.065418
20.700768,1791356061.163095,-0.152572,-1.903995,0.967944,2.003760,-0.272888,-0.059625
20.721281,1791356061.182906,-0.111823,-1.908909,0.966910,2.070703,-0.218336,-0.042158
20.740489,1791356061.203734,-0.118749,-1.909333,0.968195,1.976487,-0.168825,-0.004524
20.761009,1791356061.227473,-0.078681,-1.912255,0.968363,2.029211,-0.123857,0.021783
20.781114,1791356061.243820,-0.037642,-1.914344,0.969036,2.073706,-0.085660,0.045996
20.800462,1791356061.262694,0.051176,-1.955206,0.967986,2.269799,-0.159331,0.053618
20.821064,1791356061.283007,0.132048,-1.975382,0.969267,2.418837,-0.183375,0.073861
20.841026,1791356061.302915,0.210519,-1.993259,0.971490,2.543957,-0.207575,0.097718
20.860636,1791356061.322777,0.287473,-2.009131,0.974441,2.646188,-0.229219,0.124182
20.880916,1791356061.344922,0.340502,-2.013579,0.977275,2.655796,-0.215597,0.158763
20.900370,1791356061.363901,0.410098,-2.028671,0.981445,2.705739,-0.237545,0.186184
20.920947,1791356061.382265,0.478788,-2.042647,0.986676,2.738239,-0.254670,0.211329
20.940776,1791356061.401471,0.546426,-2.055592,0.992739,2.754702,-0.266519,0.236212
20.960336,1791356061.427227,0.608739,-2.067304,0.999422,2.742850,-0.271688,0.264039
20.981025,1791356061.442465,0.666963,-2.077675,1.006530,2.708790,-0.267899,0.288102
21.001121,1791356061.463204,0.720595,-2.082768,1.012450,2.653777,-0.241313,0.302825
21.020727,1791356061.482454,0.773057,-2.087257,1.018601,2.591881,-0.207370,0.311374
21.040518,1791356061.502150,0.782548,-2.091860,1.022027,2.392425,-0.170113,0.305048
21.060896,1791356061.525745,0.829649,-2.094773,1.028145,2.317161,-0.120530,0.306020
21.081431,1791356061.543184,0.875210,-2.096599,1.034265,2.238498,-0.061439,0.305317
21.100533,1791356061.562314,0.883213,-2.099910,1.038233,2.048645,-0.008004,0.290287
21.120785,1791356061.582735,0.934243,-2.100892,1.048548,1.999734,0.061974,0.297793
21.140703,1791356061.602637,0.973441,-2.098874,1.054399,1.920390,0.139441,0.286063
21.160800,1791356061.629441,1.011153,-2.096829,1.062804,1.844438,0.214194,0.277934
21.181211,1791356061.642772,1.047320,-2.091745,1.068172,1.772276,0.293903,0.259476
21.200531,1791356061.664055,1.082073,-2.085062,1.073177,1.703576,0.373327,0.240044
21.220768,1791356061.685939,1.115494,-2.076807,1.077762,1.638587,0.451378,0.218368
21.240867,1791356061.703575,1.109266,-2.076356,1.080205,1.465769,0.490750,0.187518
21.268821,1791356061.722782,1.149838,-2.057379,1.088678,1.436339,0.592343,0.176796
21.286679,1791356061.747758,1.185072,-2.038292,1.095447,1.396581,0.686104,0.159930
21.301378,1791356061.761978,1.218298,-2.017084,1.101046,1.355851,0.779870,0.140263
21.320747,1791356061.782923,1.244877,-2.000777,1.103587,1.301893,0.850285,0.113941
21.340809,1791356061.805482,1.273894,-1.977248,1.107648,1.259096,0.936996,0.089710
21.361140,1791356061.822613,1.301781,-1.951350,1.110701,1.217535,1.024473,0.061745
21.381250,1791356061.843965,1.326649,-1.924674,1.112705,1.170841,1.109212,0.032390
21.401526,1791356061.862735,1.349581,-1.901815,1.113043,1.121774,1.176465,0.001469
21.420469,1791356061.862735,1.349581,-1.901815,1.113043,1.121774,1.176465,0.001469
21.440973,1791356061.903239,1.389449,-1.843187,1.113295,1.011402,1.340565,-0.057116
21.461123,1791356061.922278,1.406615,-1.813388,1.112351,0.950529,1.417452,-0.085150
21.481135,1791356061.943604,1.424956,-1.778419,1.110422,0.894786,1.507557,-0.114267
21.500740,1791356061.962476,1.442553,-1.740831,1.107693,0.838652,1.600971,-0.144195
21.520346,1791356061.982807,1.458127,-1.703126,1.104423,0.778962,1.688264,-0.174408
21.540605,1791356062.004202,1.473120,-1.668654,1.100671,0.719720,1.758289,-0.201171
21.561378,1791356062.023171,1.473438,-1.658593,1.098954,0.623347,1.734004,-0.217031
21.580688,1791356062.043850,1.486530,-1.613625,1.093832,0.564071,1.832272,-0.242420
21.600975,1791356062.063155,1.497191,-1.576333,1.088787,0.501445,1.896322,-0.262150
21.620315,1791356062.082820,1.506606,-1.533036,1.083325,0.437718,1.973677,-0.281448
21.640420,1791356062.103129,1.514722,-1.492960,1.077548,0.372937,2.033534,-0.295071
21.661422,1791356062.123156,1.512405,-1.487347,1.076420,0.289188,1.965449,-0.286013
21.680485,1791356062.143224,1.517533,-1.447524,1.070645,0.222884,2.016235,-0.290842
21.700993,1791356062.163253,1.518058,-1.428101,1.068221,0.155727,1.991234,-0.283696
21.720470,1791356062.182710,1.525067,-1.363006,1.060290,0.093024,2.114805,-0.293194
21.740794,1791356062.203361,1.526265,-1.320325,1.054405,0.026004,2.152670,-0.294273
21.760413,1791356062.224485,1.529958,-1.268730,1.048174,-0.034499,2.213489,-0.292925
21.781161,1791356062.242455,1.528560,-1.224162,1.042381,-0.105907,2.242440,-0.286053
21.801104,1791356062.265253,1.525714,-1.179069,1.036742,-0.179340,2.265864,-0.277369
21.820763,1791356062.283747,1.521384,-1.133566,1.031281,-0.254160,2.283556,-0.268628
21.840325,1791356062.306267,1.515545,-1.087764,1.025990,-0.330185,2.295627,-0.260126
21.860448,1791356062.323754,1.518820,-1.068028,1.024394,-0.367006,2.224835,-0.242027
21.884802,1791356062.343194,1.510717,-1.023530,1.019638,-0.443505,2.224004,-0.233758
21.900402,1791356062.363450,1.509337,-0.951991,1.013013,-0.509431,2.299428,-0.231449
21.920604,1791356062.383390,1.503489,-0.875672,1.006272,-0.584789,2.380936,-0.230518
21.941924,1791356062.403439,1.494161,-0.804318,1.000109,-0.664102,2.437793,-0.228886
21.960816,1791356062.422714,1.494356,-0.833336,1.003803,-0.677961,2.193398,-0.198665
21.981452,1791356062.445344,1.480019,-0.789734,0.999909,-0.755401,2.165906,-0.191163
22.000257,1791356062.463258,1.464369,-0.714162,0.993712,-0.846054,2.225226,-0.189259
22.020759,1791356062.485607,1.447521,-0.645596,0.988553,-0.930782,2.259317,-0.185148
22.040408,1791356062.502792,1.428116,-0.600792,0.984966,-1.009111,2.220307,-0.174108
22.060774,1791356062.524785,1.413038,-0.545682,0.981263,-1.072149,2.211260,-0.166603
22.080763,1791356062.548368,1.390842,-0.501910,0.978024,-1.147023,2.165135,-0.157596
22.100533,1791356062.562704,1.367162,-0.459102,0.974962,-1.220389,2.114919,-0.148644
22.121042,1791356062.584772,1.342040,-0.417330,0.972066,-1.291322,2.061547,-0.140963
22.140821,1791356062.604435,1.338943,-0.395970,0.971254,-1.283903,1.956867,-0.130013
22.160068,1791356062.622507,1.333024,-0.375648,0.970476,-1.280837,1.852939,-0.116802
22.180773,1791356062.643544,1.332985,-0.370935,0.970849,-1.246176,1.713224,-0.106410
22.200791,1791356062.668315,1.307518,-0.337299,0.968814,-1.299820,1.649971,-0.097225
22.220458,1791356062.685207,1.281005,-0.304943,0.966954,-1.350667,1.585416,-0.089180
22.240455,1791356062.704815,1.253493,-0.273901,0.965283,-1.400011,1.518288,-0.077666
22.260900,1791356062.723171,1.225006,-0.244226,0.963869,-1.448175,1.448677,-0.063436
22.281135,1791356062.743332,1.250405,-0.271253,0.966639,-1.306387,1.254348,-0.048240
22.301043,1791356062.762769,1.194743,-0.195005,0.964419,-1.453865,1.307621,-0.034959
22.320294,1791356062.783166,1.142470,-0.131415,0.963064,-1.575800,1.329415,-0.024856
22.340424,1791356062.802910,1.094458,-0.078043,0.962313,-1.673903,1.325604,-0.015894
22.360669,1791356062.823029,1.046494,-0.030458,0.961950,-1.765114,1.305644,-0.004027
22.380793,1791356062.843267,1.030594,-0.010844,0.962043,-1.745862,1.218082,0.009804
22.400085,1791356062.863393,0.980549,0.029355,0.962486,-1.835320,1.181818,0.022152
22.420325,1791356062.883601,0.943441,0.052191,0.963063,-1.874680,1.101856,0.034552
22.440452,1791356062.902319,0.899762,0.083783,0.963873,-1.931741,1.051216,0.039645
22.460586,1791356062.925131,0.860754,0.104022,0.964684,-1.969051,0.972699,0.040438
22.480594,1791356062.926105,0.847922,0.115713,0.965140,-1.922298,0.883198,0.039332
22.500873,1791356062.963107,0.809045,0.132607,0.965889,-1.966274,0.806696,0.034422
22.520272,1791356062.982682,0.769236,0.148007,0.966472,-2.015196,0.734104,0.022318
22.540726,1791356063.002281,0.745116,0.162617,0.966818,-2.015561,0.674406,0.006832
22.561009,1791356063.023252,0.678475,0.185708,0.968130,-2.153575,0.630504,-0.006173
22.583119,1791356063.042983,0.666071,0.192305,0.967937,-2.112728,0.568073,-0.018317
22.600908,1791356063.062711,0.597780,0.210287,0.968650,-2.248038,0.527148,-0.031263
22.624362,1791356063.085918,0.529622,0.225788,0.969044,-2.374174,0.488866,-0.044671
22.641344,1791356063.106682,0.467983,0.238420,0.969267,-2.472290,0.451680,-0.057231
22.660477,1791356063.122674,0.417996,0.247031,0.967985,-2.526670,0.409937,-0.071439
22.680758,1791356063.142526,0.357316,0.256776,0.967827,-2.611717,0.372725,-0.084117
22.700683,1791356063.162599,0.304509,0.263809,0.966042,-2.669419,0.331065,-0.095132
22.720211,1791356063.183073,0.250547,0.270011,0.964012,-2.727273,0.289695,-0.108489
22.740552,1791356063.202867,0.195431,0.275388,0.961687,-2.785443,0.248138,-0.122677
22.761252,1791356063.225186,0.139141,0.279927,0.959105,-2.844142,0.206415,-0.135885
22.780584,1791356063.242848,0.136843,0.281661,0.962373,-2.736705,0.169632,-0.125306
22.800834,1791356063.263080,0.081555,0.284630,0.959780,-2.792771,0.127917,-0.134385
22.820982,1791356063.282934,0.013927,0.285037,0.959866,-2.880992,0.079854,-0.136304
22.840962,1791356063.302730,-0.044260,0.286218,0.957094,-2.938823,0.038758,-0.139529
22.860903,1791356063.323085,-0.103625,0.286578,0.954350,-2.998348,-0.001939,-0.135172
22.880291,1791356063.345786,-0.040272,0.284863,0.961441,-2.703803,-0.015749,-0.105716
22.901650,1791356063.364100,-0.147880,0.279806,0.959669,-2.903168,-0.079081,-0.096128
22.921106,1791356063.383568,-0.206478,0.277860,0.957835,-2.957436,-0.114749,-0.086787
22.940878,1791356063.403002,-0.303329,0.272082,0.957102,-3.113169,-0.161962,-0.069563
22.962037,1791356063.423226,-0.374334,0.267888,0.957703,-3.191633,-0.195089,-0.044670
22.980703,1791356063.442476,-0.361218,0.268215,0.961212,-3.025892,-0.199648,-0.008479
23.000663,1791356063.462134,-0.422185,0.263969,0.961295,-3.070477,-0.224327,0.016456
23.020137,1791356063.483773,-0.483988,0.259253,0.961879,-3.109413,-0.246805,0.041745
23.040532,1791356063.502213,-0.528403,0.256184,0.963887,-3.090117,-0.260807,0.068371
23.060846,1791356063.522342,-0.590437,0.250723,0.965555,-3.112536,-0.285590,0.098628
23.080914,1791356063.543608,-0.699573,0.239677,0.969534,-3.255046,-0.329941,0.132449
23.101668,1791356063.562556,-0.802089,0.228649,0.974228,-3.366113,-0.372612,0.162304
23.120843,1791356063.582614,-0.869417,0.220835,0.977767,-3.365934,-0.409090,0.191214
23.140500,1791356063.606637,-0.936659,0.212254,0.981876,-3.357487,-0.449291,0.218605
23.161214,1791356063.622467,-1.003655,0.202828,0.986508,-3.341295,-0.493670,0.244567
23.180621,1791356063.642308,-1.070248,0.192471,0.991693,-3.317074,-0.542318,0.273487
23.201212,1791356063.663535,-1.083631,0.189914,0.995374,-3.140617,-0.572135,0.290903
23.221010,1791356063.683022,-1.123887,0.183025,0.999929,-3.038089,-0.612228,0.309352
23.240206,1791356063.702846,-1.228196,0.161855,1.010946,-3.111580,-0.689601,0.351614
23.260935,1791356063.723316,-1.315720,0.142750,1.021171,-3.134808,-0.757342,0.379535
23.280535,1791356063.744100,-1.398536,0.122441,1.031844,-3.143608,-0.826625,0.407493
23.300505,1791356063.762913,-1.479071,0.100872,1.042996,-3.144198,-0.897332,0.436342
23.321139,1791356063.784964,-1.544541,0.081345,1.052399,-3.091341,-0.962250,0.458079
23.341220,1791356063.802346,-1.616027,0.058102,1.063861,-3.072441,-1.033528,0.480941
23.360877,1791356063.822512,-1.685858,0.032942,1.075840,-3.051894,-1.108215,0.504761
23.380517,1791356063.842991,-1.750852,0.007502,1.087709,-3.021266,-1.180636,0.524553
23.400876,1791356063.864228,-1.771619,-0.002408,1.092947,-2.862905,-1.203801,0.517411
23.421674,1791356063.883564,-1.835835,-0.032159,1.105576,-2.844999,-1.284777,0.529088
23.441076,1791356063.902867,-1.899190,-0.064055,1.118533,-2.827323,-1.370466,0.540417
23.461123,1791356063.923119,-1.958920,-0.096492,1.131218,-2.800292,-1.454954,0.550420
23.480763,1791356063.943213,-2.018037,-0.131250,1.144271,-2.772534,-1.543218,0.559567
23.501565,1791356063.963507,-2.073889,-0.166642,1.157008,-2.734381,-1.630299,0.568145
23.520750,1791356063.984388,-2.125512,-0.202307,1.169413,-2.683452,-1.711792,0.570041
23.540540,1791356064.004281,-2.174407,-0.238486,1.181373,-2.624656,-1.787614,0.566467
23.560488,1791356064.024273,-2.226604,-0.279594,1.194191,-2.576923,-1.873815,0.565705
23.580704,1791356064.042489,-2.275741,-0.321047,1.206539,-2.520360,-1.952640,0.560344
23.600163,1791356064.064353,-2.322042,-0.362770,1.218347,-2.454969,-2.025145,0.554020
23.621209,1791356064.083138,-2.367704,-0.406992,1.230270,-2.387581,-2.098955,0.549178
23.640578,1791356064.105938,-2.414843,-0.449579,1.241183,-2.325568,-2.159475,0.542850
23.660878,1791356064.123841,-2.460695,-0.493344,1.251988,-2.259160,-2.216486,0.537913
23.681061,1791356064.143467,-2.482150,-0.522252,1.259435,-2.116796,-2.211440,0.525343
23.701494,1791356064.167469,-2.483766,-0.530985,1.261770,-1.924609,-2.123781,0.490903
23.720455,1791356064.182786,-2.521467,-0.573845,1.271576,-1.845587,-2.161224,0.488997
23.740257,1791356064.203401,-2.557551,-0.617408,1.281365,-1.762632,-2.194054,0.489812
23.761319,1791356064.222777,-2.591949,-0.661576,1.291165,-1.677063,-2.221721,0.489911
23.780631,1791356064.246119,-2.589851,-0.672183,1.293919,-1.497105,-2.124532,0.465323
23.800455,1791356064.263080,-2.621522,-0.736882,1.308050,-1.403870,-2.211681,0.482733
23.821617,1791356064.283777,-2.650228,-0.796973,1.321060,-1.307102,-2.275413,0.494361
23.840098,1791356064.303419,-2.677288,-0.857628,1.334044,-1.210141,-2.334846,0.501782
23.860581,1791356064.323527,-2.701114,-0.915483,1.346190,-1.110620,-2.379670,0.500860
23.880932,1791356064.343434,-2.718755,-0.963297,1.356127,-0.999151,-2.387887,0.493441
23.900822,1791356064.364031,-2.737713,-1.011127,1.365921,-0.897166,-2.394276,0.485071
23.920825,1791356064.383036,-2.754568,-1.068833,1.377369,-0.791315,-2.429214,0.479631
23.940372,1791356064.404013,-2.769350,-1.117447,1.386862,-0.686836,-2.431257,0.469659
23.960586,1791356064.423912,-2.777960,-1.159802,1.395012,-0.572113,-2.409332,0.455429
23.980875,1791356064.442744,-2.788359,-1.207948,1.403994,-0.468373,-2.404386,0.442149
24.000809,1791356064.467805,-2.796690,-1.255963,1.412697,-0.364556,-2.396015,0.428924
24.020777,1791356064.484553,-2.791591,-1.258559,1.413228,-0.247796,-2.243479,0.393633
24.040701,1791356064.502842,-2.792224,-1.302913,1.421302,-0.136747,-2.226071,0.381592
24.060549,1791356064.524972,-2.795567,-1.363017,1.431898,-0.033081,-2.253975,0.376739
24.080961,1791356064.543342,-2.795203,-1.407860,1.439313,0.069031,-2.229379,0.364618
24.100525,1791356064.563181,-2.794395,-1.468495,1.449753,0.173233,-2.252350,0.360558
24.121331,1791356064.582599,-2.786790,-1.454134,1.447342,0.254946,-2.041383,0.319745
24.140928,1791356064.603976,-2.783158,-1.512139,1.456934,0.354203,-2.060866,0.310638
24.161029,1791356064.623574,-2.775098,-1.553014,1.462937,0.451530,-2.025786,0.289557
24.180820,1791356064.646193,-2.765086,-1.593168,1.468523,0.548768,-1.989065,0.268179
24.200413,1791356064.665755,-2.753149,-1.632581,1.473655,0.644384,-1.951567,0.244611
24.220703,1791356064.682544,-2.750691,-1.657365,1.477692,0.698678,-1.873864,0.221029
24.240298,1791356064.703204,-2.733796,-1.733012,1.488839,0.815131,-1.946471,0.212607
24.260747,1791356064.722788,-2.716282,-1.801717,1.498795,0.922719,-1.997003,0.202162
24.280850,1791356064.742814,-2.695876,-1.867157,1.507670,1.029534,-2.033841,0.187459
24.300138,1791356064.764780,-2.675835,-1.924766,1.515160,1.124823,-2.046004,0.169666
24.320909,1791356064.784132,-2.653201,-1.981639,1.522089,1.220007,-2.055277,0.150357
24.340378,1791356064.803159,-2.630101,-2.034996,1.528348,1.307929,-2.053960,0.131057
24.360721,1791356064.823352,-2.603850,-2.088025,1.533955,1.396858,-2.050098,0.109509
24.381015,1791356064.843099,-2.577379,-2.137872,1.539021,1.477190,-2.036509,0.089209
24.400866,1791356064.865883,-2.548462,-2.187399,1.543623,1.556128,-2.021564,0.068840
24.420956,1791356064.882233,-2.518988,-2.234155,1.547662,1.627798,-1.997579,0.050259
24.441171,1791356064.904175,-2.487192,-2.280633,1.551320,1.698829,-1.972082,0.033243
24.460366,1791356064.922769,-2.455751,-2.324093,1.554721,1.760033,-1.937155,0.019278
24.480747,1791356064.943024,-2.423997,-2.365087,1.557731,1.814243,-1.894585,0.008194
24.511855,1791356064.982569,-2.348952,-2.438713,1.557355,1.935402,-1.785103,-0.026401
24.525793,1791356064.982569,-2.348952,-2.438713,1.557355,1.935402,-1.785103,-0.026401
24.540946,1791356065.004278,-2.323123,-2.469147,1.560221,1.946633,-1.715228,-0.030287
24.561123,1791356065.023772,-2.289139,-2.504707,1.562976,1.980713,-1.660745,-0.033790
24.580579,1791356065.047311,-2.250445,-2.541740,1.565545,2.024612,-1.610713,-0.037635
24.601088,1791356065.067081,-2.212278,-2.575943,1.567839,2.060863,-1.552753,-0.040281
24.620766,1791356065.082172,-2.174475,-2.607576,1.569733,2.089859,-1.489316,-0.046020
24.640325,1791356065.103032,-2.137109,-2.636800,1.571396,2.113205,-1.419210,-0.048940
24.662436,1791356065.123454,-2.097807,-2.665165,1.572850,2.138885,-1.347811,-0.052231
24.680909,1791356065.144386,-2.059013,-2.691132,1.574075,2.158737,-1.272793,-0.059024
24.700537,1791356065.163944,-2.018515,-2.716031,1.575034,2.181358,-1.196020,-0.065325
24.720730,1791356065.183101,-1.974579,-2.739155,1.573582,2.211742,-1.116128,-0.080329
24.740417,1791356065.203955,-1.966078,-2.741601,1.573989,2.124207,-0.992315,-0.095325
24.760578,1791356065.222712,-1.927327,-2.760433,1.574229,2.137548,-0.911175,-0.108065
24.780916,1791356065.246435,-1.884315,-2.777833,1.571859,2.163257,-0.828536,-0.128913
24.801054,1791356065.262926,-1.840787,-2.793560,1.569083,2.188935,-0.744316,-0.149713
24.821183,1791356065.285144,-1.839061,-2.793557,1.570251,2.077646,-0.636082,-0.167132
24.841102,1791356065.302861,-1.825355,-2.797720,1.570702,2.010687,-0.543962,-0.189002
24.860469,1791356065.322727,-1.774323,-2.811412,1.569126,2.065598,-0.466923,-0.208852
24.880470,1791356065.342667,-1.732773,-2.819896,1.564678,2.088861,-0.381546,-0.237168
24.900922,1791356065.363132,-1.677438,-2.831372,1.563959,2.152145,-0.305859,-0.260092
24.920343,1791356065.382697,-1.634146,-2.836644,1.558358,2.176910,-0.220690,-0.299962
24.940240,1791356065.403348,-1.584585,-2.841894,1.554038,2.222004,-0.133734,-0.328531
24.960964,1791356065.422384,-1.536238,-2.845026,1.549075,2.262920,-0.045203,-0.356213
24.980726,1791356065.442592,-1.490658,-2.845008,1.541640,2.294750,0.047751,-0.386859
25.000695,1791356065.464513,-1.446037,-2.844501,1.536218,2.322459,0.138418,-0.404649
25.021249,1791356065.483237,-1.393028,-2.841266,1.529056,2.370553,0.230009,-0.434219
25.040862,1791356065.502469,-1.338511,-2.835713,1.520905,2.419732,0.322263,-0.466512
25.060888,1791356065.522364,-1.285928,-2.828593,1.512499,2.460416,0.413230,-0.496431
25.080362,1791356065.542696,-1.231659,-2.819186,1.503102,2.502003,0.505134,-0.528121
25.100485,1791356065.562565,-1.179362,-2.808440,1.493463,2.533661,0.595163,-0.554220
25.120771,1791356065.583008,-1.128162,-2.796352,1.483577,2.557779,0.681983,-0.576234
25.140532,1791356065.603742,-1.078066,-2.782898,1.473441,2.575289,0.764942,-0.593261
25.159961,1791356065.624315,-1.026355,-2.766744,1.461445,2.595294,0.850459,-0.605287
25.180866,1791356065.644566,-0.973905,-2.749383,1.450501,2.613817,0.930895,-0.610833
25.200583,1791356065.664699,-0.920472,-2.730136,1.439350,2.631772,1.011779,-0.608013
25.220121,1791356065.683377,-0.865467,-2.708696,1.427993,2.650189,1.091554,-0.601968
25.241491,1791356065.702359,-0.857087,-2.704989,1.427038,2.523873,1.084227,-0.554162
25.260454,1791356065.722931,-0.798785,-2.679449,1.415616,2.548466,1.163366,-0.533138
25.280295,1791356065.745530,-0.742525,-2.653584,1.405077,2.559993,1.230041,-0.507727
25.300792,1791356065.762756,-0.691422,-2.628468,1.395212,2.549692,1.280728,-0.478723
25.322719,1791356065.784291,-0.637734,-2.601847,1.386331,2.543078,1.325847,-0.453530
25.341076,1791356065.804020,-0.589651,-2.578289,1.379615,2.515909,1.349558,-0.420477
25.361069,1791356065.823550,-0.538682,-2.551170,1.372060,2.494637,1.379934,-0.390448
25.384577,1791356065.846028,-0.492198,-2.525869,1.365654,2.455322,1.397012,-0.358772
25.401002,1791356065.865500,-0.443452,-2.497689,1.358724,2.418758,1.420398,-0.335283
25.421989,1791356065.882737,-0.394794,-2.469137,1.352749,2.377650,1.441513,-0.313849
25.440341,1791356065.902663,-0.384834,-2.464092,1.352989,2.216160,1.367595,-0.277506
25.460716,1791356065.922027,-0.337410,-2.433877,1.347484,2.169172,1.394062,-0.259316
25.480625,1791356065.947589,-0.292859,-2.404272,1.342502,2.111076,1.416551,-0.242842
25.501179,1791356065.965288,-0.251316,-2.375761,1.337784,2.042530,1.434357,-0.229303
25.521207,1791356065.983102,-0.208723,-2.344346,1.333215,1.975365,1.462763,-0.216587
25.540749,1791356066.003233,-0.167236,-2.311569,1.328781,1.903894,1.496455,-0.204617
25.560570,1791356066.022779,-0.164704,-2.307476,1.329422,1.720757,1.428849,-0.182551
25.591923,1791356066.043869,-0.095232,-2.243792,1.321916,1.559601,1.501960,-0.162212
25.602737,1791356066.066320,-0.095232,-2.243792,1.321916,1.559601,1.501960,-0.162212
25.620754,1791356066.083711,-0.067165,-2.214010,1.318808,1.467061,1.532305,-0.151618
25.640685,1791356066.103687,-0.034696,-2.175250,1.315038,1.391826,1.595052,-0.142336
25.660755,1791356066.122757,-0.007709,-2.142947,1.312305,1.306736,1.635677,-0.130745
25.680531,1791356066.142635,0.017945,-2.106038,1.309306,1.222043,1.692039,-0.120639
25.700767,1791356066.163709,0.041546,-2.071729,1.306997,1.137950,1.739182,-0.110339
25.721495,1791356066.182992,0.063476,-2.036451,1.304878,1.055158,1.788781,-0.101841
25.740791,1791356066.202781,0.062559,-2.031389,1.305168,0.917327,1.735017,-0.088667
25.760354,1791356066.223819,0.080105,-1.996192,1.303463,0.837719,1.784411,-0.082234
25.780425,1791356066.243820,0.082003,-1.982543,1.303010,0.727472,1.760466,-0.076819
25.800940,1791356066.262941,0.102116,-1.923926,1.299407,0.663038,1.879915,-0.075736
25.820402,1791356066.283854,0.119125,-1.868242,1.296303,0.597508,1.983868,-0.072149
25.840327,1791356066.305910,0.130356,-1.828089,1.294964,0.525604,2.031121,-0.060812
25.860855,1791356066.322918,0.117844,-1.844688,1.297162,0.408838,1.892115,-0.039263
25.880692,1791356066.343448,0.125350,-1.806469,1.296504,0.342077,1.929075,-0.026223
25.900970,1791356066.364914,0.131558,-1.767557,1.296114,0.278948,1.961412,-0.011403
25.920211,1791356066.383488,0.136545,-1.728058,1.296056,0.220263,1.987526,0.006352
25.941151,1791356066.404271,0.143382,-1.699163,1.294844,0.179553,1.973730,0.023362
25.961001,1791356066.423372,0.146992,-1.684457,1.294643,0.142729,1.910219,0.046874
25.980860,1791356066.443948,0.157439,-1.597629,1.293557,0.103567,2.046957,0.072226
26.000556,1791356066.463043,0.165482,-1.520732,1.293618,0.075253,2.150352,0.096681
26.020634,1791356066.486310,0.172133,-1.446670,1.294680,0.052158,2.233647,0.126572
26.041034,1791356066.505840,0.177584,-1.381377,1.296479,0.035198,2.279509,0.156864
26.060476,1791356066.524669,0.182300,-1.320227,1.298988,0.023236,2.303662,0.186451
26.080702,1791356066.542767,0.186413,-1.266195,1.301938,0.015102,2.295892,0.216623
26.101198,1791356066.562791,0.186543,-1.218467,1.306890,-0.002377,2.248501,0.253731
26.120464,1791356066.585011,0.186313,-1.171855,1.312568,-0.019502,2.189339,0.286232
26.140626,1791356066.605953,0.185746,-1.128727,1.318567,-0.037226,2.122520,0.312353
26.160301,1791356066.625451,0.190422,-1.119010,1.320065,-0.035647,1.948757,0.320220
26.180804,1791356066.642664,0.193674,-1.093667,1.322580,-0.043923,1.825505,0.323541
26.200846,1791356066.663673,0.195872,-1.070700,1.325463,-0.058893,1.696515,0.327185
26.221383,1791356066.683537,0.194395,-1.037686,1.332106,-0.089115,1.604792,0.336411
26.241326,1791356066.702306,0.195419,-1.019300,1.334662,-0.111353,1.474723,0.330752
26.260977,1791356066.722431,0.192829,-0.990737,1.341350,-0.147816,1.381671,0.337664
26.280637,1791356066.743570,0.189488,-0.964014,1.348133,-0.186126,1.290835,0.339911
26.300482,1791356066.763792,0.185368,-0.939084,1.354911,-0.225674,1.202354,0.337389
26.325852,1791356066.783365,0.180450,-0.915892,1.361578,-0.265759,1.117149,0.328589
26.340886,1791356066.806725,0.177517,-0.885853,1.364273,-0.299857,1.060385,0.305537
26.361214,1791356066.823529,0.161766,-0.827145,1.375311,-0.371539,1.092556,0.301529
26.380917,1791356066.842907,0.157945,-0.816397,1.378264,-0.392130,1.056839,0.289359
26.401966,1791356066.864845,0.132165,-0.741468,1.392360,-0.494178,1.084579,0.259895
26.420723,1791356066.883056,0.114875,-0.704054,1.400014,-0.557874,1.072051,0.235292
26.440666,1791356066.903259,0.103280,-0.683151,1.404394,-0.601085,1.018372,0.202655
26.468703,1791356066.925043,0.084230,-0.650867,1.410314,-0.662191,1.002403,0.172518
26.480669,1791356066.943141,0.079171,-0.640542,1.410793,-0.676947,0.929430,0.129010
26.500787,1791356066.964899,0.056728,-0.612542,1.414929,-0.738608,0.909611,0.094514
26.520682,1791356066.982724,0.041626,-0.594812,1.416404,-0.771010,0.862998,0.053640
26.540915,1791356067.003264,0.019211,-0.572177,1.418840,-0.820357,0.830797,0.021510
26.561253,1791356067.023673,-0.006871,-0.549382,1.420197,-0.873642,0.800337,-0.011753
26.580237,1791356067.044957,-0.032405,-0.529284,1.420596,-0.918805,0.764807,-0.047061
26.600831,1791356067.062456,-0.057528,-0.511336,1.420277,-0.957809,0.723837,-0.077453
26.620806,1791356067.086099,-0.083636,-0.494894,1.418979,-0.994720,0.680533,-0.108444
26.640399,1791356067.105132,-0.109320,-0.480692,1.416991,-1.025558,0.632802,-0.138670
26.661302,1791356067.122849,-0.134633,-0.468591,1.414429,-1.050936,0.581027,-0.166614
26.680550,1791356067.144003,-0.142159,-0.466013,1.413232,-1.016780,0.504718,-0.183111
26.700428,1791356067.163258,-0.162541,-0.456444,1.409327,-1.020758,0.452382,-0.207855
26.720490,1791356067.183116,-0.190252,-0.447961,1.404859,-1.044005,0.398318,-0.230989
26.741078,1791356067.203043,-0.211131,-0.440530,1.400028,-1.043181,0.344682,-0.251547
26.761356,1791356067.224159,-0.231969,-0.434181,1.394823,-1.040083,0.290335,-0.268888
26.780543,1791356067.245249,-0.237927,-0.436103,1.394246,-0.989451,0.217501,-0.271057
26.800950,1791356067.265573,-0.257648,-0.432299,1.388685,-0.982095,0.162911,-0.284432
26.821033,1791356067.283720,-0.274017,-0.432813,1.385713,-0.963649,0.099860,-0.287735
26.841023,1791356067.302449,-0.289096,-0.433835,1.382641,-0.941706,0.040277,-0.290714
26.860622,1791356067.326260,-0.322951,-0.434654,1.373835,-0.976489,-0.018366,-0.308754
26.880924,1791356067.343935,-0.330804,-0.437251,1.371988,-0.932448,-0.073126,-0.303114
26.900497,1791356067.363646,-0.364100,-0.440635,1.362548,-0.966048,-0.131123,-0.319931
26.920557,1791356067.383238,-0.396934,-0.445035,1.352865,-0.997655,-0.187577,-0.335511
26.940554,1791356067.402977,-0.427951,-0.450350,1.343483,-1.023864,-0.241972,-0.347543
26.961125,1791356067.426493,-0.458750,-0.457056,1.333882,-1.049700,-0.296065,-0.357806
26.980926,1791356067.443543,-0.488164,-0.464501,1.324516,-1.071279,-0.347114,-0.368480
27.000988,1791356067.462956,-0.509560,-0.471899,1.317135,-1.067987,-0.392595,-0.369274
27.020591,1791356067.483210,-0.536560,-0.480352,1.308494,-1.081145,-0.437479,-0.375201
27.040689,1791356067.507840,-0.558135,-0.489518,1.300984,-1.075990,-0.478984,-0.375646
27.061034,1791356067.523068,-0.579589,-0.499492,1.293465,-1.069051,-0.518247,-0.376108
27.080589,1791356067.543057,-0.588342,-0.503105,1.291089,-1.023892,-0.531272,-0.359666
27.100816,1791356067.563109,-0.608707,-0.514089,1.283947,-1.012255,-0.566991,-0.354829
27.121289,1791356067.582608,-0.621128,-0.519408,1.280245,-0.977084,-0.580751,-0.343462
27.142692,1791356067.586605,-0.652774,-0.534606,1.269117,-0.995178,-0.627114,-0.353411
27.163597,1791356067.618134,-0.680031,-0.548633,1.259473,-0.997854,-0.665932,-0.358566
27.180354,1791356067.639215,-0.699777,-0.562284,1.252337,-0.976212,-0.699217,-0.354269
27.200948,1791356067.663296,-0.726113,-0.577925,1.242854,-0.972297,-0.738388,-0.353127
27.220928,1791356067.683160,-0.749041,-0.592666,1.234586,-0.957798,-0.772372,-0.346965
27.240914,1791356067.703458,-0.767935,-0.608456,1.227739,-0.931210,-0.806532,-0.337538
27.260634,1791356067.723579,-0.786280,-0.624927,1.221083,-0.903004,-0.840336,-0.328558
27.280530,1791356067.745486,-0.791837,-0.628610,1.219165,-0.840819,-0.830473,-0.306496
27.300892,1791356067.763694,-0.801862,-0.636463,1.215492,-0.792684,-0.832773,-0.291253
27.324611,1791356067.783329,-0.817387,-0.653412,1.209748,-0.759401,-0.861950,-0.282738
27.340898,1791356067.803334,-0.841265,-0.676828,1.200237,-0.748132,-0.910528,-0.282565
27.360643,1791356067.822960,-0.858793,-0.694739,1.193065,-0.720551,-0.938668,-0.278669
27.380754,1791356067.843542,-0.872830,-0.713806,1.187565,-0.682747,-0.967891,-0.271535
27.400900,1791356067.865182,-0.863811,-0.707326,1.190885,-0.586326,-0.914254,-0.241223
27.420976,1791356067.883235,-0.875123,-0.725882,1.186124,-0.544523,-0.940965,-0.235165
27.441277,1791356067.902809,-0.885581,-0.744966,1.181484,-0.500979,-0.967108,-0.229564
27.460617,1791356067.922943,-0.894810,-0.756719,1.176800,-0.456972,-0.969868,-0.224534
27.480149,1791356067.942713,-0.912332,-0.786694,1.167759,-0.432174,-1.026624,-0.232534
27.500720,1791356067.964421,-0.927402,-0.816436,1.159335,-0.400859,-1.078696,-0.242252
27.520581,1791356067.982591,-0.931287,-0.827285,1.156908,-0.376027,-1.090851,-0.243323
27.541720,1791356068.004098,-0.946485,-0.867105,1.146533,-0.311354,-1.146532,-0.256564
27.563873,1791356068.022847,-0.958327,-0.898774,1.137446,-0.273051,-1.196692,-0.270039
27.580021,1791356068.043346,-0.965085,-0.925855,1.130673,-0.222563,-1.229544,-0.275609
27.601791,1791356068.066287,-0.970312,-0.953873,1.123913,-0.170723,-1.261839,-0.284316
27.620614,1791356068.083322,-0.974012,-0.982751,1.117088,-0.116719,-1.293173,-0.293031
27.641041,1791356068.104572,-0.976171,-1.010978,1.110382,-0.061909,-1.318076,-0.303283
27.660796,1791356068.122785,-0.976785,-1.040004,1.103517,-0.005151,-1.341028,-0.312025
27.680158,1791356068.144563,-0.976328,-1.066951,1.097221,0.050884,-1.352919,-0.317690
27.700998,1791356068.163042,-0.974443,-1.093628,1.090789,0.107394,-1.359764,-0.322936
27.720749,1791356068.182915,-0.970984,-1.120712,1.084298,0.164532,-1.364232,-0.328650
27.740075,1791356068.202782,-0.967144,-1.148025,1.077690,0.219577,-1.366433,-0.331733
27.760409,1791356068.222904,-0.961646,-1.171557,1.071950,0.274645,-1.353649,-0.332516
27.781005,1791356068.244969,-0.955610,-1.198594,1.065278,0.328962,-1.349425,-0.334607
27.800832,1791356068.263148,-0.952483,-1.200216,1.064416,0.362725,-1.265180,-0.319853
27.820622,1791356068.282726,-0.944706,-1.225418,1.057997,0.414957,-1.254504,-0.322025
27.841049,1791356068.303016,-0.935884,-1.250386,1.051545,0.467139,-1.241711,-0.323203
27.860966,1791356068.325080,-0.930205,-1.257252,1.049581,0.500648,-1.174655,-0.312406
27.881000,1791356068.342826,-0.913632,-1.289384,1.041726,0.572832,-1.181188,-0.318151
27.900848,1791356068.364664,-0.896884,-1.319105,1.034238,0.640594,-1.178922,-0.325336
27.920723,1791356068.383177,-0.878754,-1.348390,1.026625,0.709488,-1.173510,-0.331411
27.940733,1791356068.403966,-0.864025,-1.371629,1.019969,0.763441,-1.149757,-0.334073
27.961171,1791356068.422714,-0.848215,-1.394375,1.013255,0.817425,-1.124445,-0.337646
27.981143,1791356068.442423,-0.831325,-1.416604,1.006467,0.871593,-1.097862,-0.340920
28.000523,1791356068.463753,-0.813349,-1.438287,0.999625,0.925774,-1.070104,-0.343555
28.022797,1791356068.484083,-0.806063,-1.441922,0.998414,0.939263,-0.994507,-0.332856
28.041594,1791356068.504110,-0.786767,-1.461514,0.991724,0.989990,-0.964289,-0.336478
28.060683,1791356068.522762,-0.750984,-1.493363,0.982910,1.087841,-0.965655,-0.345135
28.080399,1791356068.544129,-0.728730,-1.512363,0.975972,1.137416,-0.933942,-0.348180
28.100457,1791356068.564922,-0.717232,-1.521622,0.972491,1.162095,-0.917438,-0.347988
28.121015,1791356068.582850,-0.715350,-1.512894,0.973593,1.125514,-0.777766,-0.320375
28.140236,1791356068.604960,-0.692418,-1.528098,0.967137,1.167287,-0.742323,-0.326120
28.161157,1791356068.625185,-0.677962,-1.538266,0.963703,1.179997,-0.696700,-0.325430
28.180892,1791356068.643261,-0.653973,-1.551833,0.957114,1.218728,-0.659595,-0.333028
28.200636,1791356068.663667,-0.608354,-1.579952,0.945885,1.319303,-0.656589,-0.348208
28.220849,1791356068.682614,-0.604138,-1.580316,0.945142,1.290376,-0.590059,-0.332483
28.241239,1791356068.702547,-0.558019,-1.604978,0.934058,1.384512,-0.580459,-0.343371
28.260844,1791356068.723701,-0.512398,-1.627317,0.923311,1.471309,-0.565210,-0.350483
28.281069,1791356068.742838,-0.471214,-1.646033,0.913904,1.539247,-0.541054,-0.350017
28.300622,1791356068.763214,-0.440111,-1.656415,0.906979,1.570404,-0.496799,-0.342507
28.320558,1791356068.788345,-0.426647,-1.661489,0.904399,1.544300,-0.443382,-0.323083
28.340870,1791356068.803055,-0.395530,-1.669898,0.898005,1.566771,-0.397171,-0.316121
28.360639,1791356068.830192,-0.364001,-1.677362,0.891783,1.585565,-0.348724,-0.305180
28.380307,1791356068.843787,-0.332133,-1.683835,0.885817,1.600506,-0.298257,-0.290861
28.400831,1791356068.862907,-0.306380,-1.693881,0.880884,1.593980,-0.261036,-0.274513
28.420397,1791356068.883917,-0.282636,-1.701650,0.876605,1.577496,-0.220022,-0.259740
28.441115,1791356068.906603,-0.228109,-1.714285,0.867194,1.647909,-0.185641,-0.259764
28.460813,1791356068.924450,-0.175419,-1.724346,0.858582,1.706874,-0.145118,-0.253899
28.480411,1791356068.942652,-0.141289,-1.726688,0.853666,1.705387,-0.089014,-0.238041
28.500231,1791356068.965586,-0.100190,-1.733352,0.847341,1.722337,-0.047006,-0.229516
28.520326,1791356068.982968,-0.112298,-1.729719,0.850252,1.575586,0.008366,-0.192308
28.540992,1791356069.003862,-0.080936,-1.728993,0.846599,1.559781,0.064184,-0.172754
28.561675,1791356069.023617,-0.049930,-1.727153,0.843322,1.540055,0.119447,-0.155799
28.580723,1791356069.047886,-0.025822,-1.730469,0.839921,1.493596,0.155301,-0.143876
28.601536,1791356069.062941,0.030354,-1.730077,0.833080,1.545120,0.207823,-0.141474
28.620425,1791356069.083196,0.068688,-1.729614,0.828398,1.594378,0.237957,-0.141915
28.641215,1791356069.104806,0.118619,-1.725213,0.823189,1.620803,0.295565,-0.131870
28.660579,1791356069.124004,0.164597,-1.719388,0.818739,1.633173,0.353049,-0.122029
28.680634,1791356069.143463,0.196957,-1.711759,0.816435,1.602222,0.409744,-0.108512
28.700206,1791356069.164459,0.228678,-1.703002,0.814371,1.569354,0.465548,-0.098324
28.721188,1791356069.182847,0.260035,-1.700297,0.810711,1.536226,0.497776,-0.095452
28.739961,1791356069.204194,0.290395,-1.689824,0.808866,1.499219,0.549000,-0.088922
28.761250,1791356069.224972,0.319989,-1.678349,0.807155,1.459637,0.598003,-0.082224
28.780729,1791356069.242512,0.348761,-1.665911,0.805598,1.416991,0.645136,-0.073410
28.800872,1791356069.264388,0.362631,-1.662054,0.804294,1.331857,0.656914,-0.066068
28.820756,1791356069.285220,0.404276,-1.642420,0.801681,1.328820,0.721045,-0.062774
28.840813,1791356069.303508,0.441211,-1.622775,0.799558,1.309710,0.780032,-0.055226
28.861283,1791356069.323859,0.474350,-1.603119,0.797878,1.279217,0.832912,-0.050425
28.882066,1791356069.343676,0.507708,-1.580718,0.796413,1.248676,0.890292,-0.044699
28.900459,1791356069.364669,0.537646,-1.558210,0.795251,1.209359,0.943745,-0.039505
28.921355,1791356069.384125,0.561257,-1.538940,0.794563,1.151572,0.982615,-0.030181
28.941353,1791356069.408425,0.590593,-1.511478,0.793802,1.111876,1.045393,-0.021446
28.960799,1791356069.423067,0.613999,-1.487186,0.793449,1.056078,1.093717,-0.010267
28.980503,1791356069.443209,0.634172,-1.464139,0.793356,0.993090,1.133977,0.001082
29.000760,1791356069.462667,0.653318,-1.439430,0.793548,0.930881,1.175447,0.009972
29.020721,1791356069.483746,0.671367,-1.413149,0.793997,0.868496,1.217878,0.019425
29.041451,1791356069.504704,0.687466,-1.386747,0.794650,0.803162,1.256141,0.031219
29.071525,1791356069.542943,0.715527,-1.330942,0.796751,0.672371,1.328685,0.053641
29.080754,1791356069.542943,0.715527,-1.330942,0.796751,0.672371,1.328685,0.053641
29.100347,1791356069.562252,0.728356,-1.304097,0.797935,0.610552,1.355191,0.064427
29.121029,1791356069.583692,0.736073,-1.281380,0.799304,0.536872,1.363350,0.078376
29.140976,1791356069.604786,0.746203,-1.253887,0.800985,0.476236,1.385404,0.089487
29.160518,1791356069.623323,0.755130,-1.225973,0.802887,0.416646,1.405434,0.100361
29.181021,1791356069.645163,0.762888,-1.197682,0.804967,0.359105,1.423029,0.107834
29.200329,1791356069.663213,0.769500,-1.169064,0.807203,0.302125,1.438168,0.115860
29.221483,1791356069.683006,0.765983,-1.163644,0.808438,0.224056,1.372835,0.123604
29.239954,1791356069.706448,0.759493,-1.167929,0.809084,0.147109,1.276173,0.126645
29.260705,1791356069.725217,0.761825,-1.125463,0.813154,0.085999,1.331164,0.140099
29.280993,1791356069.744630,0.762753,-1.086072,0.817185,0.025901,1.371637,0.153058
29.300200,1791356069.763732,0.762478,-1.048954,0.821149,-0.032205,1.401108,0.163463
29.324082,1791356069.782939,0.760985,-1.011656,0.825329,-0.089549,1.428045,0.172827
29.340697,1791356069.803632,0.758429,-0.976033,0.829478,-0.145853,1.447089,0.181125
29.360568,1791356069.823507,0.754953,-0.942072,0.833568,-0.200299,1.458871,0.184977
29.380935,1791356069.843570,0.750422,-0.912954,0.837269,-0.252593,1.452411,0.184739
29.400934,1791356069.865564,0.744856,-0.883994,0.840953,-0.303711,1.442979,0.183355
29.420669,1791356069.884828,0.739781,-0.856640,0.844265,-0.348457,1.426069,0.181556
29.440942,1791356069.906055,0.731985,-0.821765,0.848509,-0.398300,1.429934,0.179339
29.460919,1791356069.923018,0.722990,-0.787019,0.852763,-0.447242,1.429836,0.178915
29.480787,1791356069.942969,0.713607,-0.758644,0.856313,-0.490788,1.407141,0.176216
29.500559,1791356069.963966,0.704958,-0.730902,0.859789,-0.527781,1.380931,0.174172
29.520705,1791356069.985039,0.693999,-0.703566,0.863244,-0.567742,1.352282,0.171089
29.540576,1791356070.003328,0.692375,-0.700771,0.863860,-0.567634,1.250117,0.157879
29.560541,1791356070.022349,0.680664,-0.676113,0.866955,-0.603106,1.215232,0.151429
29.582251,1791356070.044401,0.668249,-0.652189,0.869942,-0.637832,1.176824,0.146743
29.601020,1791356070.062811,0.665502,-0.646189,0.870826,-0.634849,1.088193,0.134347
29.624697,1791356070.083159,0.647825,-0.612092,0.875242,-0.683643,1.079890,0.133428
29.640790,1791356070.103420,0.627764,-0.574508,0.880076,-0.738063,1.081173,0.133192
29.661049,1791356070.123090,0.612665,-0.553350,0.882705,-0.771692,1.034276,0.129764
29.680698,1791356070.143543,0.597247,-0.530467,0.885730,-0.805312,0.994250,0.124681
29.701054,1791356070.165423,0.578284,-0.506010,0.889040,-0.848674,0.959582,0.119526
29.720241,1791356070.183688,0.559456,-0.483996,0.891854,-0.889366,0.918874,0.114099
29.740854,1791356070.204063,0.540539,-0.463904,0.894396,-0.927596,0.875130,0.105039
29.761123,1791356070.224465,0.521631,-0.446900,0.896374,-0.962965,0.824943,0.092936
29.783211,1791356070.243593,0.506159,-0.432978,0.898369,-0.985095,0.768921,0.082317
29.800116,1791356070.245780,0.486106,-0.418107,0.899900,-1.019830,0.718038,0.070574
29.820376,1791356070.286734,0.465363,-0.404253,0.901185,-1.054129,0.667026,0.058302
29.840442,1791356070.303708,0.461060,-0.402168,0.901284,-1.032317,0.589245,0.041790
29.860664,1791356070.322751,0.440094,-0.390890,0.901989,-1.063893,0.538410,0.028466
29.883548,1791356070.344028,0.431261,-0.387033,0.901936,-1.054805,0.473337,0.012738
29.901174,1791356070.364099,0.403157,-0.374821,0.902184,-1.105429,0.429993,0.000753
29.922300,1791356070.385872,0.374424,-0.364144,0.902107,-1.154715,0.385040,-0.011533
29.940760,1791356070.403759,0.346557,-0.355184,0.901798,-1.198416,0.338206,-0.023428
29.960817,1791356070.424438,0.317683,-0.347560,0.901175,-1.242550,0.289945,-0.034669
29.980157,1791356070.443497,0.287812,-0.341333,0.900288,-1.286600,0.240569,-0.046572
30.001104,1791356070.443497,0.287812,-0.341333,0.900288,-1.286600,0.240569,-0.046572
30.020470,1791356070.483706,0.231723,-0.333106,0.897928,-1.353262,0.140511,-0.070188
30.045766,1791356070.486500,0.202571,-0.330661,0.896428,-1.385296,0.089658,-0.079759
30.060549,1791356070.523498,0.174615,-0.329368,0.894731,-1.409803,0.039355,-0.089881
30.080721,1791356070.544596,0.175896,-0.331018,0.894365,-1.341113,-0.006616,-0.094925
30.100413,1791356070.563554,0.148894,-0.331631,0.892379,-1.358464,-0.054807,-0.103449
30.120318,1791356070.583858,0.121580,-0.333199,0.890228,-1.372344,-0.102133,-0.111410
30.140830,1791356070.603602,0.106912,-0.334674,0.888982,-1.343972,-0.142322,-0.110849
30.160587,1791356070.622970,0.102430,-0.335685,0.888547,-1.282078,-0.173605,-0.108778
30.181407,1791356070.643700,0.076778,-0.339614,0.886345,-1.282505,-0.219283,-0.111692
30.200986,1791356070.665039,0.041538,-0.345470,0.883406,-1.308971,-0.273109,-0.112294
30.220514,1791356070.683675,0.004589,-0.353021,0.880339,-1.336425,-0.329823,-0.113105
30.240100,1791356070.703465,-0.030518,-0.361296,0.877349,-1.355866,-0.384851,-0.114369
30.260747,1791356070.723536,-0.025127,-0.363458,0.877686,-1.248568,-0.404269,-0.104198
30.280646,1791356070.743206,-0.049979,-0.372027,0.875642,-1.236097,-0.452534,-0.100322
30.301067,1791356070.763535,-0.074558,-0.381559,0.873669,-1.221212,-0.500602,-0.097116
30.320610,1791356070.788206,-0.098812,-0.392051,0.871761,-1.203631,-0.548561,-0.093117
30.340193,1791356070.802777,-0.122687,-0.403500,0.869948,-1.183215,-0.596292,-0.087817
30.360595,1791356070.802777,-0.122687,-0.403500,0.869948,-1.183215,-0.596292,-0.087817
30.382075,1791356070.843891,-0.157577,-0.415142,0.866882,-1.104172,-0.645043,-0.075513
30.400613,1791356070.863105,-0.179380,-0.428499,0.865436,-1.075588,-0.690441,-0.068990
30.421069,1791356070.882784,-0.200585,-0.442763,0.864134,-1.044389,-0.735770,-0.061113
30.440048,1791356070.904538,-0.239362,-0.462940,0.861283,-1.061988,-0.801269,-0.058536
30.460567,1791356070.924405,-0.236009,-0.460786,0.861418,-0.961381,-0.783404,-0.049286
30.480433,1791356070.943662,-0.254859,-0.476890,0.860499,-0.923060,-0.826703,-0.042702
30.501354,1791356070.963650,-0.272922,-0.493855,0.859701,-0.882736,-0.869598,-0.036783
30.519990,1791356070.983796,-0.295959,-0.505971,0.857734,-0.859098,-0.896568,-0.036026
30.542617,1791356071.002980,-0.338283,-0.540073,0.855181,-0.885286,-0.990974,-0.037685
30.560782,1791356071.023603,-0.375639,-0.573382,0.853025,-0.896605,-1.076832,-0.037485
30.613479,1791356071.083137,-0.455179,-0.661909,0.848994,-0.839945,-1.270456,-0.032034
30.623063,1791356071.083137,-0.455179,-0.661909,0.848994,-0.839945,-1.270456,-0.032034
30.635805,1791356071.103794,-0.481219,-0.694335,0.847704,-0.820172,-1.335056,-0.033830
30.654939,1791356071.123397,-0.505314,-0.727808,0.846519,-0.795472,-1.397251,-0.036827
30.681417,1791356071.144613,-0.527605,-0.762327,0.845380,-0.766317,-1.456826,-0.040185
30.695745,1791356071.145478,-0.546525,-0.794083,0.844390,-0.729132,-1.502119,-0.042731
30.717643,1791356071.183395,-0.564067,-0.827139,0.843422,-0.689225,-1.545270,-0.045749
30.734885,1791356071.203212,-0.579603,-0.859680,0.842500,-0.645166,-1.580573,-0.048338
30.755275,1791356071.223901,-0.593351,-0.891790,0.841614,-0.598372,-1.608343,-0.052483
30.775491,1791356071.243735,-0.604805,-0.924193,0.840525,-0.546849,-1.631351,-0.056087
30.794883,1791356071.264199,-0.614336,-0.951241,0.839750,-0.493493,-1.632049,-0.057868
30.816277,1791356071.282532,-0.623681,-0.984036,0.838590,-0.440843,-1.646785,-0.058064
30.835580,1791356071.304353,-0.631965,-1.017087,0.837438,-0.387709,-1.657519,-0.058109
30.855713,1791356071.324721,-0.632721,-1.022339,0.837460,-0.322243,-1.575853,-0.056399
30.875282,1791356071.343456,-0.638634,-1.053875,0.836320,-0.269000,-1.577207,-0.057500
30.894853,1791356071.363842,-0.639628,-1.064838,0.836142,-0.210082,-1.512342,-0.056330
30.915954,1791356071.364724,-0.643240,-1.104934,0.835248,-0.152865,-1.536102,-0.056203
30.935859,1791356071.404796,-0.645742,-1.135580,0.834124,-0.097567,-1.527892,-0.056756
30.955442,1791356071.424051,-0.646113,-1.167932,0.833558,-0.037585,-1.522463,-0.054368
30.975163,1791356071.424051,-0.646113,-1.167932,0.833558,-0.037585,-1.522463,-0.054368
30.995190,1791356071.463487,-0.643392,-1.235537,0.831788,0.085215,-1.514555,-0.051434
31.015325,1791356071.463487,-0.643392,-1.235537,0.831788,0.085215,-1.514555,-0.051434
31.036218,1791356071.503429,-0.633277,-1.307009,0.830336,0.217731,-1.510675,-0.050921
31.056675,1791356071.524220,-0.626902,-1.337179,0.829694,0.281163,-1.489997,-0.050934
31.075566,1791356071.543415,-0.624129,-1.337460,0.829774,0.320308,-1.378988,-0.050050
31.095839,1791356071.563926,-0.617151,-1.364773,0.828750,0.377088,-1.351677,-0.052607
31.115721,1791356071.583993,-0.609047,-1.391516,0.827668,0.432885,-1.322170,-0.056078
31.135644,1791356071.604309,-0.599835,-1.417647,0.826520,0.487947,-1.290472,-0.059067
31.154780,1791356071.624016,-0.593967,-1.427424,0.826261,0.523850,-1.211581,-0.058434
31.175369,1791356071.643898,-0.588245,-1.435102,0.825978,0.554566,-1.129364,-0.059933
31.195157,1791356071.665402,-0.576643,-1.457301,0.824749,0.605330,-1.089949,-0.062690
31.215752,1791356071.683763,-0.564038,-1.478696,0.823450,0.654790,-1.048960,-0.067336
31.235395,1791356071.703846,-0.550447,-1.499249,0.822074,0.703860,-1.006017,-0.070599
31.254797,1791356071.723598,-0.535885,-1.518934,0.820611,0.751972,-0.962022,-0.075925
31.275594,1791356071.743534,-0.526061,-1.532227,0.820469,0.781710,-0.902195,-0.076376
31.295408,1791356071.764550,-0.494091,-1.571269,0.818747,0.881985,-0.911506,-0.081696
31.315264,1791356071.785435,-0.462209,-1.606297,0.816689,0.974197,-0.906017,-0.090629
31.336307,1791356071.805081,-0.433040,-1.635796,0.814705,1.052215,-0.891330,-0.099357
31.354970,1791356071.823375,-0.403086,-1.663012,0.812471,1.127082,-0.871330,-0.109605
31.375813,1791356071.847920,-0.373893,-1.687173,0.810115,1.194138,-0.843731,-0.120457
31.395554,1791356071.865691,-0.343440,-1.709813,0.807447,1.259158,-0.813208,-0.134930
31.415727,1791356071.884355,-0.313412,-1.730103,0.804621,1.317079,-0.776912,-0.149558
31.434918,1791356071.904315,-0.281998,-1.749038,0.801493,1.373827,-0.736944,-0.161151
31.455128,1791356071.924906,-0.250956,-1.765919,0.798294,1.422707,-0.691939,-0.169983
31.475257,1791356071.943264,-0.241357,-1.770108,0.797156,1.393881,-0.613373,-0.169610
31.495323,1791356071.968052,-0.213179,-1.781825,0.793692,1.423300,-0.557911,-0.176797
31.516327,1791356071.986442,-0.178943,-1.795217,0.789919,1.467330,-0.508815,-0.185490
31.535930,1791356072.004224,-0.149357,-1.804832,0.786114,1.490612,-0.452492,-0.194869
31.555320,1791356072.023590,-0.119326,-1.813300,0.782191,1.511878,-0.394189,-0.197294
31.575093,1791356072.044715,-0.116492,-1.812963,0.782109,1.439994,-0.320286,-0.189394
31.595484,1791356072.065724,-0.087555,-1.818789,0.778302,1.452996,-0.262074,-0.191189
31.615179,1791356072.083018,-0.071002,-1.821800,0.776627,1.422932,-0.201550,-0.183964
31.636065,1791356072.103712,-0.052753,-1.824372,0.774720,1.396126,-0.143191,-0.178330
31.655504,1791356072.123181,-0.009375,-1.828794,0.769747,1.445841,-0.084552,-0.177928
31.675231,1791356072.143850,0.031355,-1.831234,0.765133,1.483601,-0.024191,-0.176509
31.696085,1791356072.164934,0.061024,-1.831101,0.761660,1.482773,0.037520,-0.171109
31.716374,1791356072.183454,0.102090,-1.830384,0.757150,1.515743,0.099666,-0.172308
31.737925,1791356072.203534,0.138620,-1.828360,0.753147,1.531976,0.161022,-0.169982
31.755185,1791356072.224669,0.177244,-1.824311,0.748987,1.553031,0.224236,-0.170191
31.775747,1791356072.244598,0.213852,-1.819008,0.745053,1.565422,0.286148,-0.170078
31.795553,1791356072.266126,0.250682,-1.812014,0.741099,1.576232,0.349255,-0.168394
31.815514,1791356072.286736,0.285797,-1.803929,0.737376,1.579157,0.409746,-0.167388
31.839193,1791356072.303493,0.317276,-1.795173,0.734037,1.568129,0.465791,-0.165658
31.855936,1791356072.325683,0.350286,-1.785018,0.730621,1.559536,0.521972,-0.161110
31.875121,1791356072.343946,0.381312,-1.774054,0.727433,1.542500,0.574017,-0.157430
31.895307,1791356072.366762,0.386573,-1.770499,0.727087,1.444352,0.590401,-0.141427
31.915278,1791356072.383377,0.415204,-1.758207,0.724393,1.418116,0.638330,-0.128076
31.935459,1791356072.403452,0.443281,-1.744982,0.721936,1.389101,0.683675,-0.117941
31.955721,1791356072.423798,0.453323,-1.739204,0.721407,1.305213,0.695735,-0.099777
31.975191,1791356072.443599,0.488619,-1.719949,0.718728,1.297295,0.754615,-0.088434
31.995615,1791356072.465033,0.522681,-1.699612,0.716401,1.283388,0.810815,-0.077453
32.015632,1791356072.483728,0.553877,-1.679466,0.714537,1.258669,0.861724,-0.061930
32.048046,1791356072.504075,0.582621,-1.659380,0.713100,1.226095,0.907452,-0.047603
32.055125,1791356072.524416,0.610553,-1.638081,0.711974,1.191369,0.952494,-0.036733
32.075648,1791356072.545485,0.636272,-1.616788,0.711107,1.150576,0.993103,-0.026981
32.094743,1791356072.564823,0.661207,-1.594298,0.710534,1.108439,1.034153,-0.016263
32.115160,1791356072.585248,0.684110,-1.571885,0.710177,1.062497,1.071047,-0.008463
32.135243,1791356072.603539,0.706196,-1.548242,0.710039,1.015072,1.109073,0.001618
32.156124,1791356072.624599,0.726332,-1.524746,0.710140,0.963912,1.142420,0.009964
32.175428,1791356072.643626,0.744291,-1.501647,0.710396,0.908912,1.170058,0.015115
32.195306,1791356072.664651,0.761979,-1.478416,0.712199,0.854936,1.195081,0.026141
32.215123,1791356072.683966,0.777336,-1.454273,0.712645,0.795875,1.219522,0.031409
32.235663,1791356072.705100,0.792689,-1.429646,0.713340,0.739289,1.242649,0.037762
32.255539,1791356072.723472,0.804858,-1.405698,0.713979,0.676224,1.259748,0.041977
32.275361,1791356072.746254,0.817809,-1.380302,0.714859,0.618775,1.279322,0.045861
32.295954,1791356072.763654,0.826509,-1.357333,0.715674,0.551712,1.287412,0.049821
32.316132,1791356072.783838,0.835069,-1.331347,0.716718,0.487645,1.303401,0.052940
32.335230,1791356072.805836,0.842639,-1.304254,0.717880,0.424384,1.320444,0.053970
32.364098,1791356072.824072,0.850536,-1.277709,0.718991,0.365134,1.333499,0.057225
32.376275,1791356072.844135,0.854422,-1.253713,0.720186,0.297504,1.335163,0.061059
32.395725,1791356072.864229,0.857681,-1.226674,0.721629,0.231346,1.345100,0.064856
32.416392,1791356072.883461,0.859454,-1.200788,0.723099,0.164600,1.349508,0.070070
32.436029,1791356072.903772,0.860059,-1.177149,0.724524,0.100009,1.345078,0.072820
32.455489,1791356072.923858,0.859683,-1.150576,0.726169,0.035981,1.349263,0.075731
32.475475,1791356072.943459,0.858246,-1.124646,0.727807,-0.026280,1.349771,0.077696
32.497947,1791356072.963352,0.857152,-1.097617,0.729371,-0.083080,1.352697,0.078673
32.515423,1791356072.983145,0.853472,-1.094538,0.729862,-0.135452,1.277471,0.077046
32.536235,1791356073.002703,0.848541,-1.064871,0.731815,-0.197039,1.287792,0.078829
32.555886,1791356073.023396,0.843228,-1.039642,0.733539,-0.253883,1.282219,0.079124
32.575234,1791356073.043770,0.836370,-1.011953,0.735438,-0.312370,1.282876,0.080088
32.595410,1791356073.064303,0.828763,-0.985593,0.737316,-0.369495,1.277608,0.083835
32.617274,1791356073.084282,0.819855,-0.958616,0.739282,-0.426341,1.272874,0.085099
32.647631,1791356073.105675,0.810750,-0.934073,0.741121,-0.479236,1.258624,0.087077
32.656881,1791356073.122926,0.800950,-0.910297,0.742922,-0.529613,1.240762,0.088268
32.675422,1791356073.143598,0.789842,-0.885640,0.744732,-0.580806,1.224463,0.092188
32.695695,1791356073.162780,0.777726,-0.861330,0.746609,-0.630785,1.205912,0.096555
32.715009,1791356073.185678,0.773786,-0.859050,0.747236,-0.642794,1.119975,0.095519
32.736431,1791356073.203770,0.760465,-0.836887,0.749185,-0.689062,1.095857,0.099228
32.755135,1791356073.223919,0.754529,-0.829652,0.750152,-0.702729,1.027471,0.098459
32.775385,1791356073.243309,0.740043,-0.809391,0.752156,-0.745399,0.998310,0.101277
32.795414,1791356073.262798,0.723291,-0.784687,0.754705,-0.793388,0.982015,0.105883
32.816611,1791356073.284262,0.721982,-0.788251,0.754872,-0.780452,0.885223,0.102092
32.838835,1791356073.304186,0.698302,-0.758359,0.758298,-0.847000,0.884524,0.110162
32.855438,1791356073.323932,0.676274,-0.732339,0.761535,-0.902610,0.872653,0.115495
32.875499,1791356073.343913,0.657828,-0.715266,0.763924,-0.941680,0.834243,0.123502
32.895343,1791356073.363142,0.638611,-0.698974,0.766470,-0.979764,0.794562,0.131114
32.915373,1791356073.383455,0.630454,-0.690324,0.767812,-0.979048,0.736724,0.133848
32.936884,1791356073.404041,0.610512,-0.676011,0.770574,-1.014731,0.694373,0.141720
32.956107,1791356073.423514,0.600383,-0.666015,0.772237,-1.015504,0.645057,0.139401
32.975559,1791356073.445293,0.569587,-0.640544,0.776896,-1.081385,0.636484,0.148215
32.995466,1791356073.462809,0.538784,-0.617437,0.781497,-1.141508,0.621230,0.155945
33.015673,1791356073.484191,0.538332,-0.618512,0.781692,-1.099271,0.543125,0.152622
33.035716,1791356073.504213,0.506942,-0.598377,0.786380,-1.155999,0.521593,0.162516
33.056314,1791356073.524196,0.475111,-0.579920,0.791104,-1.209726,0.496807,0.168461
33.075236,1791356073.546201,0.444280,-0.563624,0.795717,-1.256400,0.467024,0.173714
33.095920,1791356073.565065,0.418904,-0.554770,0.799199,-1.280771,0.418014,0.174633
33.115660,1791356073.583982,0.386722,-0.540425,0.803938,-1.323549,0.385446,0.179092
33.135534,1791356073.603417,0.360040,-0.533220,0.807527,-1.344052,0.334879,0.179464
33.155207,1791356073.623697,0.328842,-0.521510,0.812055,-1.375621,0.298800,0.181178
33.175671,1791356073.644368,0.297342,-0.511356,0.816651,-1.404216,0.259780,0.183058
33.195692,1791356073.663745,0.265201,-0.502819,0.821226,-1.430777,0.217646,0.183928
33.215290,1791356073.685971,0.234195,-0.496070,0.825605,-1.449961,0.172732,0.182542
33.235264,1791356073.706813,0.205096,-0.493149,0.829204,-1.459420,0.119301,0.177075
33.255526,1791356073.724363,0.175831,-0.491302,0.832687,-1.466544,0.065316,0.170919
33.280105,1791356073.743957,0.145076,-0.488137,0.836832,-1.475817,0.017361,0.167355
33.294755,1791356073.764729,0.115577,-0.486571,0.840488,-1.478170,-0.031398,0.159200
33.314948,1791356073.786944,0.087711,-0.486404,0.843879,-1.472679,-0.080992,0.151661
33.335189,1791356073.803443,0.056756,-0.487938,0.847382,-1.473836,-0.132961,0.144370
33.355140,1791356073.823408,0.027336,-0.491128,0.850177,-1.467525,-0.186029,0.135451
33.375106,1791356073.843074,0.006860,-0.493674,0.852338,-1.431959,-0.231890,0.126836
33.395805,1791356073.864225,-0.022326,-0.499254,0.855165,-1.421206,-0.286062,0.120863
33.415584,1791356073.884265,-0.050142,-0.505775,0.857742,-1.403877,-0.339751,0.117265
33.435763,1791356073.903466,-0.078037,-0.513099,0.860053,-1.385190,-0.392174,0.112892
33.454919,1791356073.923598,-0.103598,-0.521624,0.862226,-1.358395,-0.443909,0.107363
33.475342,1791356073.946218,-0.130537,-0.531020,0.864328,-1.335050,-0.495516,0.102823
33.495580,1791356073.964985,-0.151466,-0.540519,0.865966,-1.293834,-0.542083,0.096414
33.515515,1791356073.984502,-0.176581,-0.553511,0.867879,-1.264506,-0.597221,0.092341
33.535231,1791356074.003955,-0.200283,-0.567177,0.869618,-1.230767,-0.649898,0.086896
33.556596,1791356074.026953,-0.222311,-0.581473,0.871197,-1.191262,-0.700446,0.083145
33.580941,1791356074.044767,-0.244496,-0.597343,0.872669,-1.152565,-0.750973,0.077042
33.595571,1791356074.063430,-0.266639,-0.614751,0.874010,-1.113703,-0.802364,0.073065
33.615916,1791356074.064269,-0.287343,-0.632662,0.875243,-1.071350,-0.850558,0.068973
33.635313,1791356074.104170,-0.308367,-0.650110,0.876610,-1.030624,-0.893913,0.067598
33.655726,1791356074.125844,-0.307064,-0.653802,0.876531,-0.927762,-0.884861,0.060944
33.675915,1791356074.142840,-0.326840,-0.675829,0.877632,-0.886877,-0.936367,0.057102
33.695570,1791356074.164747,-0.344909,-0.698048,0.878578,-0.841963,-0.984439,0.054904
33.715702,1791356074.184409,-0.362479,-0.721768,0.879562,-0.796812,-1.033187,0.054645
33.739546,1791356074.203329,-0.379397,-0.746955,0.880541,-0.751768,-1.082343,0.054079
33.755741,1791356074.224117,-0.394809,-0.772202,0.881464,-0.704687,-1.127524,0.053088
33.775315,1791356074.243782,-0.408411,-0.795093,0.882523,-0.655080,-1.161259,0.053189
33.796044,1791356074.265257,-0.419531,-0.817860,0.883169,-0.601348,-1.190256,0.049623
33.815753,1791356074.283599,-0.430959,-0.843661,0.883850,-0.550562,-1.225828,0.047215
33.835176,1791356074.303339,-0.441470,-0.868460,0.884766,-0.500107,-1.253702,0.045131
33.855274,1791356074.325718,-0.451202,-0.896210,0.885440,-0.448505,-1.287300,0.044876
33.875645,1791356074.344698,-0.460209,-0.925362,0.886141,-0.397165,-1.321030,0.043919
33.895262,1791356074.363853,-0.467442,-0.952316,0.886727,-0.343699,-1.343591,0.042613
33.915864,1791356074.383102,-0.474376,-0.982397,0.887455,-0.290838,-1.373049,0.043634
33.935308,1791356074.408359,-0.480023,-1.011653,0.888186,-0.237636,-1.395891,0.042784
33.955647,1791356074.423466,-0.484231,-1.038735,0.888819,-0.183792,-1.407669,0.040964
33.975334,1791356074.443555,-0.487950,-1.070537,0.889606,-0.130163,-1.431255,0.040455
33.995895,1791356074.464482,-0.490007,-1.099262,0.890400,-0.075507,-1.440551,0.038891
34.015664,1791356074.483549,-0.491383,-1.128485,0.891055,-0.021090,-1.448372,0.038723
34.035152,1791356074.504912,-0.491722,-1.158807,0.891807,0.033502,-1.456755,0.036929
34.055880,1791356074.523610,-0.490922,-1.190017,0.892550,0.089214,-1.465173,0.035690
34.075011,1791356074.543698,-0.489099,-1.219902,0.893316,0.144918,-1.466551,0.035900
34.095608,1791356074.564014,-0.486228,-1.248886,0.894082,0.199431,-1.462484,0.034700
34.115482,1791356074.583536,-0.482163,-1.278728,0.894917,0.253606,-1.458943,0.032462
34.135718,1791356074.605027,-0.476531,-1.307827,0.895573,0.309540,-1.450428,0.033006
34.155386,1791356074.625709,-0.470106,-1.338169,0.896359,0.363568,-1.443889,0.031463
34.175405,1791356074.644685,-0.462295,-1.366916,0.896966,0.417500,-1.430123,0.029783
34.195536,1791356074.663954,-0.456407,-1.388159,0.897567,0.459059,-1.390966,0.028597
34.215065,1791356074.685031,-0.446695,-1.415785,0.898154,0.511808,-1.370997,0.029857
34.238332,1791356074.703779,-0.435891,-1.445649,0.899252,0.565040,-1.356107,0.033213
34.255570,1791356074.723804,-0.425437,-1.471563,0.900258,0.612204,-1.327511,0.035958
34.276026,1791356074.744411,-0.412685,-1.497832,0.900986,0.662899,-1.298645,0.037306
34.295634,1791356074.763115,-0.398926,-1.523494,0.901740,0.712546,-1.267093,0.037574
34.315662,1791356074.784925,-0.390739,-1.538473,0.902550,0.738154,-1.204352,0.037236
34.335450,1791356074.804132,-0.375497,-1.562197,0.903318,0.785668,-1.167626,0.039063
34.355916,1791356074.823652,-0.374033,-1.560793,0.903524,0.779816,-1.060813,0.035528
34.374939,1791356074.843975,-0.368909,-1.567234,0.904094,0.785180,-0.980303,0.029719
34.395518,1791356074.862911,-0.352784,-1.586415,0.904625,0.826856,-0.937512,0.022497
34.416020,1791356074.884238,-0.332226,-1.612557,0.906151,0.881440,-0.915112,0.017038
34.435717,1791356074.902813,-0.314182,-1.630412,0.906401,0.922684,-0.869950,0.008090
34.455597,1791356074.924462,-0.291638,-1.654529,0.907561,0.976544,-0.843621,0.002495
34.475990,1791356074.943538,-0.267911,-1.677275,0.908270,1.030039,-0.815730,-0.007567
34.495323,1791356074.964228,-0.244512,-1.697618,0.908581,1.078488,-0.783700,-0.021252
34.515846,1791356074.987732,-0.219691,-1.717069,0.908456,1.127520,-0.751279,-0.037015
34.536969,1791356075.004170,-0.193527,-1.735580,0.907865,1.176086,-0.718494,-0.055258
34.556595,1791356075.026415,-0.169376,-1.751320,0.906916,1.213501,-0.680591,-0.074417
34.575353,1791356075.046669,-0.143686,-1.766414,0.905490,1.250780,-0.643083,-0.094510
34.595588,1791356075.064790,-0.116326,-1.780867,0.903555,1.288597,-0.604649,-0.112063
34.615421,1791356075.084638,-0.090607,-1.793252,0.901469,1.316459,-0.561504,-0.126940
34.636277,1791356075.103667,-0.064012,-1.804016,0.898776,1.342492,-0.514431,-0.142281
34.655300,1791356075.123813,-0.058716,-1.805080,0.897865,1.294871,-0.445287,-0.152778
34.675754,1791356075.146902,-0.032621,-1.813492,0.894649,1.314010,-0.395873,-0.169557
34.695872,1791356075.164632,-0.006171,-1.820908,0.891082,1.330481,-0.345371,-0.186690
34.715147,1791356075.183928,0.002125,-1.822661,0.889652,1.286143,-0.285248,-0.195479
34.736338,1791356075.203952,0.035876,-1.830725,0.885065,1.320958,-0.238524,-0.209223
34.755312,1791356075.226885,0.062376,-1.834964,0.880747,1.328542,-0.185244,-0.222333
34.774996,1791356075.243431,0.099158,-1.840778,0.875154,1.364956,-0.135877,-0.236940
34.795574,1791356075.264163,0.131786,-1.844725,0.869931,1.385657,-0.084429,-0.248834
34.815677,1791356075.284745,0.164987,-1.847201,0.864354,1.405188,-0.030753,-0.259171
34.835938,1791356075.304078,0.198666,-1.848283,0.858510,1.423265,0.025223,-0.265718
34.856084,1791356075.324661,0.230991,-1.847952,0.852681,1.434106,0.081883,-0.271486
34.875575,1791356075.343884,0.261797,-1.846387,0.847023,1.437508,0.138959,-0.274217
34.894796,1791356075.364326,0.293523,-1.843336,0.841132,1.440963,0.197810,-0.274281
34.915393,1791356075.383920,0.323762,-1.839102,0.835466,1.437474,0.255695,-0.272771
34.935252,1791356075.403581,0.354503,-1.833355,0.829747,1.433236,0.314465,-0.267293
34.956106,1791356075.423873,0.383040,-1.826493,0.824491,1.419816,0.371532,-0.257875
34.975792,1791356075.445458,0.413878,-1.818351,0.819027,1.411630,0.428467,-0.247998
34.999578,1791356075.464615,0.441931,-1.809232,0.814183,1.393142,0.483184,-0.236393
35.015126,1791356075.483684,0.469895,-1.798983,0.809479,1.373091,0.536930,-0.224572
35.035886,1791356075.503968,0.496594,-1.787901,0.805122,1.348455,0.587687,-0.213788
35.055724,1791356075.527292,0.521671,-1.776240,0.801111,1.318601,0.634372,-0.205400
35.075463,1791356075.544665,0.547775,-1.763068,0.797106,1.291217,0.682522,-0.194796
35.095919,1791356075.564510,0.570627,-1.750084,0.793598,1.253255,0.724118,-0.186002
35.115942,1791356075.587397,0.595373,-1.735158,0.789945,1.220795,0.768153,-0.179281
35.135562,1791356075.606620,0.619444,-1.719363,0.786446,1.185820,0.811037,-0.169791
35.155843,1791356075.625242,0.642792,-1.702720,0.783186,1.148743,0.852722,-0.156457
35.175273,1791356075.627527,0.624094,-1.711186,0.786068,0.991757,0.797114,-0.128739
35.195101,1791356075.663923,0.643531,-1.694894,0.783597,0.951777,0.831690,-0.118403
35.216581,1791356075.684688,0.667518,-1.673090,0.780338,0.925299,0.882589,-0.106948
35.235718,1791356075.703709,0.685613,-1.655106,0.778313,0.884209,0.915283,-0.096759
35.255212,1791356075.724486,0.702880,-1.636479,0.776490,0.842076,0.947237,-0.084774
35.274802,1791356075.743945,0.686630,-1.645128,0.779055,0.711962,0.880885,-0.065165
35.295821,1791356075.763394,0.698636,-1.632156,0.777327,0.664063,0.892214,-0.058437
35.315781,1791356075.784308,0.711471,-1.614043,0.776236,0.619298,0.918836,-0.050752
35.335690,1791356075.804074,0.722613,-1.602941,0.774158,0.574568,0.922085,-0.047846
35.357233,1791356075.824066,0.733645,-1.584236,0.773298,0.528424,0.948255,-0.037936
35.375398,1791356075.843367,0.756905,-1.549734,0.770719,0.514955,1.024880,-0.031591
35.395629,1791356075.866717,0.766741,-1.528956,0.770196,0.468594,1.052710,-0.020648
35.415811,1791356075.884184,0.775653,-1.507619,0.769891,0.422351,1.080902,-0.009347
35.435546,1791356075.904133,0.783639,-1.485712,0.769836,0.376181,1.109652,0.003695
35.455588,1791356075.924868,0.790709,-1.463228,0.770037,0.330724,1.138585,0.016636
35.476086,1791356075.947321,0.802144,-1.449279,0.768396,0.303217,1.141904,0.026232
35.494900,1791356075.964534,0.825127,-1.398924,0.766993,0.300083,1.253694,0.035934
35.515462,1791356075.984399,0.830697,-1.373558,0.767861,0.256935,1.282483,0.050203
35.535752,1791356076.003957,0.847657,-1.334800,0.767025,0.245625,1.349427,0.056764
35.556178,1791356076.024000,0.852151,-1.307541,0.768285,0.203484,1.376114,0.069323
35.575877,1791356076.046759,0.851566,-1.315520,0.768093,0.159165,1.296730,0.076996
35.596427,1791356076.064060,0.854330,-1.289393,0.769707,0.116953,1.315368,0.083882
35.615426,1791356076.083856,0.865285,-1.263319,0.769233,0.099083,1.331125,0.083592
35.635617,1791356076.104655,0.878529,-1.207661,0.770827,0.079916,1.426645,0.089843
35.655936,1791356076.123897,0.879685,-1.179030,0.772692,0.035430,1.435833,0.097084
35.675797,1791356076.125443,0.889706,-1.132862,0.774284,0.013163,1.493034,0.102364
35.694896,1791356076.163993,0.889514,-1.102949,0.776381,-0.032605,1.497810,0.107220
35.715663,1791356076.183712,0.888394,-1.072967,0.778562,-0.079510,1.499916,0.110670
35.735486,1791356076.207126,0.886327,-1.042973,0.780796,-0.127530,1.498856,0.113294
35.755558,1791356076.223791,0.895191,-1.025670,0.780667,-0.139558,1.460803,0.107663
35.775457,1791356076.243663,0.900593,-1.011139,0.780853,-0.159930,1.412728,0.105118
35.795368,1791356076.263993,0.896919,-0.983011,0.782982,-0.207456,1.399434,0.107952
35.815468,1791356076.285314,0.897927,-0.929617,0.786580,-0.246534,1.453843,0.114210
35.835600,1791356076.304243,0.895885,-0.878282,0.790406,-0.291013,1.498060,0.119335
35.855168,1791356076.325158,0.892247,-0.832558,0.794013,-0.336614,1.523230,0.123479
35.875145,1791356076.344964,0.887369,-0.791333,0.797443,-0.382538,1.533809,0.126672
35.896080,1791356076.363877,0.881244,-0.753371,0.800699,-0.428911,1.533051,0.128029
35.915467,1791356076.384584,0.872588,-0.714349,0.804187,-0.480191,1.533057,0.128950
35.935717,1791356076.403920,0.863728,-0.680157,0.807343,-0.527275,1.518434,0.126244
35.955710,1791356076.425533,0.853200,-0.646542,0.810441,-0.575575,1.500860,0.122812
35.975240,1791356076.444546,0.841199,-0.616828,0.812863,-0.624128,1.469978,0.119205
35.995665,1791356076.463754,0.828075,-0.583243,0.816348,-0.673101,1.449021,0.119726
36.015182,1791356076.484277,0.814150,-0.554622,0.818703,-0.718844,1.412603,0.115606
36.035584,1791356076.505807,0.799690,-0.527420,0.821510,-0.762064,1.371243,0.114217
36.055727,1791356076.523880,0.786788,-0.505425,0.823761,-0.794893,1.314534,0.110518
36.074932,1791356076.544432,0.770479,-0.479576,0.825944,-0.835622,1.269834,0.108189
36.095972,1791356076.564514,0.766237,-0.475388,0.826604,-0.830254,1.162728,0.103225
36.115330,1791356076.584029,0.749275,-0.452626,0.828633,-0.865371,1.113075,0.099664
36.135508,1791356076.603702,0.742408,-0.446745,0.829965,-0.861187,1.014923,0.095215
36.155486,1791356076.623734,0.724870,-0.426990,0.831846,-0.892032,0.960390,0.092723
36.175622,1791356076.643783,0.705253,-0.410912,0.834088,-0.925780,0.895831,0.092785
36.195332,1791356076.664392,0.686450,-0.393560,0.835898,-0.953987,0.839259,0.087859
36.215383,1791356076.683382,0.667090,-0.377352,0.837622,-0.981552,0.781246,0.084824
36.235489,1791356076.705204,0.647183,-0.362320,0.839308,-1.008629,0.721847,0.083554
36.258260,1791356076.724384,0.626745,-0.348472,0.840938,-1.034817,0.662716,0.079605
36.275331,1791356076.744415,0.619283,-0.350143,0.841760,-1.017463,0.566450,0.073121
36.296182,1791356076.764514,0.583855,-0.337866,0.844262,-1.085854,0.507134,0.072636
36.315294,1791356076.785886,0.551527,-0.327980,0.846285,-1.141662,0.445327,0.072488
36.336198,1791356076.803756,0.521137,-0.320204,0.847896,-1.188453,0.383356,0.067052
36.355322,1791356076.828292,0.493854,-0.314443,0.849214,-1.223181,0.320527,0.061202
36.376412,1791356076.844252,0.469136,-0.308610,0.850386,-1.248201,0.262700,0.055974
36.396532,1791356076.864612,0.463165,-0.310232,0.850370,-1.213207,0.193522,0.046392
36.414780,1791356076.886706,0.438685,-0.306916,0.851215,-1.234280,0.137977,0.037971
36.435339,1791356076.904634,0.413800,-0.304706,0.851898,-1.253683,0.082918,0.030491
36.455412,1791356076.924060,0.401903,-0.306249,0.851921,-1.231533,0.025305,0.022258
36.475367,1791356076.944504,0.351910,-0.308247,0.852630,-1.319961,-0.042598,0.017587
36.496719,1791356076.964726,0.315704,-0.310630,0.852965,-1.362421,-0.103453,0.011693
36.514904,1791356076.983948,0.279255,-0.314546,0.853168,-1.401455,-0.165765,0.005853
36.535197,1791356077.004096,0.244192,-0.319399,0.853180,-1.432383,-0.227976,0.001364
36.555664,1791356077.026441,0.215462,-0.324534,0.853148,-1.440059,-0.285876,-0.004074
36.575746,1791356077.046448,0.186027,-0.330554,0.852889,-1.442718,-0.345081,-0.008534
36.594920,1791356077.064626,0.157146,-0.338030,0.852667,-1.444734,-0.402361,-0.014026
36.615277,1791356077.084219,0.148774,-0.342350,0.852385,-1.383309,-0.440486,-0.017235
36.635329,1791356077.103283,0.121154,-0.351706,0.852003,-1.378001,-0.495179,-0.020414
36.655378,1791356077.124395,0.093675,-0.362153,0.851591,-1.369253,-0.549517,-0.020271
36.675958,1791356077.145081,0.066404,-0.373682,0.851207,-1.357115,-0.603203,-0.018213
36.695986,1791356077.163914,0.059260,-0.376585,0.851015,-1.283625,-0.620018,-0.016174
36.715603,1791356077.184807,0.043369,-0.382879,0.850688,-1.236891,-0.647967,-0.012281
36.735501,1791356077.204206,0.018852,-0.396338,0.850484,-1.214178,-0.697782,-0.007850
36.756178,1791356077.226173,-0.024538,-0.417875,0.850069,-1.242178,-0.775137,0.000093
36.775753,1791356077.244662,-0.066626,-0.441161,0.849888,-1.258727,-0.851325,0.004885
36.796235,1791356077.264862,-0.103543,-0.463116,0.849832,-1.263012,-0.918156,0.010519
36.814814,1791356077.283616,-0.095180,-0.462083,0.850250,-1.136365,-0.899087,0.019829
36.835961,1791356077.304288,-0.130625,-0.486153,0.850528,-1.137971,-0.966701,0.025275
36.862998,1791356077.324058,-0.164875,-0.511433,0.851002,-1.134966,-1.033862,0.033487
36.875035,1791356077.344529,-0.197827,-0.537920,0.851650,-1.126978,-1.098973,0.040615
36.898742,1791356077.363300,-0.228093,-0.564052,0.852448,-1.110444,-1.157484,0.048183
36.915778,1791356077.384216,-0.256002,-0.590077,0.853393,-1.086344,-1.209939,0.054604
36.935416,1791356077.403931,-0.277288,-0.614697,0.854552,-1.041820,-1.251669,0.061599
36.955841,1791356077.424029,-0.302221,-0.641162,0.855676,-1.009937,-1.295221,0.065080
36.975532,1791356077.443904,-0.321945,-0.667448,0.857053,-0.962191,-1.332684,0.072019
36.995403,1791356077.465882,-0.342253,-0.691781,0.858247,-0.918348,-1.358999,0.076145
37.014902,1791356077.487422,-0.347875,-0.699768,0.858639,-0.835014,-1.325410,0.076701
37.035616,1791356077.504573,-0.364056,-0.726546,0.860237,-0.782947,-1.351616,0.082669
37.055948,1791356077.525030,-0.379185,-0.753816,0.861952,-0.729688,-1.374818,0.088975
37.076225,1791356077.544128,-0.393235,-0.781524,0.863805,-0.675018,-1.395350,0.096406
37.096102,1791356077.564212,-0.398584,-0.789425,0.864334,-0.602487,-1.350073,0.098765
37.115069,1791356077.583948,-0.417029,-0.824968,0.867182,-0.564335,-1.391491,0.106166
37.135556,1791356077.604695,-0.433324,-0.860459,0.870141,-0.522253,-1.428657,0.111046
37.155301,1791356077.623297,-0.447734,-0.896279,0.873200,-0.475650,-1.462795,0.117504
37.174954,1791356077.643783,-0.459918,-0.930742,0.876190,-0.425453,-1.488575,0.120950
37.195683,1791356077.666528,-0.467841,-0.960604,0.878616,-0.367042,-1.497074,0.120436
37.215748,1791356077.685759,-0.467817,-0.961938,0.878793,-0.297126,-1.413319,0.108557
37.235223,1791356077.706528,-0.473182,-0.990246,0.880919,-0.239480,-1.416932,0.103897
37.263736,1791356077.723663,-0.477393,-1.018605,0.882950,-0.181669,-1.418335,0.099127
37.274955,1791356077.745843,-0.479552,-1.031144,0.883972,-0.126412,-1.369864,0.091214
37.295843,1791356077.746636,-0.484090,-1.070730,0.887363,-0.072345,-1.402452,0.092771
37.315485,1791356077.785748,-0.486600,-1.111661,0.890711,-0.014830,-1.434638,0.093585
37.335719,1791356077.806654,-0.486298,-1.140279,0.892574,0.045017,-1.426629,0.092897
37.355513,1791356077.823740,-0.484801,-1.168720,0.894416,0.104439,-1.416958,0.090682
37.375229,1791356077.844383,-0.482122,-1.196951,0.896195,0.163452,-1.405606,0.087454
37.395613,1791356077.863410,-0.478255,-1.224939,0.897926,0.223037,-1.392685,0.085304
37.415149,1791356077.884377,-0.478439,-1.229835,0.898834,0.258509,-1.314410,0.072487
37.435727,1791356077.903881,-0.472700,-1.255976,0.900149,0.315239,-1.299333,0.058662
37.454910,1791356077.924017,-0.470789,-1.267207,0.900997,0.352579,-1.243556,0.042029
37.475055,1791356077.943914,-0.459051,-1.313369,0.903811,0.425367,-1.284102,0.031443
37.495996,1791356077.964480,-0.447840,-1.351807,0.905816,0.488673,-1.301922,0.016692
37.515534,1791356077.984149,-0.437525,-1.377656,0.906002,0.542739,-1.282427,0.002332
37.535291,1791356078.006309,-0.438271,-1.362507,0.904388,0.548678,-1.151812,-0.017433
37.555583,1791356078.025859,-0.426784,-1.385295,0.903906,0.599630,-1.126562,-0.031480
37.575679,1791356078.027335,-0.414295,-1.407561,0.903105,0.648976,-1.099512,-0.048633
37.595130,1791356078.063805,-0.408192,-1.425764,0.904061,0.674691,-1.062136,-0.062036
37.615999,1791356078.084224,-0.384859,-1.469942,0.904192,0.755106,-1.093076,-0.075977
37.635772,1791356078.103667,-0.362556,-1.508298,0.903738,0.827016,-1.105721,-0.087901
37.656044,1791356078.125839,-0.345526,-1.530074,0.901852,0.875662,-1.071273,-0.100878
37.675384,1791356078.144146,-0.325611,-1.560686,0.901151,0.931499,-1.059990,-0.109977
37.695510,1791356078.167668,-0.306511,-1.581493,0.898827,0.978115,-1.020143,-0.122270
37.715262,1791356078.187101,-0.286494,-1.601480,0.896264,1.023256,-0.977931,-0.133447
37.735085,1791356078.204937,-0.279177,-1.612306,0.896381,1.025597,-0.914774,-0.137836
37.755243,1791356078.224391,-0.269044,-1.626150,0.896140,1.032019,-0.862609,-0.144810
37.776127,1791356078.245378,-0.248039,-1.642965,0.893113,1.068069,-0.818463,-0.157180
37.795029,1791356078.266490,-0.211346,-1.676614,0.889397,1.148263,-0.817605,-0.171618
37.815171,1791356078.283505,-0.177099,-1.705517,0.885616,1.214491,-0.804325,-0.185380
37.835333,1791356078.304438,-0.178173,-1.703537,0.885771,1.165136,-0.712552,-0.187108
37.855614,1791356078.325583,-0.141519,-1.729698,0.880997,1.231542,-0.693021,-0.199089
37.875626,1791356078.343808,-0.116643,-1.743040,0.876933,1.255564,-0.640833,-0.206611
37.895696,1791356078.363964,-0.082484,-1.764638,0.872324,1.305872,-0.611216,-0.212637
37.916022,1791356078.384129,-0.056152,-1.776316,0.868036,1.326617,-0.556448,-0.216352
37.935630,1791356078.404045,-0.020699,-1.795277,0.863088,1.371882,-0.522087,-0.221728
37.955615,1791356078.425802,0.006903,-1.805153,0.858632,1.387731,-0.465378,-0.223538
37.975311,1791356078.443671,0.034793,-1.813887,0.854152,1.400560,-0.407612,-0.223771
37.996279,1791356078.465507,0.062908,-1.821449,0.849698,1.410340,-0.348352,-0.221149
38.015441,1791356078.484567,0.070806,-1.827959,0.849217,1.356859,-0.293870,-0.205730
38.035349,1791356078.505535,0.116005,-1.841050,0.842710,1.414846,-0.251191,-0.206673
38.055729,1791356078.523608,0.144333,-1.845471,0.838642,1.417389,-0.190819,-0.199807
38.075391,1791356078.543978,0.196145,-1.858021,0.831240,1.487130,-0.150425,-0.202874
38.095828,1791356078.564842,0.233082,-1.863026,0.826065,1.507253,-0.095319,-0.198722
38.115310,1791356078.583883,0.263183,-1.864318,0.822188,1.501950,-0.034143,-0.189471
38.135145,1791356078.608007,0.276451,-1.865896,0.820641,1.442984,0.018670,-0.170691
38.155495,1791356078.624376,0.305178,-1.864920,0.817350,1.428976,0.078665,-0.158641
38.175614,1791356078.644004,0.333594,-1.862756,0.814281,1.412055,0.137512,-0.147997
38.195352,1791356078.663791,0.361647,-1.859421,0.811433,1.392570,0.195773,-0.136742
38.215044,1791356078.683832,0.371692,-1.858894,0.810190,1.320544,0.236517,-0.121427
38.235441,1791356078.704434,0.411338,-1.851871,0.805565,1.335076,0.302199,-0.115615
38.255608,1791356078.727419,0.446995,-1.843769,0.801630,1.336634,0.365787,-0.107624
38.275506,1791356078.746845,0.477854,-1.835329,0.798440,1.323506,0.425343,-0.096389
38.295100,1791356078.765095,0.504063,-1.826261,0.796645,1.296951,0.481184,-0.083420
38.315527,1791356078.784940,0.529731,-1.816085,0.795087,1.269681,0.535890,-0.073680
38.334848,1791356078.803919,0.534495,-1.813641,0.794443,1.182756,0.556802,-0.062585
38.355427,1791356078.824096,0.557851,-1.801984,0.793265,1.152470,0.608605,-0.055666
38.375550,1791356078.825681,0.570620,-1.794652,0.791968,1.094291,0.640245,-0.051719
38.395278,1791356078.863445,0.599954,-1.776476,0.789404,1.083477,0.706510,-0.051098
38.415594,1791356078.885889,0.629669,-1.755773,0.787023,1.073789,0.776212,-0.050334
38.435251,1791356078.907745,0.656608,-1.735128,0.784969,1.056840,0.840255,-0.051211
38.455776,1791356078.924491,0.677408,-1.717833,0.783983,1.022921,0.888789,-0.048171
38.475354,1791356078.944379,0.699985,-1.697328,0.782160,0.994931,0.943450,-0.049137
38.495589,1791356078.965181,0.719536,-1.678004,0.781162,0.959798,0.988586,-0.050796
38.515087,1791356078.983819,0.737251,-1.658671,0.779520,0.919666,1.029545,-0.050703
38.535213,1791356079.004707,0.760140,-1.630900,0.777606,0.894403,1.092108,-0.055423
38.555303,1791356079.024721,0.765225,-1.622293,0.776837,0.821527,1.086954,-0.056107
38.575467,1791356079.043875,0.785173,-1.593724,0.774984,0.789902,1.144142,-0.060291
38.595566,1791356079.067109,0.802867,-1.565864,0.773204,0.752254,1.194369,-0.061394
38.616317,1791356079.088096,0.819784,-1.536696,0.771481,0.713127,1.243737,-0.060123
38.635196,1791356079.103806,0.835665,-1.506382,0.769795,0.672891,1.291813,-0.059646
38.655752,1791356079.123418,0.849796,-1.476568,0.768256,0.628999,1.333937,-0.057595
38.675336,1791356079.144954,0.862286,-1.447186,0.766856,0.581572,1.370488,-0.053359
38.694710,1791356079.166981,0.873793,-1.416622,0.765516,0.532905,1.406195,-0.050277
38.714877,1791356079.184462,0.883950,-1.388255,0.764540,0.482592,1.429821,-0.047370
38.735652,1791356079.205519,0.893086,-1.359446,0.763643,0.430646,1.450509,-0.041994
38.755958,1791356079.205519,0.893086,-1.359446,0.763643,0.430646,1.450509,-0.041994
38.775723,1791356079.244910,0.906060,-1.304219,0.762180,0.318180,1.471118,-0.027887
38.795452,1791356079.264647,0.911874,-1.274685,0.761696,0.262761,1.481708,-0.019387
38.815314,1791356079.284453,0.916556,-1.244970,0.761439,0.205368,1.489036,-0.006795
38.835522,1791356079.304352,0.913822,-1.240986,0.761663,0.136714,1.411337,0.005621
38.855334,1791356079.326049,0.909324,-1.243912,0.762293,0.070524,1.312587,0.018779
38.875474,1791356079.346487,0.909439,-1.206179,0.762557,0.006917,1.340130,0.034172
38.895850,1791356079.366728,0.908143,-1.171487,0.763115,-0.056286,1.355511,0.048320
38.915077,1791356079.386132,0.906426,-1.144477,0.764243,-0.115493,1.345005,0.064703
38.935123,1791356079.403813,0.901251,-1.103024,0.765318,-0.186504,1.376936,0.080700
38.955666,1791356079.423731,0.896756,-1.113456,0.766437,-0.232382,1.249532,0.092302
38.975624,1791356079.445919,0.890416,-1.078802,0.768313,-0.297280,1.266117,0.106527
38.994714,1791356079.466041,0.883898,-1.053603,0.770559,-0.354602,1.253388,0.119266
39.015154,1791356079.483953,0.874651,-1.018921,0.773047,-0.418485,1.270100,0.128527
39.035590,1791356079.503463,0.865734,-0.993637,0.775696,-0.473142,1.258097,0.136455
39.055362,1791356079.524627,0.862600,-0.985554,0.776318,-0.499919,1.195043,0.139670
39.075840,1791356079.543978,0.852080,-0.961783,0.779184,-0.551817,1.181733,0.146425
39.095455,1791356079.564909,0.840535,-0.938285,0.782166,-0.602625,1.167655,0.152034
39.115228,1791356079.588018,0.827981,-0.915083,0.785269,-0.652546,1.152108,0.158104
39.135195,1791356079.605379,0.822028,-0.901257,0.786182,-0.675033,1.110665,0.154159
39.155643,1791356079.624881,0.801235,-0.862149,0.790288,-0.747063,1.139565,0.156724
39.175973,1791356079.644205,0.780890,-0.827172,0.794182,-0.811879,1.154129,0.157755
39.195591,1791356079.664007,0.764976,-0.800654,0.797100,-0.857425,1.143202,0.157598
39.214797,1791356079.664843,0.747364,-0.778026,0.800250,-0.903522,1.119130,0.156951
39.234820,1791356079.704944,0.723212,-0.745378,0.804271,-0.967932,1.121671,0.157154
39.255780,1791356079.725629,0.701161,-0.717522,0.807771,-1.019952,1.109582,0.153961
39.275440,1791356079.745282,0.676160,-0.688825,0.811472,-1.076600,1.097875,0.151784
39.295099,1791356079.765238,0.653103,-0.664174,0.814774,-1.122153,1.073999,0.148825
39.315084,1791356079.787395,0.628676,-0.640127,0.818049,-1.167459,1.047451,0.146031
39.335475,1791356079.804545,0.602973,-0.616919,0.821311,-1.211974,1.017741,0.143105
39.355371,1791356079.823459,0.577868,-0.595917,0.824341,-1.249848,0.981267,0.140236
39.375886,1791356079.844655,0.551320,-0.575586,0.827485,-1.287764,0.942926,0.137209
39.395341,1791356079.845580,0.525243,-0.557160,0.830193,-1.319425,0.899317,0.133762
39.415530,1791356079.885351,0.498939,-0.540073,0.832958,-1.347545,0.852110,0.132497
39.435728,1791356079.904309,0.471388,-0.523637,0.835796,-1.375440,0.803472,0.131958
39.455288,1791356079.924513,0.443633,-0.508059,0.838398,-1.399506,0.753839,0.128815
39.475021,1791356079.947646,0.439152,-0.507644,0.838660,-1.343077,0.665083,0.118234
39.495827,1791356079.964133,0.412110,-0.494872,0.841006,-1.360464,0.611965,0.116105
39.515004,1791356079.985003,0.384745,-0.483174,0.843309,-1.375541,0.557650,0.114067
39.534961,1791356080.004089,0.357097,-0.472580,0.845589,-1.388710,0.501659,0.113673
39.555426,1791356080.024871,0.355786,-0.474378,0.845779,-1.314974,0.419026,0.104019
39.575373,1791356080.044523,0.325323,-0.466798,0.848646,-1.335375,0.359545,0.104625
39.595649,1791356080.063512,0.291972,-0.459879,0.851582,-1.361942,0.300216,0.104779
39.622884,1791356080.083682,0.260352,-0.454633,0.854283,-1.380504,0.239362,0.104501
39.635626,1791356080.105531,0.230087,-0.450965,0.856764,-1.392766,0.177110,0.104654
39.655824,1791356080.125070,0.199093,-0.448782,0.859279,-1.405332,0.114627,0.101959
39.675393,1791356080.146086,0.170963,-0.447901,0.861525,-1.407527,0.052472,0.099950
39.695509,1791356080.166108,0.141947,-0.448401,0.863701,-1.410990,-0.009766,0.097096
39.715879,1791356080.184110,0.112271,-0.450255,0.865879,-1.414784,-0.072562,0.096036
39.735693,1791356080.204478,0.083994,-0.452297,0.867800,-1.412434,-0.131539,0.096106
39.755160,1791356080.205391,0.055783,-0.455496,0.869682,-1.408006,-0.188425,0.092673
39.775544,1791356080.244068,0.052403,-0.458668,0.869896,-1.325441,-0.232642,0.084350
39.795808,1791356080.265383,0.026002,-0.463869,0.871564,-1.314015,-0.287348,0.082540
39.815612,1791356080.267411,-0.000137,-0.470168,0.873230,-1.299183,-0.342386,0.084056
39.835242,1791356080.304086,-0.030475,-0.480359,0.875520,-1.294137,-0.406726,0.088091
39.855281,1791356080.323969,-0.056154,-0.489036,0.877316,-1.273097,-0.460648,0.091144
39.875538,1791356080.344558,-0.032680,-0.488450,0.875834,-1.105706,-0.464694,0.081839
39.895333,1791356080.366127,-0.054513,-0.498254,0.877492,-1.077150,-0.515230,0.082903
39.915450,1791356080.383638,-0.075758,-0.509060,0.879140,-1.046753,-0.565233,0.082038
39.935300,1791356080.405015,-0.096375,-0.520868,0.880784,-1.014552,-0.615335,0.082165
39.955401,1791356080.425105,-0.116341,-0.533671,0.882406,-0.981657,-0.664784,0.079908
39.975168,1791356080.444701,-0.127799,-0.540077,0.883056,-0.927937,-0.690964,0.076211
39.995157,1791356080.463983,-0.163360,-0.562705,0.885985,-0.939832,-0.769808,0.079456
40.015510,1791356080.486608,-0.196946,-0.587124,0.888777,-0.946501,-0.848453,0.081551
40.035372,1791356080.504027,-0.226049,-0.610327,0.891247,-0.942132,-0.917265,0.080763
40.055243,1791356080.524564,-0.251947,-0.632997,0.893370,-0.929896,-0.979884,0.080181
40.076283,1791356080.544336,-0.276823,-0.657178,0.895415,-0.915568,-1.041717,0.077164
40.095626,1791356080.565700,-0.284375,-0.666069,0.895954,-0.857136,-1.050271,0.070446
40.115679,1791356080.588047,-0.306816,-0.691546,0.897744,-0.839238,-1.107408,0.065206
40.135845,1791356080.604199,-0.323269,-0.714113,0.898979,-0.805630,-1.148864,0.058537
40.155010,1791356080.628100,-0.339034,-0.737480,0.900096,-0.770438,-1.187310,0.053255
40.175419,1791356080.644876,-0.345261,-0.744722,0.900461,-0.711360,-1.168525,0.047662
40.195872,1791356080.665243,-0.359104,-0.768408,0.901374,-0.672418,-1.199569,0.044106
40.215416,1791356080.684592,-0.365171,-0.777186,0.901700,-0.614781,-1.179966,0.042687
40.236312,1791356080.704383,-0.386524,-0.814298,0.903447,-0.594035,-1.247116,0.046179
40.255111,1791356080.723887,-0.405106,-0.849429,0.905092,-0.566113,-1.303759,0.050065
40.275446,1791356080.744046,-0.401795,-0.846490,0.904990,-0.484252,-1.233782,0.048892
40.294864,1791356080.765792,-0.410989,-0.871370,0.905996,-0.434633,-1.253844,0.052041
40.315253,1791356080.785645,-0.426626,-0.908423,0.907822,-0.401074,-1.310264,0.059403
40.335347,1791356080.804721,-0.440345,-0.945535,0.909674,-0.363781,-1.362358,0.063342
40.354885,1791356080.824731,-0.452312,-0.982806,0.911617,-0.322603,-1.411029,0.068378
40.375680,1791356080.844460,-0.462245,-1.018585,0.913506,-0.277703,-1.451255,0.073540
40.395933,1791356080.865269,-0.467245,-1.047772,0.915010,-0.222264,-1.466933,0.076423
40.415203,1791356080.885085,-0.471130,-1.077255,0.916567,-0.166108,-1.480769,0.079033
40.435717,1791356080.904391,-0.473894,-1.106986,0.918144,-0.110374,-1.491728,0.078079
40.455279,1791356080.926892,-0.475550,-1.136902,0.919670,-0.055176,-1.499162,0.074321
40.476178,1791356080.944635,-0.478194,-1.142090,0.919970,-0.012904,-1.427772,0.070482
40.495831,1791356080.964474,-0.480036,-1.155677,0.920772,0.028995,-1.382953,0.064139
40.515202,1791356080.983529,-0.480835,-1.198057,0.922869,0.079533,-1.422577,0.061760
40.535353,1791356081.005127,-0.479760,-1.239158,0.924804,0.131663,-1.454740,0.056398
40.555727,1791356081.027664,-0.476948,-1.279254,0.926490,0.185940,-1.480830,0.048646
40.575778,1791356081.044803,-0.473227,-1.314501,0.927772,0.238390,-1.490586,0.036469
40.595309,1791356081.064118,-0.471375,-1.304007,0.926897,0.268783,-1.361825,0.016696
40.615491,1791356081.084266,-0.464794,-1.341588,0.927655,0.325955,-1.380678,0.005966
40.635743,1791356081.104409,-0.457759,-1.369065,0.927635,0.377278,-1.366407,-0.008220
40.655162,1791356081.123896,-0.448436,-1.406299,0.927810,0.435027,-1.377913,-0.021126
40.675188,1791356081.145653,-0.438189,-1.440952,0.927677,0.491218,-1.378967,-0.034218
40.695717,1791356081.168200,-0.426351,-1.475254,0.927162,0.549015,-1.375259,-0.044684
40.715390,1791356081.184226,-0.414585,-1.505198,0.926499,0.601504,-1.357795,-0.055434
40.735587,1791356081.205425,-0.402049,-1.532092,0.925256,0.651775,-1.331304,-0.069564
40.754921,1791356081.225106,-0.388517,-1.558453,0.923696,0.701165,-1.304518,-0.086595
40.870863,1791356081.343399,-0.295981,-1.682063,0.910686,0.936804,-1.059466,-0.167140
40.901713,1791356081.366406,-0.272831,-1.705943,0.906911,0.984044,-1.025764,-0.179846
40.921712,1791356081.384535,-0.252813,-1.726020,0.903238,1.017362,-0.981507,-0.186854
40.923244,1791356081.384535,-0.252813,-1.726020,0.903238,1.017362,-0.981507,-0.186854
40.943767,1791356081.405009,-0.230324,-1.745992,0.899505,1.055027,-0.938067,-0.190386
40.963871,1791356081.425459,-0.208909,-1.764294,0.895680,1.086109,-0.891964,-0.192031
40.984057,1791356081.445266,-0.186887,-1.781669,0.891813,1.115684,-0.845131,-0.194167
41.003359,1791356081.463705,-0.182174,-1.782903,0.891446,1.084954,-0.756346,-0.183853
41.023216,1791356081.483698,-0.160229,-1.797539,0.887743,1.109145,-0.707018,-0.186073
41.043850,1791356081.505239,-0.146316,-1.804005,0.885675,1.104855,-0.637764,-0.179416
41.064286,1791356081.524664,-0.114081,-1.819684,0.880448,1.155079,-0.592728,-0.182591
41.084847,1791356081.545373,-0.083453,-1.832855,0.875516,1.196986,-0.542786,-0.183542
41.104005,1791356081.566433,-0.054083,-1.844060,0.870924,1.232064,-0.488935,-0.180606
41.137045,1791356081.604998,-0.024430,-1.848936,0.866919,1.205997,-0.348604,-0.166083
41.145781,1791356081.604998,-0.024430,-1.848936,0.866919,1.205997,-0.348604,-0.166083
41.163746,1791356081.624958,0.008189,-1.857225,0.862029,1.247086,-0.295588,-0.168138
41.190298,1791356081.643771,0.041188,-1.863986,0.857203,1.286369,-0.240643,-0.167372
41.218411,1791356081.686033,0.099577,-1.872339,0.849359,1.330539,-0.129295,-0.162994
41.235011,1791356081.704076,0.109669,-1.872033,0.848031,1.288366,-0.071572,-0.152998
41.243051,1791356081.704076,0.109669,-1.872033,0.848031,1.288366,-0.071572,-0.152998
41.264095,1791356081.725972,0.135513,-1.872922,0.844993,1.295543,-0.017246,-0.150412
41.283919,1791356081.744478,0.161481,-1.872728,0.842007,1.300658,0.036613,-0.148219
41.304826,1791356081.764830,0.187527,-1.871459,0.839064,1.303396,0.090390,-0.145637
41.323498,1791356081.784617,0.195341,-1.870347,0.837624,1.247726,0.134461,-0.137875
41.344085,1791356081.804577,0.220263,-1.867130,0.834902,1.243849,0.187268,-0.133824
41.364267,1791356081.824898,0.255645,-1.863164,0.830227,1.269015,0.242538,-0.134395
41.383790,1791356081.845348,0.280940,-1.857782,0.827598,1.259864,0.295529,-0.128588
41.404149,1791356081.867904,0.306022,-1.851344,0.825076,1.247730,0.348258,-0.123615
41.423804,1791356081.884218,0.287766,-1.851243,0.826904,1.108362,0.364652,-0.105822
41.443564,1791356081.905067,0.309742,-1.843440,0.824844,1.088624,0.415787,-0.099571
41.464308,1791356081.924664,0.327916,-1.839540,0.822295,1.058491,0.451196,-0.096527
41.483645,1791356081.944948,0.388890,-1.821913,0.815278,1.147311,0.538613,-0.103492
41.503848,1791356081.964710,0.424421,-1.807902,0.811576,1.161104,0.602388,-0.102742
41.523412,1791356081.984392,0.447409,-1.795326,0.809594,1.137330,0.655021,-0.095783
41.544182,1791356082.005138,0.479961,-1.779655,0.806373,1.141204,0.715661,-0.094123
41.563593,1791356082.024536,0.511341,-1.762545,0.803406,1.141425,0.776406,-0.092303
41.588953,1791356082.044626,0.541642,-1.743995,0.800642,1.137829,0.837373,-0.089976
41.603962,1791356082.066283,0.569375,-1.725226,0.798204,1.126753,0.893931,-0.088135
41.623123,1791356082.084999,0.594692,-1.706375,0.796070,1.108294,0.945894,-0.084579
41.643569,1791356082.104608,0.619660,-1.685742,0.794135,1.088151,0.998453,-0.080073
41.664042,1791356082.124508,0.642872,-1.664803,0.792403,1.062317,1.046699,-0.074620
41.684261,1791356082.144337,0.665388,-1.642438,0.790859,1.033784,1.094618,-0.068701
41.704813,1791356082.163632,0.685718,-1.620118,0.789517,0.998678,1.137015,-0.065650
41.724077,1791356082.184100,0.689596,-1.614809,0.789265,0.916267,1.116167,-0.060733
41.744075,1791356082.206298,0.707529,-1.592121,0.788088,0.876618,1.152077,-0.056839
41.764444,1791356082.224467,0.724652,-1.568742,0.786999,0.835418,1.185296,-0.052048
41.783881,1791356082.246725,0.740935,-1.544723,0.786019,0.792532,1.216068,-0.046142
41.803375,1791356082.264343,0.744287,-1.536942,0.786051,0.716443,1.190207,-0.035514
41.824019,1791356082.285094,0.746836,-1.530197,0.786212,0.641186,1.157492,-0.027627
41.843802,1791356082.304509,0.759174,-1.506828,0.785770,0.592490,1.178839,-0.017387
41.863417,1791356082.327113,0.774096,-1.473249,0.785668,0.550007,1.228694,-0.007031
41.888461,1791356082.347040,0.786405,-1.441720,0.785840,0.501441,1.268694,0.005757
41.903962,1791356082.365451,0.796236,-1.413455,0.786133,0.449116,1.294510,0.015799
41.923189,1791356082.385744,0.805402,-1.382513,0.786695,0.395873,1.325874,0.028837
41.944209,1791356082.404279,0.795924,-1.392508,0.787813,0.303575,1.225477,0.040103
41.964040,1791356082.425661,0.804110,-1.356898,0.788954,0.249844,1.268558,0.055954
41.985911,1791356082.445612,0.810538,-1.322355,0.790315,0.198802,1.308121,0.066892
42.003826,1791356082.465061,0.815454,-1.287659,0.791989,0.143933,1.342067,0.079823
42.024438,1791356082.484195,0.818511,-1.257496,0.793592,0.092060,1.363718,0.090588
42.043531,1791356082.507268,0.819829,-1.230112,0.795498,0.039580,1.374369,0.100234
42.064548,1791356082.530771,0.820501,-1.197037,0.797717,-0.012685,1.401139,0.108390
42.084261,1791356082.545114,0.819736,-1.168923,0.799939,-0.063920,1.409956,0.114210
42.103880,1791356082.567456,0.817949,-1.140646,0.802283,-0.114979,1.417296,0.120489
42.124028,1791356082.585491,0.815144,-1.112241,0.804743,-0.165573,1.422661,0.125658
42.143689,1791356082.606957,0.813478,-1.109900,0.804870,-0.200486,1.346142,0.120759
42.163943,1791356082.624569,0.811369,-1.097678,0.805706,-0.237284,1.300028,0.119221
42.183616,1791356082.644662,0.803689,-1.058907,0.809383,-0.297916,1.333068,0.128420
42.203867,1791356082.665893,0.795354,-1.023177,0.812993,-0.356628,1.352387,0.138902
42.223810,1791356082.686142,0.785698,-0.987938,0.816688,-0.415395,1.366678,0.146489
42.243894,1791356082.704641,0.783896,-0.993621,0.816345,-0.434145,1.254739,0.141083
42.263783,1791356082.724647,0.774718,-0.968695,0.819219,-0.483435,1.237276,0.145655
42.284325,1791356082.745758,0.764561,-0.944142,0.822154,-0.532227,1.217487,0.147705
42.303425,1791356082.764476,0.753428,-0.920010,0.825125,-0.581134,1.195048,0.150142
42.324283,1791356082.784507,0.741313,-0.896355,0.828163,-0.630154,1.169893,0.153784
42.343707,1791356082.807630,0.737987,-0.887787,0.829115,-0.644835,1.101605,0.150115
42.363924,1791356082.825376,0.717571,-0.849285,0.834550,-0.718377,1.118679,0.160592
42.386181,1791356082.844560,0.698017,-0.815546,0.839453,-0.783873,1.121101,0.167327
42.403859,1791356082.864793,0.676044,-0.782148,0.844564,-0.852714,1.120505,0.174546
42.424518,1791356082.886995,0.658500,-0.760064,0.848070,-0.901408,1.087578,0.175528
42.444041,1791356082.905636,0.637127,-0.731944,0.852592,-0.959487,1.072366,0.178182
42.464087,1791356082.925223,0.617464,-0.710837,0.856147,-1.006500,1.037983,0.177028
42.484003,1791356082.945907,0.596878,-0.690428,0.859670,-1.051565,1.002553,0.175007
42.503661,1791356082.964818,0.575412,-0.670743,0.863157,-1.094719,0.965534,0.173866
42.524784,1791356082.986861,0.553108,-0.651809,0.866606,-1.135144,0.927505,0.170706
42.543859,1791356083.005915,0.542626,-0.640501,0.869467,-1.135940,0.872418,0.165854
42.563960,1791356083.028157,0.514452,-0.618047,0.873752,-1.186755,0.845532,0.165362
42.584824,1791356083.046522,0.490390,-0.601560,0.877026,-1.218994,0.802816,0.161966
42.604105,1791356083.064938,0.460732,-0.581666,0.881348,-1.264108,0.768831,0.162592
42.624529,1791356083.084734,0.432165,-0.564124,0.885346,-1.301125,0.729147,0.162032
42.643686,1791356083.104615,0.402596,-0.547789,0.889301,-1.336551,0.687008,0.159527
42.663712,1791356083.125077,0.396519,-0.546125,0.889910,-1.296936,0.609603,0.149938
42.683700,1791356083.143625,0.366500,-0.532404,0.893669,-1.329081,0.562504,0.151394
42.703745,1791356083.164649,0.333995,-0.519387,0.897610,-1.364526,0.514786,0.151715
42.723611,1791356083.184580,0.304580,-0.508965,0.901154,-1.386507,0.460762,0.155463
42.744077,1791356083.204888,0.276715,-0.500303,0.904244,-1.399418,0.405182,0.153683
42.764520,1791356083.224445,0.268096,-0.499397,0.905272,-1.349870,0.334453,0.146147
42.783528,1791356083.246002,0.241022,-0.493280,0.908175,-1.356915,0.277209,0.143915
42.804757,1791356083.247321,0.213827,-0.488313,0.911029,-1.362132,0.219482,0.141189
42.824490,1791356083.287870,0.186545,-0.484505,0.913826,-1.365468,0.161351,0.138630
42.843712,1791356083.305976,0.183209,-0.485372,0.914336,-1.292484,0.099712,0.128919
42.863861,1791356083.327296,0.157377,-0.483965,0.916903,-1.290156,0.041047,0.127628
42.884184,1791356083.347006,0.145912,-0.484804,0.918273,-1.243543,-0.016095,0.122728
42.904025,1791356083.371445,0.137608,-0.485844,0.919149,-1.186655,-0.068149,0.113250
42.924091,1791356083.386877,0.113970,-0.487781,0.921387,-1.176641,-0.125523,0.111047
42.943260,1791356083.406887,0.090543,-0.490860,0.923578,-1.165651,-0.182265,0.107795
42.964276,1791356083.424118,0.104299,-0.494694,0.922178,-1.047560,-0.223406,0.091272
42.985130,1791356083.444676,0.083488,-0.499721,0.923987,-1.033076,-0.279288,0.090189
43.004823,1791356083.463956,0.059750,-0.502225,0.926440,-1.027940,-0.326280,0.093006
43.024415,1791356083.484720,0.008829,-0.513567,0.931635,-1.098821,-0.404241,0.100648
43.043718,1791356083.505210,-0.035649,-0.525314,0.936046,-1.149317,-0.476555,0.105965
43.064437,1791356083.525508,-0.040531,-0.527429,0.936560,-1.087172,-0.503771,0.099421
43.083507,1791356083.546023,-0.081087,-0.541566,0.940365,-1.127975,-0.574830,0.101495
43.104618,1791356083.565969,-0.103528,-0.553609,0.942355,-1.115736,-0.629496,0.097697
43.124098,1791356083.587026,-0.125716,-0.566736,0.944260,-1.102547,-0.683050,0.092897
43.143637,1791356083.606425,-0.147625,-0.580924,0.946083,-1.087874,-0.735229,0.088304
43.164100,1791356083.627686,-0.164697,-0.585313,0.947533,-1.060616,-0.751945,0.081387
43.184806,1791356083.644526,-0.188347,-0.594483,0.949536,-1.050566,-0.781610,0.078117
43.203760,1791356083.664705,-0.209151,-0.610574,0.951048,-1.029231,-0.827316,0.073091
43.224000,1791356083.684922,-0.227557,-0.618135,0.952628,-1.000928,-0.843887,0.072059
43.243668,1791356083.705576,-0.247308,-0.635448,0.954058,-0.973675,-0.887123,0.070573
43.264183,1791356083.726073,-0.255293,-0.638324,0.954816,-0.915883,-0.881650,0.067963
43.283775,1791356083.744796,-0.273289,-0.656363,0.956178,-0.883192,-0.922021,0.068176
43.304684,1791356083.766961,-0.290610,-0.675200,0.957534,-0.848510,-0.961273,0.066828
43.323958,1791356083.784866,-0.316098,-0.689846,0.959753,-0.837621,-0.987676,0.067877
43.343512,1791356083.804520,-0.332469,-0.709974,0.961094,-0.798974,-1.024856,0.066319
43.363475,1791356083.824602,-0.349629,-0.720391,0.962682,-0.764515,-1.032000,0.066473
43.388334,1791356083.844025,-0.393054,-0.765144,0.966752,-0.793891,-1.141634,0.073050
43.404460,1791356083.864457,-0.429490,-0.805736,0.970242,-0.803348,-1.231998,0.077881
43.423985,1791356083.886016,-0.461940,-0.845553,0.973449,-0.801034,-1.314358,0.082398
43.443336,1791356083.906702,-0.490171,-0.883156,0.976383,-0.788217,-1.385334,0.084741
43.463626,1791356083.924649,-0.500947,-0.895001,0.977488,-0.730167,-1.372334,0.082207
43.484225,1791356083.948115,-0.524911,-0.933990,0.980197,-0.708427,-1.440086,0.079445
43.503864,1791356083.964318,-0.538598,-0.963098,0.981716,-0.660023,-1.470116,0.072551
43.524046,1791356083.984861,-0.559164,-1.001775,0.983963,-0.631636,-1.523824,0.066262
43.543588,1791356084.007743,-0.577727,-1.040975,0.986001,-0.598858,-1.572607,0.059346
43.563988,1791356084.026646,-0.593856,-1.078809,0.987780,-0.559884,-1.611460,0.055127
43.584538,1791356084.044240,-0.605335,-1.106546,0.989021,-0.511035,-1.614171,0.049683
43.603915,1791356084.064400,-0.617796,-1.144510,0.990514,-0.464802,-1.644001,0.044837
43.623766,1791356084.084551,-0.628244,-1.181179,0.991781,-0.414600,-1.665338,0.039575
43.643473,1791356084.104473,-0.636497,-1.216159,0.992890,-0.360579,-1.677493,0.034426
43.664716,1791356084.127022,-0.643123,-1.251692,0.993779,-0.305826,-1.687675,0.025500
43.683533,1791356084.144773,-0.645046,-1.264849,0.993924,-0.245655,-1.625409,0.015568
43.704500,1791356084.164163,-0.649045,-1.301598,0.994468,-0.189002,-1.635661,0.009964
43.723745,1791356084.185589,-0.650144,-1.339700,0.994954,-0.126302,-1.646223,0.004270
43.743700,1791356084.204360,-0.652116,-1.372529,0.994972,-0.070819,-1.635956,-0.002050
43.763895,1791356084.225780,-0.651024,-1.405988,0.994928,-0.008831,-1.624174,-0.008984
43.783894,1791356084.244173,-0.649475,-1.416688,0.994822,0.044899,-1.538032,-0.014868
43.803884,1791356084.268391,-0.645936,-1.449124,0.994498,0.108549,-1.522841,-0.017318
43.823777,1791356084.286048,-0.643202,-1.479370,0.994084,0.164530,-1.501332,-0.024794
43.844085,1791356084.305256,-0.639358,-1.509173,0.993474,0.219688,-1.478509,-0.036475
43.864158,1791356084.324565,-0.634408,-1.538499,0.992633,0.274874,-1.453558,-0.048159
43.890933,1791356084.345768,-0.629142,-1.543840,0.992073,0.319791,-1.354962,-0.058647
43.904372,1791356084.368338,-0.622874,-1.553494,0.991214,0.365171,-1.272607,-0.069096
43.924034,1791356084.384501,-0.607439,-1.587569,0.989058,0.443519,-1.263754,-0.079855
43.943826,1791356084.405806,-0.591208,-1.618606,0.986807,0.519942,-1.244589,-0.087760
43.964032,1791356084.424698,-0.580271,-1.643123,0.984983,0.573425,-1.206593,-0.094750
43.984304,1791356084.445688,-0.578716,-1.630409,0.984807,0.581732,-1.060547,-0.098148
44.003704,1791356084.465972,-0.566569,-1.651212,0.982790,0.632762,-1.019367,-0.103162
44.023937,1791356084.484682,-0.553413,-1.671199,0.980663,0.682269,-0.979289,-0.109606
44.043321,1791356084.504908,-0.539281,-1.690392,0.978435,0.730584,-0.939814,-0.112480
44.063431,1791356084.523910,-0.528266,-1.699431,0.977216,0.761859,-0.874941,-0.110182
44.083954,1791356084.546154,-0.518589,-1.706367,0.976152,0.784650,-0.808925,-0.108915
44.104070,1791356084.567408,-0.485806,-1.737535,0.971946,0.882554,-0.809647,-0.116070
44.123622,1791356084.584283,-0.453394,-1.766071,0.967815,0.971384,-0.805178,-0.128145
44.143728,1791356084.605112,-0.422449,-1.791384,0.963756,1.048443,-0.794041,-0.142549
44.163942,1791356084.625312,-0.401066,-1.806905,0.960825,1.089521,-0.757807,-0.150854
44.184123,1791356084.645458,-0.369803,-1.829273,0.956516,1.157851,-0.741372,-0.166010
44.203647,1791356084.665757,-0.346252,-1.843735,0.953081,1.196907,-0.704389,-0.177420
44.224353,1791356084.685854,-0.321940,-1.857441,0.949422,1.233777,-0.665805,-0.188737
44.244447,1791356084.704924,-0.296920,-1.870358,0.945534,1.267744,-0.625336,-0.199648
44.263627,1791356084.724338,-0.271253,-1.882445,0.941444,1.298627,-0.582767,-0.208480
44.283556,1791356084.744427,-0.259271,-1.889240,0.939512,1.284163,-0.529343,-0.208951
44.303549,1791356084.767373,-0.221215,-1.907183,0.933755,1.344858,-0.502756,-0.220574
44.324184,1791356084.786142,-0.181669,-1.923569,0.927679,1.403565,-0.471910,-0.230962
44.344898,1791356084.805898,-0.144984,-1.937091,0.921965,1.448671,-0.434655,-0.237495
44.364037,1791356084.825148,-0.113334,-1.947640,0.917037,1.474771,-0.391896,-0.240751
44.384200,1791356084.844847,-0.083675,-1.954983,0.912201,1.490628,-0.342180,-0.242765
44.403989,1791356084.866362,-0.075077,-1.956360,0.910851,1.441640,-0.283184,-0.235356
44.423532,1791356084.883839,-0.039467,-1.964195,0.905263,1.470232,-0.238206,-0.241130
44.443641,1791356084.904967,-0.005777,-1.970245,0.899890,1.488809,-0.190087,-0.244651
44.464681,1791356084.925147,0.028155,-1.974921,0.894487,1.504349,-0.140042,-0.247495
44.484355,1791356084.944757,0.062272,-1.978193,0.889038,1.517240,-0.087704,-0.247723
44.504056,1791356084.969531,0.094813,-1.979970,0.883814,1.522624,-0.033343,-0.245274
44.524220,1791356084.984995,0.124388,-1.980478,0.879057,1.516623,0.020810,-0.243021
44.543574,1791356085.005785,0.154664,-1.979495,0.874252,1.510431,0.077451,-0.237656
44.563856,1791356085.025738,0.178102,-1.977891,0.870673,1.481476,0.130079,-0.230330
44.584211,1791356085.044559,0.207623,-1.974740,0.866091,1.470097,0.185194,-0.227025
44.604418,1791356085.065795,0.214554,-1.971971,0.865326,1.389874,0.229624,-0.207368
44.623677,1791356085.084938,0.227618,-1.968802,0.863523,1.329252,0.272409,-0.194462
44.644094,1791356085.105112,0.239810,-1.965141,0.861868,1.266995,0.313321,-0.180286
44.663902,1791356085.125039,0.264934,-1.958354,0.858336,1.244796,0.365281,-0.172403
44.683972,1791356085.144577,0.289593,-1.950531,0.854977,1.220606,0.416880,-0.163287
44.703832,1791356085.164871,0.317049,-1.940607,0.850960,1.204494,0.472461,-0.156069
44.724337,1791356085.186484,0.340878,-1.930649,0.847923,1.178104,0.523148,-0.147710
44.744608,1791356085.205683,0.364178,-1.919686,0.845026,1.151658,0.573029,-0.141989
44.764267,1791356085.226425,0.386947,-1.907722,0.842256,1.125077,0.623307,-0.134858
44.784617,1791356085.244346,0.389866,-1.904963,0.841345,1.043579,0.635240,-0.124684
44.803768,1791356085.264807,0.422023,-1.884152,0.836935,1.048204,0.711987,-0.122893
44.823737,1791356085.285708,0.442712,-1.869414,0.834531,1.020242,0.761826,-0.117082
44.844425,1791356085.305227,0.468751,-1.849647,0.831005,1.007236,0.825598,-0.114058
44.863637,1791356085.325851,0.488597,-1.832631,0.828793,0.976948,0.875868,-0.106999
44.884167,1791356085.344237,0.507830,-1.814615,0.826714,0.946046,0.925411,-0.101737
44.904175,1791356085.364614,0.483037,-1.826830,0.829677,0.800113,0.867178,-0.086910
44.924029,1791356085.384845,0.498715,-1.809046,0.827931,0.767306,0.910834,-0.087856
44.943808,1791356085.404487,0.511676,-1.796409,0.825720,0.729443,0.935314,-0.088921
44.963416,1791356085.428959,0.539490,-1.765209,0.822078,0.728477,1.016317,-0.090152
44.983579,1791356085.453413,0.566899,-1.730443,0.818559,0.725855,1.102322,-0.091601
45.003822,1791356085.464592,0.590667,-1.697772,0.815469,0.713901,1.176447,-0.091468
45.023997,1791356085.484901,0.612526,-1.664690,0.812693,0.697016,1.247205,-0.090162
45.043629,1791356085.504861,0.631904,-1.632720,0.810216,0.673920,1.309620,-0.088500
45.063592,1791356085.526652,0.649095,-1.601792,0.808040,0.645581,1.364120,-0.085829
45.083528,1791356085.548625,0.661601,-1.574121,0.806374,0.604724,1.402495,-0.081076
45.103802,1791356085.566320,0.674699,-1.547013,0.804683,0.567628,1.434091,-0.078061
45.123693,1791356085.584741,0.685629,-1.518003,0.803170,0.525248,1.466319,-0.073820
45.144004,1791356085.609776,0.697781,-1.487179,0.801652,0.487178,1.499595,-0.067111
45.163770,1791356085.626005,0.707086,-1.456928,0.800355,0.443125,1.524838,-0.062931
45.184596,1791356085.626005,0.707086,-1.456928,0.800355,0.443125,1.524838,-0.062931
45.203575,1791356085.667399,0.713554,-1.431586,0.799513,0.333476,1.448723,-0.047472
45.223165,1791356085.684267,0.719767,-1.402488,0.798634,0.287611,1.460499,-0.040255
45.244013,1791356085.705321,0.723769,-1.385977,0.798442,0.241617,1.430576,-0.033063
45.263364,1791356085.724673,0.731647,-1.342672,0.798095,0.200929,1.479205,-0.026642
45.283360,1791356085.745672,0.737558,-1.302752,0.797941,0.156280,1.512814,-0.016716
45.304276,1791356085.765477,0.741780,-1.265393,0.798033,0.108437,1.534746,-0.004858
45.324777,1791356085.784692,0.744485,-1.230086,0.798344,0.058117,1.547326,0.006819
45.343758,1791356085.805556,0.746075,-1.192190,0.799315,0.005520,1.565513,0.019642
45.364168,1791356085.825276,0.745656,-1.160924,0.799743,-0.047371,1.560613,0.022462
45.383784,1791356085.845798,0.744129,-1.126973,0.800641,-0.102895,1.561786,0.029535
45.403925,1791356085.867633,0.741373,-1.094671,0.801661,-0.158877,1.555505,0.036273
45.424152,1791356085.884659,0.738943,-1.084141,0.802248,-0.205479,1.479839,0.044103
45.443149,1791356085.905812,0.733460,-1.051566,0.803715,-0.263909,1.472676,0.052784
45.463252,1791356085.926238,0.727674,-1.024295,0.805128,-0.318106,1.446943,0.061454
45.484090,1791356085.944247,0.719545,-0.993598,0.806960,-0.377281,1.430776,0.072416
45.504050,1791356085.964865,0.711458,-0.965218,0.808488,-0.431183,1.406709,0.080344
45.524013,1791356085.987414,0.708016,-0.961651,0.809304,-0.457991,1.304685,0.082921
45.544019,1791356086.005911,0.698344,-0.935843,0.811033,-0.509076,1.275575,0.090198
45.563280,1791356086.026445,0.687655,-0.910637,0.812914,-0.559458,1.244496,0.097915
45.584457,1791356086.048762,0.675969,-0.886073,0.814951,-0.608796,1.211475,0.105532
45.604162,1791356086.064595,0.663308,-0.862185,0.817124,-0.656806,1.176933,0.111037
45.623338,1791356086.084633,0.658523,-0.859505,0.818308,-0.670113,1.081514,0.110606
45.643790,1791356086.106932,0.639108,-0.832150,0.822010,-0.733801,1.059450,0.117034
45.663460,1791356086.124873,0.623983,-0.811361,0.824370,-0.778339,1.019018,0.118708
45.683923,1791356086.145195,0.605452,-0.789733,0.827495,-0.829495,0.981578,0.119945
45.703999,1791356086.165168,0.582675,-0.765723,0.831203,-0.890450,0.951052,0.122441
45.723762,1791356086.185153,0.588781,-0.783584,0.830042,-0.847276,0.806525,0.108712
45.744537,1791356086.206597,0.562369,-0.758655,0.833942,-0.916686,0.784505,0.112474
45.763431,1791356086.224612,0.535390,-0.735433,0.837661,-0.982400,0.759025,0.112372
45.784145,1791356086.246902,0.510351,-0.715555,0.841038,-1.038735,0.725218,0.115633
45.803836,1791356086.265713,0.482703,-0.695933,0.844488,-1.098464,0.692285,0.116663
45.823713,1791356086.283905,0.456790,-0.679229,0.847624,-1.148182,0.653644,0.116309
45.844160,1791356086.304676,0.433447,-0.666632,0.849942,-1.185592,0.605930,0.115176
45.863398,1791356086.325034,0.409376,-0.654980,0.852208,-1.221010,0.559090,0.111123
45.883816,1791356086.344357,0.384619,-0.644258,0.854370,-1.254112,0.513121,0.104371
45.904425,1791356086.366089,0.359229,-0.634445,0.856360,-1.284457,0.467887,0.094853
45.923782,1791356086.384955,0.326338,-0.621176,0.859711,-1.334239,0.432853,0.091323
45.943873,1791356086.404620,0.298118,-0.610998,0.862387,-1.363953,0.392371,0.085268
45.964242,1791356086.424809,0.270608,-0.603615,0.864015,-1.386419,0.345668,0.077757
45.984069,1791356086.448123,0.242682,-0.597177,0.865507,-1.405616,0.297958,0.071261
46.003681,1791356086.464974,0.214406,-0.591699,0.866869,-1.421356,0.249732,0.064664
46.023472,1791356086.486564,0.215517,-0.592052,0.867471,-1.346761,0.195041,0.058879
46.045204,1791356086.506364,0.179592,-0.586270,0.870014,-1.380143,0.149654,0.061290
46.064314,1791356086.525016,0.151937,-0.583776,0.871238,-1.384791,0.099691,0.061413
46.083774,1791356086.544468,0.119019,-0.580705,0.873560,-1.401046,0.052788,0.062880
46.103778,1791356086.565061,0.091006,-0.580152,0.874819,-1.399693,0.002375,0.063240
46.124023,1791356086.584803,0.064267,-0.579521,0.876938,-1.392239,-0.045632,0.067576
46.143873,1791356086.605607,0.036485,-0.580948,0.878303,-1.385413,-0.097060,0.068922
46.164312,1791356086.626424,0.008864,-0.583407,0.879696,-1.376069,-0.148902,0.070657
46.183578,1791356086.646082,-0.018543,-0.586911,0.881152,-1.364120,-0.201338,0.074627
46.204368,1791356086.665649,-0.045689,-0.591453,0.882655,-1.349887,-0.252745,0.075730
46.224350,1791356086.684942,-0.045244,-0.591911,0.883554,-1.260652,-0.281526,0.074724
46.243860,1791356086.705091,-0.080720,-0.599397,0.886375,-1.267951,-0.337940,0.080576
46.264676,1791356086.724583,-0.111801,-0.607264,0.888916,-1.261129,-0.391028,0.086273
46.283694,1791356086.745489,-0.141787,-0.616764,0.891514,-1.249989,-0.444577,0.089393
46.304020,1791356086.765038,-0.167747,-0.625729,0.893631,-1.226989,-0.492865,0.093361
46.323762,1791356086.785030,-0.195615,-0.637097,0.895889,-1.209272,-0.544087,0.093218
46.344313,1791356086.806934,-0.221539,-0.648907,0.897972,-1.186324,-0.592789,0.091971
46.364696,1791356086.825016,-0.244971,-0.661227,0.899789,-1.156530,-0.638791,0.089428
46.383900,1791356086.846894,-0.266845,-0.673604,0.901612,-1.122742,-0.680642,0.086341
46.403584,1791356086.864987,-0.288972,-0.687651,0.903322,-1.089678,-0.723645,0.084539
46.424316,1791356086.885101,-0.310421,-0.702548,0.905020,-1.054629,-0.765830,0.086069
46.443448,1791356086.905544,-0.311071,-0.705732,0.905337,-0.965181,-0.764171,0.080315
46.464902,1791356086.923907,-0.315095,-0.710067,0.905837,-0.886365,-0.762896,0.072571
46.483941,1791356086.946145,-0.338467,-0.730386,0.907948,-0.861623,-0.813674,0.070958
46.503942,1791356086.966155,-0.359517,-0.750372,0.909849,-0.830549,-0.858709,0.069778
46.524199,1791356086.984913,-0.379768,-0.771395,0.911688,-0.798412,-0.902500,0.066021
46.544713,1791356087.007637,-0.398152,-0.792210,0.913347,-0.761583,-0.943116,0.065697
46.564167,1791356087.025174,-0.415666,-0.814048,0.914982,-0.723817,-0.984015,0.065091
46.583485,1791356087.046153,-0.429682,-0.834047,0.916284,-0.677316,-1.015540,0.065954
46.603939,1791356087.068202,-0.442753,-0.854664,0.917629,-0.629618,-1.045633,0.068280
46.623662,1791356087.085087,-0.452713,-0.870826,0.918832,-0.577932,-1.056998,0.063513
46.644317,1791356087.108492,-0.454619,-0.876905,0.919226,-0.507294,-1.033117,0.058764
46.663587,1791356087.124848,-0.464292,-0.897803,0.920341,-0.459713,-1.056245,0.052942
46.684090,1791356087.144443,-0.473005,-0.919151,0.921337,-0.411287,-1.078166,0.047045
46.704334,1791356087.166044,-0.474951,-0.926616,0.921608,-0.350493,-1.053860,0.037530
46.723823,1791356087.185740,-0.481487,-0.947876,0.922257,-0.302906,-1.071804,0.027513
46.743892,1791356087.205282,-0.490702,-0.975137,0.923425,-0.263443,-1.106760,0.018887
46.765144,1791356087.224874,-0.499304,-1.006269,0.924421,-0.223476,-1.150857,0.007333
46.783447,1791356087.244915,-0.503288,-1.029460,0.924423,-0.174842,-1.167843,-0.007612
46.803504,1791356087.265088,-0.508573,-1.055320,0.924713,-0.132498,-1.191167,-0.023837
46.824519,1791356087.284612,-0.512881,-1.083765,0.924649,-0.089262,-1.219562,-0.040865
46.843481,1791356087.308139,-0.514088,-1.092938,0.924501,-0.044156,-1.185944,-0.054178
46.863968,1791356087.327628,-0.514479,-1.116770,0.923292,0.005131,-1.196635,-0.066705
46.883453,1791356087.348155,-0.515153,-1.147369,0.922209,0.052356,-1.224271,-0.078805
46.904075,1791356087.348977,-0.514618,-1.176643,0.920876,0.100825,-1.244157,-0.087248
46.923327,1791356087.388148,-0.512937,-1.204444,0.919485,0.149445,-1.255862,-0.095306
46.943515,1791356087.405129,-0.509899,-1.232616,0.917787,0.199773,-1.265157,-0.103607
46.963628,1791356087.425307,-0.505801,-1.259665,0.915946,0.251234,-1.268445,-0.109861
46.983888,1791356087.446148,-0.500283,-1.287037,0.913891,0.304759,-1.270959,-0.115368
47.004004,1791356087.464986,-0.493788,-1.313392,0.911800,0.358033,-1.268800,-0.120270
47.023931,1791356087.486304,-0.486284,-1.338738,0.909638,0.411684,-1.262062,-0.122061
47.043958,1791356087.504481,-0.478331,-1.361846,0.907557,0.461941,-1.247662,-0.126815
47.064231,1791356087.526129,-0.468432,-1.386711,0.905153,0.515692,-1.237652,-0.131756
47.083247,1791356087.545447,-0.457647,-1.410516,0.902667,0.567849,-1.223235,-0.137418
47.104083,1791356087.566091,-0.445778,-1.434849,0.899845,0.619008,-1.209487,-0.144231
47.124078,1791356087.585325,-0.432902,-1.458888,0.896890,0.668328,-1.194022,-0.151089
47.143686,1791356087.607045,-0.422863,-1.474465,0.894873,0.702334,-1.152382,-0.152038
47.164206,1791356087.627868,-0.408357,-1.497324,0.891775,0.748074,-1.133032,-0.157732
47.184010,1791356087.645587,-0.392951,-1.519775,0.888566,0.792129,-1.111682,-0.163488
47.204148,1791356087.665411,-0.387145,-1.524143,0.887639,0.796900,-1.037530,-0.160676
47.224123,1791356087.686362,-0.370822,-1.544634,0.884398,0.834931,-0.961041,-0.156886
47.243544,1791356087.707441,-0.366070,-1.545923,0.883747,0.828666,-0.931609,-0.153531
47.264335,1791356087.726163,-0.364627,-1.541647,0.883888,0.807835,-0.840610,-0.143405
47.283908,1791356087.744243,-0.339806,-1.565930,0.879813,0.865298,-0.827814,-0.141824
47.303407,1791356087.766530,-0.314503,-1.589109,0.875958,0.920567,-0.810383,-0.134135
47.323920,1791356087.786032,-0.291249,-1.609047,0.872663,0.964870,-0.784315,-0.127974
47.343979,1791356087.805286,-0.271658,-1.624359,0.870155,0.994082,-0.746466,-0.122448
47.363613,1791356087.825925,-0.262868,-1.629496,0.869251,0.984424,-0.679318,-0.114098
47.384059,1791356087.844792,-0.242897,-1.642683,0.866987,1.012458,-0.639114,-0.112485
47.404084,1791356087.866089,-0.222369,-1.655056,0.864749,1.040170,-0.597821,-0.110512
47.423678,1791356087.885629,-0.210310,-1.661835,0.863166,1.038624,-0.545606,-0.111658
47.444000,1791356087.905674,-0.176372,-1.681288,0.859149,1.104489,-0.525951,-0.120273
47.463437,1791356087.924649,-0.142761,-1.698807,0.855257,1.164739,-0.500630,-0.126853
47.483713,1791356087.947287,-0.110737,-1.714089,0.851533,1.216699,-0.470237,-0.133487
47.503856,1791356087.964691,-0.079799,-1.727420,0.847976,1.260950,-0.434704,-0.138112
47.523979,1791356087.986180,-0.054344,-1.735640,0.845195,1.284131,-0.387044,-0.139890
47.543611,1791356088.005550,-0.028446,-1.742902,0.842379,1.305256,-0.338890,-0.141523
47.563884,1791356088.025956,-0.020345,-1.745521,0.841238,1.268188,-0.283764,-0.137043
47.584113,1791356088.045798,0.005176,-1.750712,0.838474,1.283374,-0.234969,-0.138785
47.604322,1791356088.066311,0.018443,-1.754191,0.836898,1.258714,-0.186238,-0.133597
47.623913,1791356088.084351,0.066340,-1.766101,0.831801,1.337680,-0.156700,-0.141985
47.644274,1791356088.104929,0.093182,-1.768744,0.828961,1.346030,-0.107474,-0.141566
47.664393,1791356088.124608,0.129204,-1.773578,0.825212,1.379102,-0.064938,-0.143053
47.684096,1791356088.146344,0.167657,-1.778800,0.821331,1.416186,-0.026093,-0.147594
47.703362,1791356088.165380,0.196001,-1.778818,0.818381,1.417661,0.024412,-0.147276
47.723850,1791356088.186876,0.226887,-1.779530,0.815293,1.424260,0.071198,-0.146406
47.744666,1791356088.204771,0.258176,-1.779040,0.812180,1.429040,0.119445,-0.144721
47.764546,1791356088.226038,0.266237,-1.778130,0.811392,1.357931,0.160446,-0.134512
47.784076,1791356088.245058,0.293292,-1.774408,0.808724,1.347006,0.211756,-0.132367
47.803668,1791356088.266093,0.320102,-1.769662,0.806087,1.333452,0.262655,-0.131451
47.824577,1791356088.285951,0.346613,-1.763900,0.803481,1.317095,0.313277,-0.129278
47.844023,1791356088.304698,0.372770,-1.757131,0.800931,1.297872,0.363607,-0.124911
47.863496,1791356088.325848,0.378883,-1.756220,0.800474,1.217969,0.387810,-0.110952
47.884209,1791356088.344999,0.412493,-1.747131,0.797797,1.221488,0.442012,-0.105813
47.903796,1791356088.365256,0.436662,-1.737797,0.795754,1.194828,0.491435,-0.097725
47.924250,1791356088.385494,0.460282,-1.727477,0.793879,1.166761,0.540337,-0.089822
47.944085,1791356088.406657,0.485157,-1.718231,0.792167,1.143403,0.583030,-0.081810
47.963612,1791356088.425852,0.515519,-1.703929,0.790368,1.135672,0.639283,-0.072934
47.984949,1791356088.444474,0.537936,-1.690672,0.788988,1.105658,0.686301,-0.064700
48.004350,1791356088.465473,0.562845,-1.676459,0.787793,1.083674,0.733300,-0.056332
48.023720,1791356088.485377,0.591375,-1.658557,0.786706,1.072060,0.788680,-0.046855
48.043896,1791356088.506526,0.613738,-1.642042,0.785867,1.043593,0.833885,-0.039034
48.064410,1791356088.524766,0.634284,-1.624934,0.785155,1.010764,0.876503,-0.032491
48.084272,1791356088.545370,0.655945,-1.605785,0.784839,0.981772,0.922095,-0.024995
48.105667,1791356088.565451,0.675239,-1.586943,0.784377,0.947205,0.961846,-0.020513
48.124219,1791356088.584321,0.694279,-1.566257,0.784331,0.912273,1.003587,-0.013879
48.144206,1791356088.606584,0.712155,-1.545816,0.784102,0.875039,1.040180,-0.009271
48.163697,1791356088.626104,0.728413,-1.525081,0.784154,0.833599,1.073612,-0.004259
48.184464,1791356088.645960,0.731287,-1.518652,0.784419,0.755206,1.054614,0.001680
48.203076,1791356088.666690,0.745971,-1.497260,0.784471,0.712832,1.084104,0.003869
48.223942,1791356088.685098,0.759791,-1.475297,0.784584,0.668971,1.111760,0.007177
48.243986,1791356088.707846,0.772723,-1.452799,0.784767,0.623884,1.137589,0.011523
48.263956,1791356088.727298,0.773197,-1.447671,0.785110,0.547975,1.102293,0.014407
48.285317,1791356088.745227,0.772986,-1.442953,0.785418,0.474325,1.065455,0.016479
48.303870,1791356088.765082,0.775954,-1.433246,0.785796,0.412213,1.044436,0.018282
48.323547,1791356088.785017,0.783713,-1.412195,0.786203,0.363558,1.060197,0.022535
48.343934,1791356088.805811,0.794819,-1.378679,0.787299,0.323068,1.112852,0.029682
48.363712,1791356088.824834,0.804433,-1.345203,0.788473,0.280778,1.162055,0.035327
