t_rel,state_stamp,x,y,z,vx,vy,vz
18.578197,1791356059.018690,0.013335,-1.034172,1.094651,0.036055,0.011412,0.005044
18.581737,1791356059.038890,0.014069,-1.033924,1.094737,0.037227,0.013291,0.003431
18.600682,1791356059.058480,0.014819,-1.033646,1.094774,0.037776,0.014442,0.000645
18.620658,1791356059.078892,0.015574,-1.033349,1.094789,0.037641,0.015219,0.001090
18.640488,1791356059.097867,0.016321,-1.033039,1.094839,0.036901,0.015790,0.004136
18.661353,1791356059.120774,0.017047,-1.032719,1.094985,0.035692,0.016116,0.011262
18.680577,1791356059.139127,0.017746,-1.032396,1.095319,0.034165,0.016183,0.022354
18.700318,1791356059.160231,0.018412,-1.032076,1.095852,0.032416,0.015748,0.031410
18.728325,1791356059.180271,0.019041,-1.031769,1.096599,0.030362,0.014820,0.043734
18.740477,1791356059.206222,0.019624,-1.031487,1.097598,0.027954,0.013387,0.056417
18.760915,1791356059.220622,-0.101965,-0.749959,1.264741,-0.109943,0.316237,0.199221
18.781460,1791356059.245800,-0.104211,-0.743619,1.268842,-0.114673,0.317689,0.210632
18.800863,1791356059.266051,-0.105793,-0.740202,1.272864,-0.118226,0.314810,0.217924
18.820510,1791356059.277807,-0.108185,-0.733925,1.277256,-0.120456,0.312276,0.220677
18.840853,1791356059.300696,-0.110574,-0.727765,1.281629,-0.117951,0.302874,0.215544
18.860744,1791356059.319143,-0.112858,-0.721882,1.285813,-0.109938,0.284564,0.201287
18.880778,1791356059.340102,-0.114934,-0.716454,1.289621,-0.097321,0.257639,0.178360
18.900194,1791356059.361382,-0.116729,-0.711632,1.292899,-0.082145,0.224154,0.148502
18.920863,1791356059.378300,-0.118212,-0.707522,1.295534,-0.066239,0.186612,0.114079
18.940893,1791356059.408731,-0.119378,-0.704189,1.297462,-0.050479,0.146571,0.078698
18.960208,1791356059.428577,-0.120232,-0.701667,1.298673,-0.034943,0.105503,0.042238
18.981159,1791356059.438883,-0.120770,-0.699974,1.299152,-0.018815,0.063794,0.005505
19.000923,1791356059.459736,-0.120970,-0.699122,1.298893,-0.001118,0.021270,-0.031558
19.020999,1791356059.478076,-0.120797,-0.699134,1.297889,0.018463,-0.022441,-0.069391
19.040709,1791356059.504543,-0.120218,-0.700029,1.296107,0.039444,-0.067199,-0.109088
19.061079,1791356059.518724,-0.119211,-0.701835,1.293536,0.061334,-0.113574,-0.147645
19.080170,1791356059.538886,-0.117765,-0.704587,1.290228,0.083230,-0.161905,-0.182460
19.100613,1791356059.558038,-0.115890,-0.708320,1.286265,0.104015,-0.211432,-0.213725
19.121140,1791356059.578732,-0.113618,-0.713040,1.281687,0.123035,-0.260684,-0.243098
19.140690,1791356059.610101,-0.110980,-0.718744,1.276579,0.140670,-0.309739,-0.266951
19.160242,1791356059.622931,-0.108003,-0.725413,1.271025,0.156852,-0.357003,-0.287641
19.181153,1791356059.651824,-0.104713,-0.733009,1.265119,0.172061,-0.402479,-0.301903
19.200364,1791356059.651824,-0.104713,-0.733009,1.265119,0.172061,-0.402479,-0.301903
19.220275,1791356059.683170,-0.097278,-0.750792,1.252675,0.198986,-0.484778,-0.317476
19.241050,1791356059.700554,-0.093181,-0.760852,1.246286,0.210583,-0.520712,-0.321307
19.261439,1791356059.718052,-0.088642,-0.772150,1.239531,0.221537,-0.554741,-0.321379
19.281519,1791356059.739773,-0.084118,-0.783533,1.233137,0.230774,-0.583118,-0.316930
19.301053,1791356059.757741,-0.079421,-0.795437,1.226872,0.238783,-0.606665,-0.309610
19.320595,1791356059.778262,-0.074578,-0.807759,1.220767,0.245262,-0.624773,-0.300204
19.341246,1791356059.778262,-0.074578,-0.807759,1.220767,0.245262,-0.624773,-0.300204
19.360456,1791356059.823438,-0.064627,-0.833207,1.209290,0.250371,-0.644131,-0.272817
19.380522,1791356059.838197,-0.059637,-0.846115,1.203971,0.248229,-0.646048,-0.259454
19.400756,1791356059.862544,-0.054713,-0.859018,1.198899,0.243886,-0.643792,-0.247861
19.421051,1791356059.878220,-0.049891,-0.871843,1.194061,0.238303,-0.638244,-0.236112
19.440773,1791356059.898725,-0.045185,-0.884522,1.189465,0.232181,-0.629213,-0.223035
19.461268,1791356059.917550,-0.040607,-0.896985,1.185163,0.225552,-0.616607,-0.207757
19.481460,1791356059.938140,-0.036167,-0.909163,1.181157,0.218384,-0.600811,-0.192560
19.500495,1791356059.959385,-0.031877,-0.920998,1.177473,0.210538,-0.582361,-0.176124
19.520320,1791356059.977460,-0.027748,-0.932442,1.174104,0.202326,-0.561756,-0.160839
19.540892,1791356059.998206,-0.023785,-0.943451,1.171040,0.193999,-0.538767,-0.145994
19.560777,1791356060.017869,-0.019989,-0.953974,1.168266,0.185514,-0.513312,-0.131808
19.580785,1791356060.040483,-0.016366,-0.963968,1.165761,0.176737,-0.485795,-0.119110
19.600868,1791356060.057930,-0.012922,-0.973394,1.163506,0.167546,-0.456678,-0.105956
19.620765,1791356060.080814,-0.009663,-0.982231,1.161510,0.158454,-0.426885,-0.093669
19.641002,1791356060.097693,-0.006580,-0.990466,1.159778,0.149890,-0.396719,-0.079407
19.660478,1791356060.118785,-0.003661,-0.998103,1.158324,0.142146,-0.366977,-0.065824
19.680555,1791356060.144158,-0.414949,-1.105986,1.079779,-0.461106,-0.483942,-0.166546
19.700230,1791356060.157876,-0.424318,-1.115400,1.076573,-0.475794,-0.457563,-0.153957
19.720423,1791356060.159227,-0.440033,-1.118808,1.071988,-0.499511,-0.423538,-0.144467
19.740783,1791356060.194669,-0.440033,-1.118808,1.071988,-0.499511,-0.423538,-0.144467
19.761826,1791356060.225765,-0.460492,-1.134755,1.066612,-0.520044,-0.373102,-0.122468
19.781044,1791356060.238346,-0.470883,-1.141933,1.064312,-0.517647,-0.344218,-0.107313
19.801402,1791356060.261554,-0.481098,-1.148480,1.062375,-0.502083,-0.309844,-0.086958
19.820869,1791356060.277749,-0.490870,-1.154289,1.060848,-0.473583,-0.270384,-0.066077
19.840733,1791356060.277749,-0.490870,-1.154289,1.060848,-0.473583,-0.270384,-0.066077
19.861701,1791356060.320898,-0.495577,-1.167854,1.056693,-0.364859,-0.193472,-0.029877
19.880937,1791356060.338107,-0.502400,-1.171311,1.056252,-0.317212,-0.152553,-0.014414
19.900201,1791356060.357890,-0.508260,-1.173983,1.056103,-0.268778,-0.115181,-0.000548
19.921186,1791356060.377632,-0.502005,-1.175195,1.055383,-0.196024,-0.080164,0.010737
19.941047,1791356060.399974,-0.505429,-1.176494,1.055704,-0.146284,-0.050070,0.020878
19.960948,1791356060.420757,-0.507845,-1.177212,1.056208,-0.095013,-0.021710,0.029500
19.980954,1791356060.436974,-0.509212,-1.177366,1.056879,-0.041381,0.006314,0.037019
20.000732,1791356060.461469,-0.509483,-1.176957,1.057676,0.014709,0.034811,0.042643
20.021005,1791356060.478611,-0.508527,-1.175901,1.058644,0.076635,0.065844,0.049202
20.040823,1791356060.499220,-0.506392,-1.174286,1.059678,0.136875,0.095715,0.053824
20.061470,1791356060.517725,-0.503049,-1.172077,1.060789,0.197331,0.124963,0.056885
20.080987,1791356060.538527,-0.498502,-1.169302,1.061940,0.257320,0.152181,0.058510
20.100387,1791356060.558711,-0.492753,-1.166009,1.063144,0.317659,0.176718,0.062022
20.121183,1791356060.583187,-0.485794,-1.162256,1.064425,0.378198,0.198016,0.065704
20.140472,1791356060.597512,-0.477621,-1.158108,1.065769,0.439399,0.216487,0.069091
20.161457,1791356060.598298,-0.468200,-1.153608,1.067231,0.502836,0.233229,0.077202
20.194898,1791356060.627818,-0.468200,-1.153608,1.067231,0.502836,0.233229,0.077202
20.200045,1791356060.672695,-0.457511,-1.148790,1.068843,0.566017,0.248246,0.084185
20.220582,1791356060.692337,-0.432373,-1.138330,1.072639,0.688950,0.273552,0.105843
20.241068,1791356060.698810,-0.418037,-1.132760,1.074855,0.744067,0.283034,0.116454
20.264168,1791356060.718555,-0.402654,-1.127029,1.077289,0.793586,0.289716,0.127784
20.280718,1791356060.745007,-0.386334,-1.121192,1.079987,0.837775,0.293609,0.142663
20.300073,1791356060.762488,-0.369192,-1.115305,1.082967,0.875616,0.294661,0.155600
20.320898,1791356060.787266,-0.351349,-1.109424,1.086216,0.908055,0.293019,0.169611
20.340740,1791356060.803972,-0.332907,-1.103603,1.089769,0.935427,0.288715,0.185679
20.360815,1791356060.817019,-0.313977,-1.097892,1.093618,0.956925,0.282044,0.200017
20.380689,1791356060.837816,-0.294675,-1.092337,1.097775,0.972438,0.273227,0.216029
20.400368,1791356060.857186,-0.119450,-1.438120,1.097986,1.283867,-0.426921,0.176546
20.420650,1791356060.880084,-0.093687,-1.446883,1.101641,1.291654,-0.449420,0.188770
20.440595,1791356060.897521,-0.064849,-1.497888,1.102433,1.297746,-0.554254,0.184311
20.460616,1791356060.919035,-0.039755,-1.526911,1.104791,1.290710,-0.613307,0.183530
20.481087,1791356060.938449,-0.014063,-1.539369,1.108513,1.277680,-0.632104,0.189354
20.502932,1791356060.957709,0.011252,-1.552104,1.112373,1.253040,-0.640551,0.196251
20.520649,1791356060.986382,0.035953,-1.564875,1.116348,1.216335,-0.635481,0.200260
20.540790,1791356060.998027,0.025984,-1.572528,1.115122,1.090984,-0.607225,0.192998
20.560983,1791356061.017319,0.060071,-1.610173,1.123420,1.062124,-0.637561,0.193005
20.581105,1791356061.038816,0.080712,-1.622581,1.127238,1.001739,-0.602733,0.188274
20.600641,1791356061.056287,0.100135,-1.634268,1.130922,0.940349,-0.565809,0.180040
20.621843,1791356061.077804,0.118323,-1.645211,1.134424,0.878377,-0.528383,0.170062
20.641160,1791356061.097156,0.125633,-1.664116,1.138198,0.789169,-0.511312,0.160616
20.660685,1791356061.119692,0.152265,-1.690380,1.145277,0.753228,-0.515028,0.156463
20.680197,1791356061.143010,0.177803,-1.711954,1.151689,0.714789,-0.504009,0.151467
20.700768,1791356061.156497,0.199733,-1.729090,1.157098,0.669886,-0.480730,0.141113
20.721281,1791356061.177733,0.212458,-1.738248,1.159750,0.602730,-0.434573,0.123775
20.740489,1791356061.196232,0.199265,-1.734905,1.158295,0.465633,-0.351165,0.097450
20.761009,1791356061.217281,0.207898,-1.741412,1.160059,0.398048,-0.299507,0.078400
20.781114,1791356061.236245,0.215521,-1.747127,1.161488,0.328155,-0.244743,0.057452
20.800462,1791356061.258962,0.225663,-1.754004,1.163813,0.274695,-0.200001,0.040992
20.821064,1791356061.279027,0.253890,-1.758049,1.167227,0.277702,-0.151422,0.030291
20.841026,1791356061.297932,0.293490,-1.757098,1.171182,0.319590,-0.089739,0.022201
20.860636,1791356061.316350,0.313212,-1.755320,1.172583,0.305223,-0.026514,0.006820
20.880916,1791356061.343608,0.318781,-1.755291,1.172548,0.251750,0.029861,-0.009852
20.900370,1791356061.364913,0.337807,-1.749155,1.173223,0.242959,0.102732,-0.023521
20.920947,1791356061.382735,0.355459,-1.741100,1.173340,0.228976,0.178382,-0.036403
20.940776,1791356061.398749,0.374341,-1.729325,1.172955,0.219528,0.262311,-0.049594
20.960336,1791356061.416857,0.391992,-1.715875,1.172181,0.205504,0.346723,-0.062288
20.981025,1791356061.445881,0.409751,-1.699664,1.170941,0.192054,0.434523,-0.075507
21.001121,1791356061.457500,0.413000,-1.690369,1.169325,0.132745,0.494971,-0.086274
21.020727,1791356061.477210,0.429784,-1.671280,1.167563,0.119177,0.582145,-0.098890
21.040518,1791356061.499208,0.435073,-1.663898,1.167302,0.069940,0.627762,-0.100438
21.060896,1791356061.517277,0.435857,-1.650745,1.165227,0.008166,0.687393,-0.106354
21.081431,1791356061.538332,0.435387,-1.636418,1.163071,-0.055373,0.744870,-0.108975
21.100533,1791356061.561274,0.448641,-1.620517,1.162115,-0.070679,0.800583,-0.107563
21.120785,1791356061.581378,0.446586,-1.603997,1.159956,-0.135066,0.850906,-0.107823
21.140703,1791356061.597807,0.478131,-1.558309,1.155886,-0.086831,0.983198,-0.115098
21.160800,1791356061.616757,0.505048,-1.518769,1.152600,-0.051749,1.086237,-0.117425
21.181211,1791356061.635964,0.503408,-1.496611,1.150307,-0.112340,1.128855,-0.111468
21.200531,1791356061.656531,0.500549,-1.473645,1.148176,-0.173793,1.166967,-0.100861
21.220768,1791356061.679496,0.496454,-1.449979,1.146278,-0.235918,1.198676,-0.088421
21.240867,1791356061.697011,0.491107,-1.425755,1.144641,-0.299010,1.222461,-0.075225
21.268821,1791356061.718641,0.521762,-1.405377,1.144307,-0.248826,1.224018,-0.060052
21.286679,1791356061.745742,0.565703,-1.333185,1.140193,-0.152245,1.360255,-0.061595
21.301378,1791356061.769402,0.599775,-1.270312,1.136813,-0.089050,1.454877,-0.059638
21.320747,1791356061.777014,0.628956,-1.212219,1.134084,-0.041221,1.525755,-0.055478
21.340809,1791356061.804353,0.652780,-1.158839,1.131992,-0.012397,1.573353,-0.048758
21.361140,1791356061.824594,0.673211,-1.105800,1.130108,0.004421,1.609934,-0.040967
21.381250,1791356061.846608,0.691181,-1.054917,1.128565,0.013403,1.631464,-0.035763
21.401526,1791356061.856323,0.690890,-1.022639,1.127977,-0.042515,1.595088,-0.023735
21.420469,1791356061.884284,0.706327,-0.973688,1.126766,-0.043179,1.595890,-0.021476
21.440973,1791356061.899999,0.718701,-0.921525,1.125603,-0.052591,1.603070,-0.022951
21.461123,1791356061.921063,0.728247,-0.872425,1.124634,-0.072154,1.598846,-0.020489
21.481135,1791356061.938900,0.734991,-0.822967,1.123803,-0.098641,1.596739,-0.021464
21.500740,1791356061.957320,0.739362,-0.775896,1.123020,-0.132516,1.587387,-0.020453
21.520346,1791356061.976995,0.741026,-0.728307,1.122263,-0.173859,1.579317,-0.018768
21.540605,1791356061.997677,0.736713,-0.695781,1.121936,-0.236703,1.517977,-0.013401
21.561378,1791356062.026145,0.742153,-0.666750,1.122162,-0.263850,1.451881,-0.009162
21.580688,1791356062.040808,0.736206,-0.620471,1.121425,-0.322312,1.441604,-0.008256
21.600975,1791356062.060417,0.729151,-0.592303,1.121309,-0.383044,1.374833,-0.003942
21.620315,1791356062.076201,0.721126,-0.551319,1.120707,-0.441592,1.350020,-0.003351
21.640420,1791356062.096433,0.711676,-0.525019,1.120703,-0.503286,1.279794,0.002784
21.661422,1791356062.116927,0.700997,-0.500128,1.120802,-0.564624,1.209152,0.006901
21.680485,1791356062.136744,0.695929,-0.479640,1.121210,-0.606419,1.128621,0.012307
21.700993,1791356062.156323,0.688541,-0.457146,1.121179,-0.650708,1.058680,0.013994
21.720470,1791356062.177612,0.674942,-0.436698,1.121479,-0.708858,0.985893,0.016350
21.740794,1791356062.196694,0.660205,-0.417708,1.121828,-0.764405,0.912946,0.018887
21.760413,1791356062.216074,0.652427,-0.408761,1.122024,-0.791173,0.876348,0.020656
21.781161,1791356062.236529,0.643793,-0.397876,1.122612,-0.821233,0.726215,0.029384
21.801104,1791356062.256087,0.626906,-0.384093,1.123270,-0.866987,0.652002,0.036891
21.820763,1791356062.276088,0.609138,-0.371792,1.124083,-0.909150,0.578239,0.044288
21.840325,1791356062.298135,0.590564,-0.360958,1.125034,-0.947918,0.505052,0.051585
21.860448,1791356062.319401,0.571244,-0.351583,1.126138,-0.983650,0.432365,0.059034
21.884802,1791356062.336542,0.551242,-0.343655,1.127378,-1.016034,0.360554,0.064875
21.900402,1791356062.371986,0.530628,-0.337156,1.128721,-1.044851,0.289107,0.070018
21.920604,1791356062.380747,0.509475,-0.332095,1.130190,-1.069905,0.216981,0.076748
21.941924,1791356062.402941,0.487863,-0.328471,1.131774,-1.090638,0.145465,0.081628
21.960816,1791356062.416146,0.465877,-0.326274,1.133458,-1.107487,0.074214,0.087205
21.981452,1791356062.440325,0.443589,-0.325497,1.135261,-1.120852,0.003853,0.092556
22.000257,1791356062.457644,0.421065,-0.326118,1.137166,-1.131172,-0.065989,0.097945
22.020759,1791356062.480481,0.398365,-0.328130,1.139160,-1.138454,-0.135211,0.101586
22.040408,1791356062.497912,0.375551,-0.331525,1.141218,-1.142397,-0.204419,0.104462
22.060774,1791356062.516405,0.352699,-0.336308,1.143345,-1.142305,-0.273636,0.107634
22.080763,1791356062.537084,0.329893,-0.342461,1.145516,-1.137737,-0.341590,0.109766
22.100533,1791356062.557726,0.307228,-0.349974,1.147766,-1.127950,-0.409739,0.115844
22.121042,1791356062.576446,0.284815,-0.358844,1.150148,-1.112620,-0.477298,0.122455
22.140821,1791356062.596283,0.262768,-0.369066,1.152668,-1.091360,-0.544871,0.129193
22.160068,1791356062.624772,0.241207,-0.380644,1.155326,-1.063904,-0.613086,0.137060
22.180773,1791356062.636882,0.220258,-0.393590,1.158170,-1.030360,-0.681426,0.147483
22.200791,1791356062.656809,0.200035,-0.407893,1.161248,-0.991321,-0.748558,0.160293
22.220458,1791356062.676166,0.180634,-0.423505,1.164560,-0.948411,-0.812048,0.170304
22.240455,1791356062.696865,0.162117,-0.440339,1.168003,-0.903060,-0.870888,0.173431
22.260900,1791356062.725208,0.144525,-0.458310,1.171456,-0.856177,-0.925799,0.171166
22.281135,1791356062.742146,0.127874,-0.477345,1.174821,-0.808979,-0.977533,0.165171
22.301043,1791356062.756386,0.111384,-0.498401,1.178144,-0.762114,-1.027186,0.150186
22.320294,1791356062.779515,0.096562,-0.519372,1.180962,-0.720408,-1.069509,0.131599
22.340424,1791356062.802583,0.082554,-0.541146,1.183420,-0.680327,-1.107700,0.115690
22.360669,1791356062.819196,-0.761353,0.284512,1.133347,-2.026772,0.562299,-0.207932
22.380793,1791356062.845383,-0.877915,0.396842,1.123989,-2.097943,0.768758,-0.282804
22.400085,1791356062.867815,-0.979458,0.450020,1.118739,-2.166499,0.860625,-0.316996
22.420325,1791356062.882117,-1.022596,0.467224,1.112518,-2.146714,0.859794,-0.304273
22.440452,1791356062.901314,-1.043997,0.475810,1.109528,-2.133799,0.857957,-0.294058
22.460586,1791356062.916223,-1.101841,0.503227,1.109329,-2.125470,0.873132,-0.268813
22.480594,1791356062.937104,-1.106116,0.518312,1.110003,-2.004232,0.840284,-0.224329
22.500873,1791356062.958270,-1.145702,0.534767,1.105654,-1.953757,0.804175,-0.211998
22.520272,1791356062.978857,-1.184232,0.550393,1.101475,-1.899122,0.757740,-0.207873
22.540726,1791356063.000987,-1.272284,0.548100,1.105528,-1.967523,0.663506,-0.197408
22.561009,1791356063.015945,-1.311048,0.560776,1.101649,-1.908568,0.603641,-0.189846
22.583119,1791356063.040004,-1.389893,0.544558,1.110846,-1.955278,0.467428,-0.154387
22.600908,1791356063.063477,-1.428425,0.553290,1.107856,-1.898012,0.406074,-0.144731
22.624362,1791356063.081045,-1.487633,0.542851,1.112419,-1.897312,0.292356,-0.117683
22.641344,1791356063.104082,-1.544800,0.531258,1.114724,-1.890547,0.179391,-0.099241
22.660477,1791356063.116402,-1.594181,0.517388,1.117392,-1.861500,0.062531,-0.080815
22.680758,1791356063.136221,-1.630765,0.517972,1.115844,-1.796498,-0.004144,-0.074872
22.700683,1791356063.156013,-1.639144,0.513044,1.120143,-1.648864,-0.084698,-0.047603
22.720211,1791356063.177037,-1.671387,0.510650,1.119229,-1.575216,-0.154591,-0.044351
22.740552,1791356063.197302,-1.702143,0.506860,1.118370,-1.500279,-0.224372,-0.041496
22.761252,1791356063.216863,-1.731408,0.501687,1.117549,-1.426423,-0.292859,-0.040426
22.780584,1791356063.243454,-1.759212,0.495156,1.116743,-1.354299,-0.360040,-0.040174
22.800834,1791356063.255431,-1.778022,0.465812,1.123272,-1.256798,-0.487602,-0.022100
22.820982,1791356063.279015,-1.835467,0.408981,1.128014,-1.274730,-0.692646,-0.014175
22.840962,1791356063.296617,-1.860277,0.394466,1.127737,-1.206601,-0.758559,-0.014143
22.860903,1791356063.315695,-1.883740,0.378653,1.127423,-1.139719,-0.822795,-0.017009
22.880291,1791356063.336822,-1.905863,0.361560,1.127061,-1.072657,-0.886413,-0.019054
22.901650,1791356063.363549,-1.878230,0.356483,1.133007,-0.864054,-0.905519,-0.005144
22.921106,1791356063.378495,-1.965380,0.249641,1.135697,-0.933199,-1.217981,-0.011018
22.940878,1791356063.395381,-1.983387,0.224759,1.135492,-0.867340,-1.269569,-0.008379
22.962037,1791356063.424348,-2.000073,0.198900,1.135386,-0.801274,-1.315646,-0.001460
22.980703,1791356063.435812,-2.061445,0.117168,1.138256,-0.869993,-1.519487,-0.000563
23.000663,1791356063.455568,-2.058287,0.111823,1.141442,-0.749514,-1.479919,0.024338
23.020137,1791356063.476798,-2.085774,0.051740,1.142708,-0.624737,-1.518509,0.040736
23.040532,1791356063.494709,-2.085774,0.051740,1.142708,-0.624737,-1.518509,0.040736
23.060846,1791356063.519469,-2.128528,-0.005163,1.144876,-0.657281,-1.607217,0.046387
23.080914,1791356063.537167,-2.135576,-0.022848,1.145413,-0.624162,-1.608189,0.051323
23.101668,1791356063.562173,-2.201782,-0.134072,1.147017,-0.740414,-1.841099,0.038417
23.120843,1791356063.576359,-2.256845,-0.234545,1.148440,-0.822338,-2.019283,0.024971
23.140500,1791356063.599723,-2.272726,-0.274882,1.149078,-0.765871,-2.013612,0.038750
23.161214,1791356063.616556,-2.287487,-0.315032,1.149970,-0.710323,-2.000528,0.050259
23.180621,1791356063.635519,-2.301141,-0.354826,1.151091,-0.655239,-1.977769,0.061429
23.201212,1791356063.661752,-2.330300,-0.396262,1.153558,-0.653046,-1.951983,0.069191
23.221010,1791356063.676188,-2.360717,-0.452521,1.155777,-0.659304,-1.960782,0.069376
23.240206,1791356063.697765,-2.399029,-0.555964,1.158005,-0.704787,-2.098574,0.052526
23.260935,1791356063.731408,-2.428523,-0.640739,1.160278,-0.717430,-2.171515,0.040612
23.280535,1791356063.735353,-2.442352,-0.683650,1.161091,-0.665769,-2.119480,0.040280
23.300505,1791356063.756323,-2.472469,-0.793650,1.164512,-0.693732,-2.264398,0.020767
23.321139,1791356063.783624,-2.489114,-0.864231,1.166204,-0.663685,-2.291509,0.015986
23.341220,1791356063.795315,-2.502385,-0.926556,1.167906,-0.620648,-2.292184,0.016926
23.360877,1791356063.815550,-2.512521,-0.987254,1.169472,-0.568916,-2.285687,0.015451
23.380517,1791356063.835111,-2.519927,-1.043877,1.170925,-0.509264,-2.263528,0.012045
23.400876,1791356063.856583,-2.529579,-1.088536,1.171120,-0.456313,-2.201898,0.006259
23.421674,1791356063.877297,-2.532530,-1.108886,1.173496,-0.379426,-2.065832,0.010799
23.441076,1791356063.895170,-2.525391,-1.173861,1.174460,-0.283874,-2.068598,-0.000525
23.461123,1791356063.915030,-2.522119,-1.223049,1.174719,-0.202126,-2.024222,-0.011081
23.480763,1791356063.935351,-2.515931,-1.270864,1.174502,-0.115944,-1.978086,-0.021706
23.501565,1791356063.955435,-2.507566,-1.315436,1.173977,-0.029444,-1.926117,-0.035294
23.520750,1791356063.976315,-2.495286,-1.391247,1.172205,0.111054,-1.793010,-0.061586
23.540540,1791356063.994662,-2.495286,-1.391247,1.172205,0.111054,-1.793010,-0.061586
23.560488,1791356064.014941,-2.480366,-1.428361,1.170606,0.199801,-1.727637,-0.076640
23.580704,1791356064.036349,-2.462712,-1.464419,1.168261,0.290853,-1.661728,-0.094678
23.600163,1791356064.055965,-2.443666,-1.499810,1.165242,0.379938,-1.596002,-0.114100
23.621209,1791356064.078102,-2.423155,-1.532878,1.161694,0.468253,-1.525715,-0.134549
23.640578,1791356064.095124,-2.399826,-1.562302,1.157749,0.561213,-1.446165,-0.153172
23.660878,1791356064.116729,-2.388081,-1.590465,1.154551,0.613082,-1.370126,-0.166552
23.681061,1791356064.137555,-2.364773,-1.607664,1.151338,0.694702,-1.259633,-0.177702
23.701494,1791356064.156353,-2.350376,-1.632091,1.147676,0.744752,-1.183217,-0.188185
23.720455,1791356064.175637,-2.335479,-1.633696,1.146585,0.784273,-1.036907,-0.188793
23.740257,1791356064.196904,-2.319328,-1.653672,1.142714,0.830620,-0.960803,-0.198341
23.761319,1791356064.215579,-2.302260,-1.672127,1.138665,0.875987,-0.884681,-0.206270
23.780631,1791356064.235588,-2.284295,-1.689053,1.134484,0.920351,-0.808057,-0.211869
23.800455,1791356064.254918,-2.221189,-1.693938,1.124538,1.097852,-0.698073,-0.241620
23.821617,1791356064.277600,-2.171367,-1.711335,1.114642,1.229490,-0.635617,-0.266541
23.840098,1791356064.295237,-2.119550,-1.728099,1.104222,1.356958,-0.576788,-0.290265
23.860581,1791356064.323047,-2.041116,-1.751250,1.088448,1.504208,-0.439010,-0.302289
23.880932,1791356064.334617,-2.041116,-1.751250,1.088448,1.504208,-0.439010,-0.302289
23.900822,1791356064.354953,-1.993868,-1.761021,1.079535,1.589100,-0.373636,-0.305072
23.920825,1791356064.375036,-1.942019,-1.770458,1.070022,1.677323,-0.314162,-0.305203
23.940372,1791356064.407049,-1.908344,-1.776043,1.064111,1.688868,-0.244749,-0.285384
23.960586,1791356064.428746,-1.828087,-1.784563,1.051214,1.718656,-0.125074,-0.255557
23.980875,1791356064.434653,-1.828087,-1.784563,1.051214,1.718656,-0.125074,-0.255557
24.000809,1791356064.455840,-1.793910,-1.786481,1.046299,1.697940,-0.067114,-0.236480
24.020777,1791356064.475481,-1.776733,-1.783884,1.044684,1.613048,0.000863,-0.207365
24.040701,1791356064.503232,-1.750380,-1.783245,1.041316,1.555555,0.056368,-0.190742
24.060549,1791356064.515830,-1.637861,-1.783558,1.024909,1.627318,0.150153,-0.199932
24.080961,1791356064.534587,-1.637861,-1.783558,1.024909,1.627318,0.150153,-0.199932
24.100525,1791356064.565164,-1.585123,-1.780590,1.018056,1.646178,0.201099,-0.202146
24.121331,1791356064.575252,-1.590113,-1.775749,1.019821,1.472981,0.259115,-0.170607
24.140928,1791356064.599130,-1.512660,-1.763617,1.009644,1.436181,0.367535,-0.160050
24.161029,1791356064.614505,-1.512660,-1.763617,1.009644,1.436181,0.367535,-0.160050
24.180820,1791356064.635089,-1.484418,-1.755716,1.006570,1.388309,0.422681,-0.146930
24.200413,1791356064.657065,-1.457115,-1.746714,1.003767,1.342253,0.477659,-0.132496
24.220703,1791356064.674992,-1.431286,-1.742399,1.000126,1.297211,0.515237,-0.121028
24.240298,1791356064.699061,-1.348497,-1.713231,0.989285,1.318723,0.642778,-0.117139
24.260747,1791356064.714744,-1.348497,-1.713231,0.989285,1.318723,0.642778,-0.117139
24.280850,1791356064.736852,-1.298455,-1.693937,0.982143,1.360861,0.713699,-0.120402
24.300138,1791356064.755180,-1.271547,-1.679135,0.979923,1.330460,0.766127,-0.100402
24.320909,1791356064.775045,-1.212128,-1.652823,0.970979,1.407967,0.844771,-0.103278
24.340378,1791356064.795168,-1.171713,-1.629218,0.966627,1.427780,0.909604,-0.088637
24.360721,1791356064.815292,-1.132401,-1.604262,0.962902,1.445950,0.972058,-0.071653
24.381015,1791356064.836484,-1.096047,-1.579098,0.959734,1.456646,1.029488,-0.055354
24.400866,1791356064.855414,-1.060487,-1.552174,0.957222,1.464647,1.085893,-0.038620
24.420956,1791356064.875681,-1.027129,-1.525198,0.955301,1.464208,1.134953,-0.020819
24.441171,1791356064.898224,-0.996551,-1.501046,0.955104,1.447775,1.164215,0.002397
24.460366,1791356064.915430,-0.966162,-1.473127,0.954318,1.435919,1.198399,0.027667
24.480747,1791356064.936388,-0.936273,-1.444073,0.954239,1.422523,1.225024,0.057997
24.511855,1791356064.936388,-0.936273,-1.444073,0.954239,1.422523,1.225024,0.057997
24.525793,1791356064.982997,-0.908334,-1.415700,0.954924,1.404408,1.237596,0.088400
24.540946,1791356065.000142,-0.880405,-1.391032,0.956994,1.388863,1.227974,0.117865
24.561123,1791356065.022368,-0.838145,-1.335170,0.961024,1.323792,1.207133,0.169918
24.580579,1791356065.038275,-0.811787,-1.311324,0.964676,1.312230,1.176804,0.195236
24.601088,1791356065.056565,-0.788188,-1.282809,0.969181,1.289177,1.153944,0.222268
24.620766,1791356065.077118,-0.767280,-1.257143,0.973317,1.263811,1.126184,0.246565
24.640325,1791356065.102505,-0.751878,-1.229922,0.977636,1.222375,1.102485,0.267080
24.662436,1791356065.116422,-0.731790,-1.205115,0.982924,1.197958,1.069150,0.286486
24.680909,1791356065.138143,-0.707932,-1.184217,0.988847,1.188104,1.020013,0.305028
24.700537,1791356065.156686,-0.673875,-1.141482,1.000972,1.134246,0.918599,0.339168
24.720730,1791356065.174375,-0.673875,-1.141482,1.000972,1.134246,0.918599,0.339168
24.740417,1791356065.199260,-0.669061,-1.137291,1.004035,1.074828,0.810072,0.344830
24.760578,1791356065.215011,-0.656193,-1.120321,1.009676,1.044338,0.749390,0.359872
24.780916,1791356065.235943,-0.614431,-1.092978,1.024879,1.045625,0.617745,0.400382
24.801054,1791356065.254563,-0.614431,-1.092978,1.024879,1.045625,0.617745,0.400382
24.821183,1791356065.275434,-0.593468,-1.081267,1.033073,1.051204,0.553639,0.419183
24.841102,1791356065.295350,-0.597388,-1.080182,1.034520,0.983230,0.461784,0.414698
24.860469,1791356065.316199,-0.599168,-1.076038,1.036550,0.926338,0.388537,0.411642
24.880470,1791356065.336144,-0.580533,-1.068834,1.044945,0.937414,0.332352,0.428350
24.900922,1791356065.336144,-0.580533,-1.068834,1.044945,0.937414,0.332352,0.428350
24.920343,1791356065.380396,-0.542488,-1.057606,1.062817,0.966345,0.231887,0.465897
24.940240,1791356065.401312,-0.522981,-1.053410,1.072311,0.984769,0.188367,0.483571
24.960964,1791356065.426633,-0.545200,-1.059929,1.066314,0.883114,0.124817,0.450581
24.980726,1791356065.437576,-0.527330,-1.057796,1.075473,0.904180,0.089092,0.465017
25.000695,1791356065.455649,-0.509021,-1.056340,1.084901,0.926938,0.057044,0.477777
25.021249,1791356065.480629,-0.470959,-1.055147,1.104452,0.976889,0.005438,0.498236
25.040862,1791356065.494423,-0.470959,-1.055147,1.104452,0.976889,0.005438,0.498236
25.060888,1791356065.521365,-0.451156,-1.055236,1.114500,1.003534,-0.013771,0.506624
25.080362,1791356065.542442,-0.430819,-1.055666,1.124689,1.029984,-0.028704,0.511692
25.100485,1791356065.558525,-0.388640,-1.057248,1.145276,1.077232,-0.048614,0.516460
25.120771,1791356065.574202,-0.388640,-1.057248,1.145276,1.077232,-0.048614,0.516460
25.140532,1791356065.604485,-0.366907,-1.058285,1.155591,1.095534,-0.054818,0.514792
25.159961,1791356065.614992,-0.344851,-1.059428,1.165860,1.109618,-0.059348,0.512445
25.180866,1791356065.620960,-0.322558,-1.060646,1.176065,1.119248,-0.062331,0.507842
25.200583,1791356065.670272,-0.300115,-1.061905,1.186155,1.124686,-0.063342,0.500774
25.220121,1791356065.679302,-0.277601,-1.063161,1.196089,1.126270,-0.062023,0.492393
25.241491,1791356065.694987,-0.255092,-1.064368,1.205838,1.124337,-0.058580,0.482218
25.260454,1791356065.716390,-0.232655,-1.065490,1.215349,1.119058,-0.053456,0.468352
25.280295,1791356065.737803,-0.210360,-1.066497,1.224566,1.110174,-0.047182,0.453311
25.300792,1791356065.755652,-0.315556,-0.992475,1.265523,0.817040,0.134636,0.490215
25.322719,1791356065.775025,-0.337424,-0.973689,1.283864,0.713064,0.184956,0.481716
25.341076,1791356065.797893,-0.338285,-0.959458,1.299084,0.595663,0.220815,0.420126
25.361069,1791356065.833828,-0.334266,-0.950293,1.313076,0.552318,0.237119,0.400192
25.384577,1791356065.833828,-0.334266,-0.950293,1.313076,0.552318,0.237119,0.400192
25.401002,1791356065.865815,-0.325356,-0.939368,1.331714,0.487808,0.238063,0.343227
25.421989,1791356065.893872,-0.315676,-0.934686,1.338214,0.480836,0.229863,0.306982
25.440341,1791356065.893872,-0.315676,-0.934686,1.338214,0.480836,0.229863,0.306982
25.460716,1791356065.918875,-0.307364,-0.927375,1.348205,0.461432,0.203351,0.231278
25.480625,1791356065.934016,-0.307364,-0.927375,1.348205,0.461432,0.203351,0.231278
25.501179,1791356065.969680,-0.288352,-0.920250,1.358141,0.479925,0.171604,0.160655
25.521207,1791356065.974069,-0.288352,-0.920250,1.358141,0.479925,0.171604,0.160655
25.540749,1791356065.998779,-0.278178,-0.917652,1.362868,0.491280,0.151692,0.127362
25.560570,1791356066.020512,-0.274879,-0.916703,1.363927,0.483989,0.126980,0.082317
25.591923,1791356066.020512,-0.274879,-0.916703,1.363927,0.483989,0.126980,0.082317
25.602737,1791356066.066245,-0.264560,-0.916157,1.366179,0.495217,0.099528,0.045443
25.620754,1791356066.080585,-0.244342,-0.913145,1.366462,0.515905,0.050723,-0.030678
25.640685,1791356066.105624,-0.224382,-0.917492,1.366896,0.535206,-0.012401,-0.090528
25.660755,1791356066.115278,-0.213458,-0.919882,1.365011,0.546752,-0.041453,-0.119377
25.680531,1791356066.138815,-0.202415,-0.920940,1.362345,0.557509,-0.064348,-0.146665
25.700767,1791356066.154182,-0.202415,-0.920940,1.362345,0.557509,-0.064348,-0.146665
25.721495,1791356066.178005,-0.179742,-0.924402,1.355568,0.575051,-0.108304,-0.190427
25.740791,1791356066.213585,-0.177931,-0.927541,1.354692,0.552135,-0.130992,-0.199015
25.760354,1791356066.213585,-0.177931,-0.927541,1.354692,0.552135,-0.130992,-0.199015
25.780425,1791356066.214372,-0.175023,-0.929952,1.353931,0.530408,-0.149068,-0.202890
25.800940,1791356066.267462,-0.164416,-0.933112,1.349754,0.530050,-0.166712,-0.214513
25.820402,1791356066.293608,-0.143322,-0.940398,1.340807,0.523709,-0.196479,-0.230941
25.840327,1791356066.293608,-0.143322,-0.940398,1.340807,0.523709,-0.196479,-0.230941
25.860855,1791356066.316590,-0.150508,-0.940833,1.343648,0.467779,-0.197889,-0.215920
25.880692,1791356066.337969,-0.141220,-0.944891,1.339271,0.460913,-0.207701,-0.221260
25.900970,1791356066.357797,-0.132079,-0.949127,1.334809,0.452978,-0.215612,-0.224780
25.920211,1791356066.375221,-0.123109,-0.953501,1.330271,0.443972,-0.221588,-0.228635
25.941151,1791356066.399201,-0.114326,-0.957977,1.325681,0.434178,-0.225821,-0.229988
25.961001,1791356066.433805,-0.097363,-0.967110,1.316416,0.414036,-0.229925,-0.233158
25.980860,1791356066.433805,-0.097363,-0.967110,1.316416,0.414036,-0.229925,-0.233158
26.000556,1791356066.473128,-0.089181,-0.971706,1.311749,0.404179,-0.229520,-0.233082
26.020634,1791356066.476854,-0.081196,-0.976277,1.307098,0.394312,-0.227422,-0.231860
26.041034,1791356066.497875,-0.065833,-0.985220,1.297885,0.373392,-0.218899,-0.227780
26.060476,1791356066.514213,-0.065833,-0.985220,1.297885,0.373392,-0.218899,-0.227780
26.080702,1791356066.535171,-0.058480,-0.989538,1.293359,0.361854,-0.212791,-0.224738
26.101198,1791356066.562360,-0.044154,-0.997954,1.284277,0.336664,-0.197060,-0.217395
26.120464,1791356066.575015,-0.037548,-1.001804,1.279980,0.323862,-0.187772,-0.211840
26.140626,1791356066.613960,-0.031204,-1.005457,1.275828,0.310502,-0.177370,-0.202663
26.160301,1791356066.614743,-0.025132,-1.008897,1.271860,0.296631,-0.166727,-0.195217
26.180804,1791356066.634994,-0.019334,-1.012132,1.267977,0.283360,-0.156982,-0.194071
26.200846,1791356066.673692,-0.013779,-1.015184,1.264013,0.272403,-0.148148,-0.202823
26.221383,1791356066.674540,-0.008413,-1.018049,1.259824,0.264597,-0.138176,-0.216603
26.241326,1791356066.713896,-0.003170,-1.020688,1.255362,0.260093,-0.125462,-0.229417
26.260977,1791356066.714747,0.002012,-1.023045,1.250663,0.258247,-0.109858,-0.240126
26.280637,1791356066.753101,0.007164,-1.025068,1.245804,0.256883,-0.092374,-0.245261
26.300482,1791356066.753101,0.007164,-1.025068,1.245804,0.256883,-0.092374,-0.245261
26.325852,1791356066.774965,0.012274,-1.026751,1.240859,0.253748,-0.076251,-0.249070
26.340886,1791356066.806269,0.017293,-1.028144,1.235852,0.247851,-0.063583,-0.251211
26.361214,1791356066.833731,0.142353,-1.078909,1.178435,0.446936,-0.138021,-0.328777
26.380917,1791356066.833731,0.142353,-1.078909,1.178435,0.446936,-0.138021,-0.328777
26.401966,1791356066.869630,0.165584,-1.088511,1.162578,0.436874,-0.132259,-0.320526
26.420723,1791356066.875337,0.182039,-1.090959,1.153922,0.435345,-0.121029,-0.312791
26.440666,1791356066.903663,0.195639,-1.092432,1.146759,0.421737,-0.105458,-0.302998
26.468703,1791356066.913820,0.195639,-1.092432,1.146759,0.421737,-0.105458,-0.302998
26.480669,1791356066.943987,0.207871,-1.093455,1.139719,0.397638,-0.088015,-0.292641
26.500787,1791356066.967320,0.228409,-1.094336,1.127234,0.324035,-0.052719,-0.268990
26.520682,1791356066.974106,0.228409,-1.094336,1.127234,0.324035,-0.052719,-0.268990
26.540915,1791356067.000538,0.234383,-1.095241,1.122002,0.273021,-0.037791,-0.254522
26.561253,1791356067.018863,0.241590,-1.094344,1.117141,0.224688,-0.018429,-0.238241
26.580237,1791356067.039447,0.250911,-1.090707,1.112299,0.184483,0.009250,-0.224598
26.600831,1791356067.057428,0.256484,-1.088525,1.107914,0.135965,0.034192,-0.208317
26.620806,1791356067.076936,0.264896,-1.082027,1.099984,0.040358,0.087429,-0.181587
26.640399,1791356067.093240,0.264896,-1.082027,1.099984,0.040358,0.087429,-0.181587
26.661302,1791356067.116429,0.265148,-1.080091,1.096474,-0.015326,0.105876,-0.168767
26.680550,1791356067.137824,0.267171,-1.075323,1.093437,-0.062318,0.129354,-0.153008
26.700428,1791356067.159309,0.264866,-1.073372,1.093248,-0.118886,0.138710,-0.129360
26.720490,1791356067.192730,0.261993,-1.063743,1.088396,-0.210515,0.163988,-0.100147
26.741078,1791356067.212881,0.257287,-1.060425,1.086580,-0.259801,0.167464,-0.080965
26.761356,1791356067.232925,0.257702,-1.057583,1.086670,-0.286615,0.166741,-0.053440
26.780543,1791356067.233781,0.251520,-1.054262,1.085859,-0.331070,0.164940,-0.027651
26.800950,1791356067.253509,0.251520,-1.054262,1.085859,-0.331070,0.164940,-0.027651
26.821033,1791356067.284841,0.252632,-1.048929,1.085780,-0.344381,0.167651,-0.002918
26.841023,1791356067.303557,0.245378,-1.045631,1.085960,-0.380433,0.161958,0.020926
26.860622,1791356067.319632,0.246134,-1.039951,1.086244,-0.383777,0.163625,0.042335
26.880924,1791356067.335974,0.242397,-1.027533,1.086229,-0.395463,0.187313,0.059317
26.900497,1791356067.357283,0.233869,-1.023660,1.087694,-0.415887,0.181522,0.080153
26.920557,1791356067.383706,0.225403,-1.020086,1.089478,-0.430123,0.175793,0.098640
26.940554,1791356067.399184,0.216691,-1.016637,1.091658,-0.440581,0.168942,0.118776
26.961125,1791356067.417169,0.207801,-1.013347,1.094227,-0.448112,0.159538,0.137714
26.980926,1791356067.439377,0.189693,-1.007514,1.100272,-0.455830,0.130162,0.161483
27.000988,1791356067.453501,0.189693,-1.007514,1.100272,-0.455830,0.130162,0.161483
27.020591,1791356067.477467,0.171467,-1.002990,1.106948,-0.453864,0.096671,0.172154
27.040689,1791356067.512743,0.162437,-1.001199,1.110431,-0.448784,0.082640,0.176484
27.061034,1791356067.532909,0.153536,-0.999671,1.113985,-0.440886,0.070352,0.178400
27.080589,1791356067.553015,0.144822,-0.998383,1.117556,-0.430200,0.058440,0.178494
27.100816,1791356067.573601,0.136347,-0.997340,1.121122,-0.417159,0.045673,0.177669
27.121289,1791356067.573601,0.136347,-0.997340,1.121122,-0.417159,0.045673,0.177669
27.142692,1791356067.596052,0.128147,-0.996565,1.124657,-0.402772,0.031698,0.175168
27.163597,1791356067.616384,0.120240,-0.996076,1.128116,-0.387845,0.017128,0.170927
27.180354,1791356067.652636,0.105333,-0.995955,1.134718,-0.357290,-0.010542,0.158609
27.200948,1791356067.652636,0.105333,-0.995955,1.134718,-0.357290,-0.010542,0.158609
27.220928,1791356067.693012,0.091714,-0.996869,1.140819,-0.323034,-0.034668,0.145225
27.240914,1791356067.712678,0.085438,-0.997673,1.143644,-0.304433,-0.045585,0.136942
27.260634,1791356067.714054,0.079542,-0.998688,1.146305,-0.285198,-0.055883,0.129071
27.280530,1791356067.734521,0.079542,-0.998688,1.146305,-0.285198,-0.055883,0.129071
27.300892,1791356067.773047,0.068905,-1.001313,1.151122,-0.246728,-0.075192,0.112099
27.324611,1791356067.773047,0.068905,-1.001313,1.151122,-0.246728,-0.075192,0.112099
27.340898,1791356067.813375,0.059781,-1.004690,1.155276,-0.209778,-0.093396,0.095769
27.360643,1791356067.814231,0.055763,-1.006640,1.157107,-0.192034,-0.101513,0.087413
27.380754,1791356067.835621,0.052098,-1.008741,1.158763,-0.174508,-0.108370,0.078430
27.400900,1791356067.855006,0.048783,-1.010963,1.160241,-0.156931,-0.113710,0.069575
27.420976,1791356067.892570,0.045820,-1.013276,1.161536,-0.139403,-0.117405,0.060066
27.441277,1791356067.912648,0.043205,-1.015649,1.162659,-0.122145,-0.119727,0.051949
27.460617,1791356067.912648,0.043205,-1.015649,1.162659,-0.122145,-0.119727,0.051949
27.480149,1791356067.936413,0.040927,-1.018057,1.163601,-0.105729,-0.120943,0.042183
27.500720,1791356067.972490,0.037313,-1.022907,1.164978,-0.075692,-0.121146,0.026821
27.520581,1791356067.972490,0.037313,-1.022907,1.164978,-0.075692,-0.121146,0.026821
27.541720,1791356068.012947,0.108589,-0.910417,1.159980,0.075585,0.080567,0.000059
27.563873,1791356068.013768,0.110230,-0.908754,1.159924,0.088415,0.085801,-0.005931
27.580021,1791356068.053820,0.118672,-0.897985,1.158056,0.111472,0.107135,-0.012016
27.601791,1791356068.072305,0.121010,-0.895788,1.157819,0.122046,0.112305,-0.011052
27.620614,1791356068.073088,0.125039,-0.893236,1.156588,0.132337,0.113783,-0.011113
27.641041,1791356068.092432,0.125039,-0.893236,1.156588,0.132337,0.113783,-0.011113
27.660796,1791356068.118487,0.130895,-0.889908,1.156557,0.134381,0.091942,-0.008562
27.680158,1791356068.132585,0.130895,-0.889908,1.156557,0.134381,0.091942,-0.008562
27.700998,1791356068.159809,0.133367,-0.889471,1.156854,0.126705,0.069732,-0.009868
27.720749,1791356068.191958,0.137062,-0.890041,1.155868,0.098037,0.016500,-0.017275
27.740075,1791356068.212387,0.138862,-0.889954,1.155487,0.081860,-0.007763,-0.020380
27.760409,1791356068.232528,0.140331,-0.890349,1.155077,0.065042,-0.031651,-0.020670
27.781005,1791356068.233334,0.141465,-0.891216,1.154636,0.048262,-0.055052,-0.023212
27.800832,1791356068.272531,0.140180,-0.893032,1.155073,0.026047,-0.080135,-0.022136
27.820622,1791356068.272531,0.140180,-0.893032,1.155073,0.026047,-0.080135,-0.022136
27.841049,1791356068.312434,0.140498,-0.897207,1.154094,-0.010714,-0.128682,-0.026145
27.860966,1791356068.312434,0.140498,-0.897207,1.154094,-0.010714,-0.128682,-0.026145
27.881000,1791356068.335997,0.140090,-0.900019,1.153556,-0.030126,-0.152292,-0.027911
27.900848,1791356068.373723,0.131269,-0.917742,1.152473,-0.085836,-0.221933,-0.031597
27.920723,1791356068.393791,0.129372,-0.922368,1.151826,-0.103583,-0.240394,-0.033175
27.940733,1791356068.413845,0.127138,-0.927339,1.151154,-0.119611,-0.256355,-0.034061
27.961171,1791356068.414684,0.124600,-0.932604,1.150486,-0.133952,-0.269774,-0.032855
27.981143,1791356068.452378,0.121793,-0.938110,1.149831,-0.146576,-0.280580,-0.032613
28.000523,1791356068.452378,0.121793,-0.938110,1.149831,-0.146576,-0.280580,-0.032613
28.022797,1791356068.476909,0.118747,-0.943810,1.149190,-0.157860,-0.289098,-0.031483
28.041594,1791356068.510552,0.114265,-0.948064,1.148453,-0.171153,-0.291291,-0.031093
28.060683,1791356068.532698,0.107077,-0.959882,1.147238,-0.187273,-0.298335,-0.029487
28.080399,1791356068.551925,0.103273,-0.965855,1.146648,-0.192920,-0.298718,-0.029579
28.100457,1791356068.572047,0.103346,-0.962812,1.146735,-0.186641,-0.273468,-0.028191
28.121015,1791356068.592620,0.099587,-0.968238,1.146188,-0.189050,-0.268777,-0.026377
28.140236,1791356068.613005,0.095796,-0.973544,1.145685,-0.189922,-0.261536,-0.023994
28.161157,1791356068.613005,0.095796,-0.973544,1.145685,-0.189922,-0.261536,-0.023994
28.180892,1791356068.637528,0.092001,-0.978684,1.145225,-0.189434,-0.252292,-0.022192
28.200636,1791356068.655035,0.088227,-0.983627,1.144790,-0.187791,-0.241932,-0.021513
28.220849,1791356068.677750,0.080831,-0.992876,1.143905,-0.181364,-0.220522,-0.022595
28.241239,1791356068.692649,0.080831,-0.992876,1.143905,-0.181364,-0.220522,-0.022595
28.260844,1791356068.719992,0.077250,-0.997180,1.143451,-0.176633,-0.209942,-0.023000
28.281069,1791356068.753047,0.070410,-1.005150,1.142465,-0.164978,-0.188356,-0.025830
28.300622,1791356068.773732,0.067176,-1.008805,1.141932,-0.158314,-0.177060,-0.027334
28.320558,1791356068.793091,0.064082,-1.012231,1.141375,-0.151036,-0.165468,-0.028486
28.340870,1791356068.793091,0.064082,-1.012231,1.141375,-0.151036,-0.165468,-0.028486
28.360639,1791356068.832809,0.058364,-1.018378,1.140190,-0.134501,-0.141843,-0.030912
28.380307,1791356068.833659,0.055764,-1.021096,1.139558,-0.125365,-0.129957,-0.032248
28.400831,1791356068.872374,0.053236,-1.023694,1.138872,-0.115388,-0.117507,-0.032998
28.420397,1791356068.892889,0.051024,-1.025928,1.138197,-0.105841,-0.105917,-0.034353
28.441115,1791356068.912728,0.049003,-1.027933,1.137513,-0.096265,-0.094613,-0.033832
28.460813,1791356068.913528,0.047172,-1.029717,1.136842,-0.086901,-0.083947,-0.033201
28.480411,1791356068.952335,0.045523,-1.031299,1.136173,-0.077985,-0.074283,-0.033830
28.500231,1791356068.972612,0.044049,-1.032696,1.135506,-0.069490,-0.065545,-0.033045
28.520326,1791356068.992256,0.042739,-1.033926,1.134844,-0.061558,-0.057558,-0.032814
28.540992,1791356069.012889,0.041583,-1.035000,1.134193,-0.054215,-0.049866,-0.032486
28.561675,1791356069.032669,0.040567,-1.035920,1.133556,-0.047436,-0.042155,-0.031244
28.580723,1791356069.033796,0.039681,-1.036687,1.132933,-0.041214,-0.034588,-0.030873
28.601536,1791356069.072320,-0.008407,-1.097348,1.121752,-0.121728,-0.137772,-0.046730
28.620425,1791356069.073099,-0.016614,-1.107575,1.119354,-0.128416,-0.146655,-0.050474
28.641215,1791356069.097382,-0.021164,-1.115146,1.116780,-0.128543,-0.150706,-0.053047
28.660579,1791356069.114156,-0.021164,-1.115146,1.116780,-0.128543,-0.150706,-0.053047
28.680634,1791356069.152812,-0.026119,-1.120921,1.114674,-0.118046,-0.136283,-0.051474
28.700206,1791356069.172208,-0.028392,-1.123526,1.113685,-0.108864,-0.123703,-0.047393
28.721188,1791356069.191698,-0.028212,-1.124765,1.113228,-0.091700,-0.105123,-0.041569
28.739961,1791356069.211998,-0.029895,-1.126681,1.112433,-0.076304,-0.086160,-0.037754
28.761250,1791356069.231724,-0.031249,-1.128201,1.111727,-0.058864,-0.065717,-0.032607
28.780729,1791356069.231724,-0.031249,-1.128201,1.111727,-0.058864,-0.065717,-0.032607
28.800872,1791356069.266866,-0.029017,-1.127669,1.111024,-0.013833,-0.020147,-0.021081
28.820756,1791356069.275732,-0.026925,-1.126519,1.110915,0.008713,0.001385,-0.015933
28.840813,1791356069.293010,-0.026925,-1.126519,1.110915,0.008713,0.001385,-0.015933
28.861283,1791356069.315737,-0.026579,-1.126317,1.110625,0.025739,0.018705,-0.013116
28.882066,1791356069.344427,-0.025899,-1.125776,1.110386,0.042301,0.035362,-0.010551
28.900459,1791356069.373300,-0.023558,-1.123712,1.110128,0.074379,0.067398,-0.003490
28.921355,1791356069.373300,-0.023558,-1.123712,1.110128,0.074379,0.067398,-0.003490
28.941353,1791356069.408875,-0.019981,-1.120443,1.110076,0.103848,0.094893,-0.000376
28.960799,1791356069.412629,-0.019981,-1.120443,1.110076,0.103848,0.094893,-0.000376
28.980503,1791356069.437670,-0.015312,-1.116230,1.110082,0.128726,0.114468,0.000817
29.000760,1791356069.472472,-0.012634,-1.113869,1.110110,0.138818,0.121510,0.001779
29.020721,1791356069.491709,-0.009771,-1.111380,1.110151,0.147229,0.127213,0.002338
29.041451,1791356069.491709,-0.009771,-1.111380,1.110151,0.147229,0.127213,0.002338
29.071525,1791356069.491709,-0.009771,-1.111380,1.110151,0.147229,0.127213,0.002338
29.080754,1791356069.553089,-0.000390,-1.103378,1.110453,0.163302,0.138014,0.007288
29.100347,1791356069.553994,0.002902,-1.100602,1.110604,0.165702,0.139423,0.007913
29.121029,1791356069.591512,0.006227,-1.097810,1.110777,0.166610,0.139715,0.009536
29.140976,1791356069.613054,0.009555,-1.095021,1.110978,0.165964,0.139116,0.010227
29.160518,1791356069.613882,0.013018,-1.092112,1.111188,0.163666,0.137851,0.010106
29.181021,1791356069.651352,0.016257,-1.089370,1.111401,0.160066,0.136293,0.010994
29.200329,1791356069.652175,0.019413,-1.086661,1.111633,0.155474,0.134592,0.012033
29.221483,1791356069.691996,0.022470,-1.083987,1.111868,0.150091,0.132801,0.011664
29.239954,1791356069.713379,0.025410,-1.081351,1.112096,0.143836,0.130763,0.011199
29.260705,1791356069.713379,0.025410,-1.081351,1.112096,0.143836,0.130763,0.011199
29.280993,1791356069.738310,0.028217,-1.078758,1.112324,0.136813,0.128537,0.011645
29.300200,1791356069.772088,0.106203,-1.100877,1.099825,0.272221,0.074478,-0.012871
29.324082,1791356069.773435,0.127689,-1.103317,1.097055,0.289626,0.061385,-0.016912
29.340697,1791356069.811681,0.140166,-1.104513,1.095627,0.296258,0.054204,-0.020179
29.360568,1791356069.812564,0.149018,-1.105665,1.094113,0.292698,0.048146,-0.022027
29.380935,1791356069.851927,0.154730,-1.104705,1.093695,0.277812,0.048055,-0.019545
29.400934,1791356069.851927,0.154730,-1.104705,1.093695,0.277812,0.048055,-0.019545
29.420669,1791356069.886617,0.161439,-1.105458,1.092766,0.241513,0.045175,-0.017181
29.440942,1791356069.899414,0.169501,-1.104197,1.092364,0.200348,0.048208,-0.016341
29.460919,1791356069.931897,0.174190,-1.103657,1.091891,0.169678,0.049856,-0.015609
29.480787,1791356069.931897,0.174190,-1.103657,1.091891,0.169678,0.049856,-0.015609
29.500559,1791356069.972325,0.178821,-1.102118,1.091954,0.099729,0.056983,-0.012365
29.520705,1791356069.992033,0.180478,-1.100916,1.091705,0.066003,0.063446,-0.012403
29.540576,1791356070.013916,0.179434,-1.100516,1.091757,0.026960,0.068604,-0.010635
29.560541,1791356070.032384,0.179642,-1.099065,1.091533,-0.006148,0.076580,-0.011702
29.582251,1791356070.032384,0.179642,-1.099065,1.091533,-0.006148,0.076580,-0.011702
29.601020,1791356070.065009,0.178156,-1.097180,1.091085,-0.071139,0.087349,-0.010087
29.624697,1791356070.074465,0.178156,-1.097180,1.091085,-0.071139,0.087349,-0.010087
29.640790,1791356070.110372,0.174911,-1.095395,1.090767,-0.129215,0.093429,-0.009108
29.661049,1791356070.133732,0.172049,-1.093477,1.090587,-0.156708,0.098347,-0.009099
29.680698,1791356070.133732,0.172049,-1.093477,1.090587,-0.156708,0.098347,-0.009099
29.701054,1791356070.134556,0.168659,-1.091462,1.090406,-0.182043,0.103103,-0.008663
29.720241,1791356070.191910,0.160480,-1.087137,1.090160,-0.225159,0.113181,-0.003417
29.740854,1791356070.213163,0.155798,-1.084823,1.090138,-0.242688,0.118147,0.001073
29.761123,1791356070.213163,0.155798,-1.084823,1.090138,-0.242688,0.118147,0.001073
29.783211,1791356070.251604,0.145518,-1.079932,1.090296,-0.269827,0.125783,0.006535
29.800116,1791356070.272079,0.140016,-1.077394,1.090464,-0.280099,0.127891,0.010257
29.820376,1791356070.291704,0.134329,-1.074825,1.090693,-0.288341,0.128861,0.012257
29.840442,1791356070.311155,0.128496,-1.072246,1.090949,-0.294669,0.128975,0.013874
29.860664,1791356070.330566,0.122557,-1.069671,1.091248,-0.298958,0.128422,0.015754
29.883548,1791356070.330566,0.122557,-1.069671,1.091248,-0.298958,0.128422,0.015754
29.901174,1791356070.372124,0.110532,-1.064584,1.091911,-0.300921,0.125593,0.016680
29.922300,1791356070.378729,0.104237,-1.061970,1.092264,-0.298327,0.123244,0.016364
29.940760,1791356070.396290,0.098208,-1.031671,1.090428,-0.293849,0.185796,0.011897
29.960817,1791356070.413521,0.098208,-1.031671,1.090428,-0.293849,0.185796,0.011897
29.980157,1791356070.445727,0.087512,-1.014240,1.090027,-0.277446,0.203669,0.012755
30.001104,1791356070.471687,0.081721,-1.006549,1.088674,-0.268730,0.207661,0.011639
30.020470,1791356070.492138,0.076454,-1.002461,1.088924,-0.257859,0.200759,0.012943
30.045766,1791356070.512459,0.071415,-0.998540,1.089179,-0.245940,0.190945,0.012220
30.060549,1791356070.531264,0.076283,-0.998293,1.089088,-0.210695,0.170261,0.010594
30.080721,1791356070.532097,0.074211,-0.996627,1.089195,-0.203844,0.162976,0.010674
30.100413,1791356070.572232,0.070271,-0.993523,1.089399,-0.190099,0.147261,0.009484
30.120318,1791356070.573042,0.066607,-0.990744,1.089582,-0.176409,0.130573,0.008784
30.140830,1791356070.594965,0.063211,-0.988301,1.089740,-0.163196,0.113599,0.007218
30.160587,1791356070.615239,0.060076,-0.986199,1.089862,-0.150436,0.096657,0.004823
30.181407,1791356070.652817,0.057193,-0.984436,1.089943,-0.137884,0.079596,0.003679
30.200986,1791356070.652817,0.057193,-0.984436,1.089943,-0.137884,0.079596,0.003679
30.220514,1791356070.690388,0.052174,-0.981943,1.090090,-0.113123,0.044993,0.003682
30.240100,1791356070.690388,0.052174,-0.981943,1.090090,-0.113123,0.044993,0.003682
30.260747,1791356070.721095,0.048126,-0.980828,1.090207,-0.089565,0.010986,0.002458
30.280646,1791356070.750866,0.046446,-0.980772,1.090263,-0.078610,-0.005257,0.003074
30.301067,1791356070.773907,0.044977,-0.981031,1.090327,-0.068381,-0.020563,0.003233
30.320610,1791356070.791153,0.043706,-0.981585,1.090388,-0.058740,-0.034756,0.003394
30.340193,1791356070.811076,0.042623,-0.982413,1.090459,-0.049589,-0.047854,0.003743
30.360595,1791356070.830771,0.041718,-0.983492,1.090538,-0.040988,-0.059904,0.003954
30.382075,1791356070.830771,0.041718,-0.983492,1.090538,-0.040988,-0.059904,0.003954
30.400613,1791356070.871538,0.040398,-0.986317,1.090683,-0.025282,-0.080704,0.004398
30.421069,1791356070.872319,0.039964,-0.988019,1.090784,-0.018235,-0.089444,0.005836
30.440048,1791356070.911284,0.039663,-0.989885,1.090899,-0.011914,-0.097013,0.006072
30.460567,1791356070.930523,0.039482,-0.991892,1.091025,-0.006316,-0.103525,0.006462
30.480433,1791356070.950756,0.039406,-0.994018,1.091161,-0.001427,-0.108987,0.007271
30.501354,1791356070.950756,0.039406,-0.994018,1.091161,-0.001427,-0.108987,0.007271
30.519990,1791356070.977467,0.039510,-0.998544,1.091472,0.006245,-0.116600,0.008646
30.542617,1791356070.994616,0.039510,-0.998544,1.091472,0.006245,-0.116600,0.008646
30.560782,1791356070.998057,0.039666,-1.000898,1.091671,0.009252,-0.118630,0.010875
30.613479,1791356070.998057,0.039666,-1.000898,1.091671,0.009252,-0.118630,0.010875
30.623063,1791356071.024656,0.039666,-1.000898,1.091671,0.009252,-0.118630,0.010875
30.635805,1791356071.088011,0.039877,-1.003280,1.091894,0.011829,-0.119480,0.011635
30.654939,1791356071.104234,0.039877,-1.003280,1.091894,0.011829,-0.119480,0.011635
30.681417,1791356071.140778,0.040433,-1.008050,1.092385,0.015673,-0.118562,0.013189
30.695745,1791356071.143463,0.040759,-1.010409,1.092659,0.016864,-0.117306,0.014453
30.717643,1791356071.186111,0.042137,-1.019446,1.094064,0.016373,-0.107134,0.020049
30.734885,1791356071.191537,0.042470,-1.021653,1.094485,0.015301,-0.102995,0.020196
30.755275,1791356071.224995,-0.016947,-1.025707,1.085473,-0.084265,-0.101384,0.007337
30.775491,1791356071.232284,-0.023744,-1.026469,1.085063,-0.095422,-0.094526,0.007154
30.794883,1791356071.255147,-0.025682,-1.028309,1.085210,-0.098388,-0.089398,0.007686
30.816277,1791356071.273285,-0.027677,-1.030043,1.085372,-0.100962,-0.083933,0.008739
30.835580,1791356071.291060,-0.029708,-1.031664,1.085568,-0.101766,-0.078122,0.010850
30.855713,1791356071.312379,-0.031724,-1.033165,1.085825,-0.099466,-0.071900,0.014915
30.875282,1791356071.330960,-0.031870,-1.030990,1.085272,-0.090192,-0.058599,0.015499
30.894853,1791356071.350634,-0.033585,-1.032089,1.085597,-0.080840,-0.051288,0.017098
30.915954,1791356071.386550,-0.035085,-1.033038,1.085960,-0.068892,-0.043577,0.019539
30.935859,1791356071.389850,-0.036330,-1.033832,1.086373,-0.055532,-0.035872,0.021527
30.955442,1791356071.410771,-0.037302,-1.034477,1.086826,-0.041635,-0.028706,0.023946
30.975163,1791356071.436251,-0.037997,-1.034988,1.087320,-0.027908,-0.022543,0.025267
30.995190,1791356071.452720,-0.035503,-1.031285,1.086962,-0.008449,-0.009093,0.023823
31.015325,1791356071.479132,-0.035537,-1.031422,1.087450,0.005019,-0.004748,0.025370
31.036218,1791356071.496361,-0.035301,-1.031479,1.087973,0.018571,-0.001004,0.026862
31.056675,1791356071.510344,-0.034794,-1.031466,1.088520,0.032195,0.002352,0.027776
31.075566,1791356071.533852,-0.034014,-1.031388,1.089080,0.045780,0.005400,0.028445
31.095839,1791356071.550754,-0.032967,-1.031255,1.089664,0.058845,0.007693,0.029937
31.115721,1791356071.570311,-0.031667,-1.031086,1.090270,0.070966,0.009162,0.030694
31.135644,1791356071.590125,-0.030136,-1.030895,1.090890,0.081971,0.009889,0.031240
31.154780,1791356071.623603,-0.028397,-1.030694,1.091509,0.091851,0.010124,0.030584
31.175369,1791356071.631231,-0.026470,-1.030493,1.092117,0.100719,0.009919,0.030463
31.195157,1791356071.651489,-0.024376,-1.030300,1.092711,0.108520,0.009339,0.028963
31.215752,1791356071.670371,-0.022134,-1.030122,1.093292,0.115543,0.008397,0.028998
31.235395,1791356071.690648,-0.019760,-1.029966,1.093860,0.121828,0.007206,0.028097
31.254797,1791356071.711104,-0.017267,-1.029836,1.094423,0.127405,0.005784,0.027692
31.275594,1791356071.730966,-0.014668,-1.029734,1.094973,0.132334,0.004308,0.027271
31.295408,1791356071.758078,-0.011980,-1.029666,1.095517,0.136342,0.002533,0.027262
31.315264,1791356071.760376,-0.009221,-1.029634,1.096056,0.139488,0.000651,0.026395
31.336307,1791356071.804249,-0.006407,-1.029641,1.096581,0.141761,-0.001394,0.026175
31.354970,1791356071.817478,-0.003557,-1.029691,1.097108,0.143151,-0.003588,0.026170
31.375813,1791356071.838737,-0.000687,-1.029786,1.097621,0.143786,-0.005925,0.025241
31.395554,1791356071.853232,0.002189,-1.029929,1.098108,0.143744,-0.008393,0.023465
31.415727,1791356071.873576,0.005058,-1.030122,1.098548,0.143116,-0.010886,0.020851
31.434918,1791356071.893940,0.007909,-1.030365,1.098941,0.141889,-0.013452,0.018387
31.455128,1791356071.913805,0.010730,-1.030660,1.099292,0.140084,-0.016081,0.016540
31.475257,1791356071.931286,0.013507,-1.031008,1.099593,0.137585,-0.018767,0.013569
31.495323,1791356071.950409,0.016362,-1.031432,1.099847,0.134163,-0.021567,0.010440
31.516327,1791356071.951411,0.019006,-1.031889,1.100026,0.130197,-0.024044,0.007384
31.535930,1791356071.997386,0.021565,-1.032392,1.100141,0.125619,-0.026227,0.003923
31.555320,1791356072.010447,0.024027,-1.032934,1.100171,0.120606,-0.027965,-0.000996
31.575093,1791356072.030675,0.026387,-1.033505,1.100117,0.115353,-0.029014,-0.004575
31.595484,1791356072.051540,0.028640,-1.034092,1.099980,0.109836,-0.029650,-0.008938
31.615179,1791356072.071640,0.030776,-1.034691,1.099775,0.103659,-0.030312,-0.011138
31.636065,1791356072.072527,0.032782,-1.035305,1.099539,0.096913,-0.031045,-0.012350
31.655504,1791356072.117100,0.034650,-1.035932,1.099264,0.089925,-0.031739,-0.015119
31.675231,1791356072.129744,0.036378,-1.036573,1.098940,0.082836,-0.032246,-0.017093
31.696085,1791356072.159062,0.037964,-1.037220,1.098592,0.075800,-0.032381,-0.018021
31.716374,1791356072.174215,0.039412,-1.037865,1.098208,0.069057,-0.032092,-0.020337
31.737925,1791356072.175585,0.040728,-1.038501,1.097782,0.062567,-0.031431,-0.022383
31.755185,1791356072.219883,0.041917,-1.039120,1.097310,0.056282,-0.030496,-0.024673
31.775747,1791356072.233958,0.042980,-1.039720,1.096798,0.050093,-0.029489,-0.026276
31.795553,1791356072.255528,0.043921,-1.040300,1.096258,0.043989,-0.028537,-0.027418
31.815514,1791356072.261403,0.044741,-1.040862,1.095710,0.038017,-0.027678,-0.027443
31.839193,1791356072.298670,0.045444,-1.041407,1.095154,0.032294,-0.026831,-0.027712
31.855936,1791356072.316206,0.046034,-1.041935,1.094596,0.026788,-0.025967,-0.027902
31.875121,1791356072.332197,0.018014,-1.077483,1.086378,-0.018655,-0.074488,-0.036717
31.895307,1791356072.350776,0.017585,-1.078968,1.085646,-0.024207,-0.074051,-0.036616
31.915278,1791356072.371886,0.016252,-1.080120,1.085359,-0.030504,-0.072719,-0.034358
31.935459,1791356072.390047,0.015599,-1.081557,1.084697,-0.034587,-0.070728,-0.031851
31.955721,1791356072.414002,0.014880,-1.082935,1.084095,-0.037071,-0.066816,-0.028617
31.975191,1791356072.430835,0.014971,-1.081041,1.084584,-0.036166,-0.055322,-0.024118
31.995615,1791356072.456289,0.014260,-1.082069,1.084149,-0.034686,-0.047164,-0.019341
32.015632,1791356072.473206,0.014340,-1.080869,1.084526,-0.030218,-0.033943,-0.014246
32.048046,1791356072.493283,0.013777,-1.081448,1.084281,-0.025948,-0.023948,-0.010153
32.055125,1791356072.523253,0.013307,-1.081828,1.084119,-0.021023,-0.014208,-0.006481
32.075648,1791356072.531908,0.012938,-1.082021,1.084012,-0.015891,-0.005163,-0.004572
32.094743,1791356072.552175,0.012672,-1.082040,1.083929,-0.010681,0.003232,-0.003588
32.115160,1791356072.578138,0.012512,-1.081895,1.083876,-0.005360,0.011246,-0.001490
32.135243,1791356072.596657,0.012458,-1.081591,1.083861,-0.000004,0.019103,0.000463
32.156124,1791356072.627554,0.012512,-1.081131,1.083903,0.005430,0.026884,0.003507
32.175428,1791356072.631026,0.012676,-1.080518,1.083993,0.010947,0.034431,0.005857
32.195306,1791356072.653920,0.012951,-1.079757,1.084130,0.016626,0.041614,0.008622
32.215123,1791356072.673470,0.013341,-1.078857,1.084327,0.022387,0.048321,0.010832
32.235663,1791356072.698333,0.013844,-1.077830,1.084542,0.027872,0.054302,0.010761
32.255539,1791356072.711898,0.014487,-1.076630,1.084776,0.033258,0.059884,0.011789
32.275361,1791356072.737579,0.015199,-1.075385,1.085029,0.037901,0.064566,0.013614
32.295954,1791356072.737579,0.015199,-1.075385,1.085029,0.037901,0.064566,0.013614
32.316132,1791356072.775609,0.016877,-1.072640,1.085647,0.045673,0.072346,0.016403
32.335230,1791356072.789970,0.020554,-1.061131,1.083844,0.055092,0.098201,0.013455
32.364098,1791356072.790717,0.021685,-1.059136,1.084118,0.057965,0.101276,0.013607
32.376275,1791356072.829002,0.021685,-1.059136,1.084118,0.057965,0.101276,0.013607
32.395725,1791356072.856823,0.024604,-1.052143,1.083887,0.063593,0.112150,0.015227
32.416392,1791356072.872059,0.024772,-1.051296,1.083565,0.062593,0.109826,0.014556
32.436029,1791356072.889728,0.026035,-1.049102,1.083847,0.063692,0.109382,0.013854
32.455489,1791356072.911795,0.030752,-1.041121,1.084866,0.069786,0.113041,0.015942
32.475475,1791356072.929520,0.030752,-1.041121,1.084866,0.069786,0.113041,0.015942
32.497947,1791356072.929520,0.030752,-1.041121,1.084866,0.069786,0.113041,0.015942
32.515423,1791356072.975665,0.033534,-1.036765,1.085508,0.068951,0.104288,0.016352
32.536235,1791356072.990628,0.034992,-1.034009,1.087521,0.063148,0.090052,0.018645
32.555886,1791356073.009307,0.034992,-1.034009,1.087521,0.063148,0.090052,0.018645
32.575234,1791356073.043343,0.037438,-1.030666,1.088262,0.058924,0.076845,0.017445
32.595410,1791356073.049462,0.037438,-1.030666,1.088262,0.058924,0.076845,0.017445
32.617274,1791356073.051521,0.038590,-1.029200,1.088606,0.056259,0.069693,0.017061
32.647631,1791356073.095639,0.039686,-1.027880,1.088938,0.053252,0.062307,0.015908
32.656881,1791356073.095639,0.039686,-1.027880,1.088938,0.053252,0.062307,0.015908
32.675422,1791356073.138699,0.041682,-1.025692,1.089531,0.046413,0.047044,0.013374
32.695695,1791356073.153818,0.043393,-1.024119,1.089991,0.039093,0.031636,0.009573
32.715009,1791356073.169277,0.043393,-1.024119,1.089991,0.039093,0.031636,0.009573
32.736431,1791356073.189915,0.044138,-1.023562,1.090185,0.035420,0.024079,0.009900
32.755135,1791356073.218842,0.044810,-1.023153,1.090366,0.031805,0.016847,0.008266
32.775385,1791356073.231199,0.045411,-1.022886,1.090526,0.028266,0.009933,0.007932
32.795414,1791356073.268155,0.045942,-1.022753,1.090665,0.024863,0.003454,0.005940
32.816611,1791356073.271399,0.046406,-1.022745,1.090771,0.021579,-0.002683,0.004959
32.838835,1791356073.291596,0.046806,-1.022857,1.090861,0.018394,-0.008432,0.003859
32.855438,1791356073.315732,0.047142,-1.023080,1.090923,0.015250,-0.013787,0.002343
32.875499,1791356073.329718,0.047416,-1.023406,1.090963,0.012114,-0.018744,0.001396
32.895343,1791356073.352321,0.047776,-1.024330,1.090975,0.006035,-0.027136,-0.000458
32.915373,1791356073.369509,0.047776,-1.024330,1.090975,0.006035,-0.027136,-0.000458
32.936884,1791356073.390412,0.047870,-1.024907,1.090947,0.003335,-0.030550,-0.002510
32.956107,1791356073.391601,0.047911,-1.025549,1.090885,0.000817,-0.033562,-0.003593
32.975559,1791356073.435765,0.047905,-1.026247,1.090803,-0.001405,-0.036181,-0.004806
32.995466,1791356073.460348,0.047856,-1.026994,1.090695,-0.003437,-0.038486,-0.005773
33.015673,1791356073.474064,0.047763,-1.027825,1.090554,-0.005403,-0.040603,-0.007689
33.035716,1791356073.490927,0.047475,-1.029512,1.090220,-0.008997,-0.043459,-0.008281
33.056314,1791356073.509111,0.047475,-1.029512,1.090220,-0.008997,-0.043459,-0.008281
33.075236,1791356073.537145,0.047276,-1.030387,1.090037,-0.010895,-0.043937,-0.009979
33.095920,1791356073.563940,0.047038,-1.031263,1.089841,-0.012934,-0.043529,-0.009724
33.115660,1791356073.570172,0.046759,-1.032122,1.089641,-0.014986,-0.042244,-0.010195
33.135534,1791356073.593625,0.049081,-1.023102,1.078534,-0.013142,-0.019008,-0.026023
33.155207,1791356073.608944,0.049081,-1.023102,1.078534,-0.013142,-0.019008,-0.026023
33.175671,1791356073.631258,0.049456,-1.023161,1.076032,-0.012995,-0.015365,-0.028819
33.195692,1791356073.652873,0.049190,-1.023435,1.075471,-0.013536,-0.012006,-0.026772
33.215290,1791356073.685832,0.050147,-1.022875,1.075301,-0.011518,-0.007350,-0.024276
33.235264,1791356073.707172,0.049915,-1.022993,1.074828,-0.011715,-0.004575,-0.022753
33.255526,1791356073.710320,0.049718,-1.022217,1.074674,-0.011908,-0.000745,-0.019431
33.280105,1791356073.734574,0.049477,-1.022214,1.074308,-0.012179,0.000959,-0.016975
33.294755,1791356073.761811,0.048428,-1.023318,1.072821,-0.013737,0.000538,-0.012147
33.314948,1791356073.769424,0.048428,-1.023318,1.072821,-0.013737,0.000538,-0.012147
33.335189,1791356073.791525,0.047625,-1.024044,1.072033,-0.014343,-0.000150,-0.001185
33.355140,1791356073.810359,0.047340,-1.024044,1.072080,-0.014160,0.000105,0.005525
33.375106,1791356073.829072,0.047340,-1.024044,1.072080,-0.014160,0.000105,0.005525
33.395805,1791356073.864670,0.047060,-1.024041,1.072231,-0.013797,0.000225,0.009672
33.415584,1791356073.876429,0.047018,-1.024013,1.073103,-0.011399,-0.000208,0.019192
33.435763,1791356073.890314,0.047198,-1.024005,1.073614,-0.009331,-0.000693,0.025081
33.454919,1791356073.909425,0.047198,-1.024005,1.073614,-0.009331,-0.000693,0.025081
33.475342,1791356073.931154,0.046763,-1.024004,1.073929,-0.008788,-0.001197,0.030200
33.495580,1791356073.959926,0.046601,-1.024033,1.074578,-0.007438,-0.001679,0.034661
33.515515,1791356073.973196,0.046465,-1.024072,1.075320,-0.006191,-0.002207,0.039501
33.535231,1791356073.995097,0.045066,-1.024827,1.076686,-0.007757,-0.005698,0.046325
33.556596,1791356074.009012,0.045066,-1.024827,1.076686,-0.007757,-0.005698,0.046325
33.580941,1791356074.036349,0.044913,-1.024954,1.077629,-0.007632,-0.007041,0.048062
33.595571,1791356074.057520,0.044926,-1.025203,1.078400,-0.007269,-0.008661,0.050114
33.615916,1791356074.080485,0.044055,-1.027499,1.079200,-0.009083,-0.016170,0.049461
33.635313,1791356074.088544,0.044055,-1.027499,1.079200,-0.009083,-0.016170,0.049461
33.655726,1791356074.111357,0.043888,-1.028185,1.078803,-0.009015,-0.018081,0.046229
33.675915,1791356074.133840,0.043535,-1.028934,1.080643,-0.008619,-0.019377,0.045098
33.695570,1791356074.149209,0.043535,-1.028934,1.080643,-0.008619,-0.019377,0.045098
33.715702,1791356074.173996,0.043196,-1.030000,1.081375,-0.008965,-0.022137,0.044200
33.739546,1791356074.197880,0.043018,-1.030450,1.082261,-0.008851,-0.022749,0.044102
33.755741,1791356074.213785,0.042903,-1.030993,1.081719,-0.008576,-0.023159,0.038635
33.775315,1791356074.229870,0.042724,-1.031476,1.082534,-0.008490,-0.022783,0.038855
33.796044,1791356074.268654,0.042389,-1.032356,1.084018,-0.008297,-0.021041,0.035282
33.815753,1791356074.268654,0.042389,-1.032356,1.084018,-0.008297,-0.021041,0.035282
33.835176,1791356074.298383,0.042055,-1.033156,1.085356,-0.008441,-0.019018,0.032178
33.855274,1791356074.309469,0.042055,-1.033156,1.085356,-0.008441,-0.019018,0.032178
33.875645,1791356074.333546,0.041884,-1.033528,1.085997,-0.008699,-0.018223,0.031732
33.895262,1791356074.363320,0.041707,-1.033886,1.086626,-0.008987,-0.017617,0.031166
33.915864,1791356074.373219,0.041525,-1.034234,1.087259,-0.009289,-0.017158,0.032191
33.935308,1791356074.391064,0.041147,-1.034897,1.088545,-0.009534,-0.015974,0.031805
33.955647,1791356074.428233,0.040954,-1.035213,1.089160,-0.009804,-0.015674,0.029932
33.975334,1791356074.428233,0.040954,-1.035213,1.089160,-0.009804,-0.015674,0.029932
33.995895,1791356074.461977,0.040754,-1.035526,1.089746,-0.010233,-0.015653,0.028553
34.015664,1791356074.472325,0.042064,-1.032220,1.092782,-0.007027,-0.006847,0.032996
34.035152,1791356074.498892,0.042451,-1.030964,1.094771,-0.006450,-0.002982,0.034887
34.055880,1791356074.528102,0.042318,-1.031019,1.095460,-0.006856,-0.002467,0.034170
34.075011,1791356074.528102,0.042318,-1.031019,1.095460,-0.006856,-0.002467,0.034170
34.095608,1791356074.557290,0.042178,-1.031062,1.096130,-0.007109,-0.001847,0.033001
34.115482,1791356074.570798,0.042034,-1.031094,1.096764,-0.007306,-0.001352,0.030408
34.135718,1791356074.597303,0.041886,-1.031119,1.097347,-0.007480,-0.001136,0.027710
34.155386,1791356074.617840,0.041578,-1.031175,1.098360,-0.007938,-0.001915,0.022519
34.175405,1791356074.630173,0.041417,-1.031221,1.098763,-0.008219,-0.002756,0.017912
34.195536,1791356074.648770,0.041417,-1.031221,1.098763,-0.008219,-0.002756,0.017912
34.215065,1791356074.670698,0.041250,-1.031285,1.099087,-0.008518,-0.003646,0.014868
34.238332,1791356074.695284,0.040898,-1.031461,1.099573,-0.009063,-0.005061,0.008410
34.255570,1791356074.727903,0.040714,-1.031567,1.099716,-0.009310,-0.005418,0.006214
34.276026,1791356074.728723,0.040525,-1.031676,1.099827,-0.009501,-0.005541,0.004886
34.295634,1791356074.749274,0.040525,-1.031676,1.099827,-0.009501,-0.005541,0.004886
34.315662,1791356074.773411,0.040335,-1.031786,1.099906,-0.009580,-0.005458,0.003067
34.335450,1791356074.808639,0.039957,-1.031994,1.099966,-0.009152,-0.004888,0.001051
34.355916,1791356074.828546,0.039780,-1.032088,1.099968,-0.008535,-0.004488,-0.000690
34.374939,1791356074.828546,0.039780,-1.032088,1.099968,-0.008535,-0.004488,-0.000690
34.395518,1791356074.853794,0.039618,-1.032174,1.099930,-0.007624,-0.004076,-0.002795
34.416020,1791356074.870708,0.034971,-1.030429,1.095222,-0.013800,0.000095,-0.014388
34.435717,1791356074.890062,0.034704,-1.030428,1.094913,-0.012851,-0.000068,-0.016397
34.455597,1791356074.908861,0.034704,-1.030428,1.094913,-0.012851,-0.000068,-0.016397
34.475990,1791356074.930901,0.034795,-1.030775,1.094612,-0.011296,-0.001228,-0.018491
34.495323,1791356074.959236,0.033801,-1.029226,1.094639,-0.011978,0.001330,-0.018769
34.515846,1791356074.988156,0.032753,-1.027915,1.093953,-0.011023,0.002426,-0.022856
34.536969,1791356074.989002,0.031742,-1.026350,1.093474,-0.011362,0.004934,-0.024061
34.556595,1791356075.009186,0.031742,-1.026350,1.093474,-0.011362,0.004934,-0.024061
34.575353,1791356075.033402,0.031530,-1.026260,1.092985,-0.009797,0.003963,-0.024851
34.595588,1791356075.058139,0.031351,-1.026193,1.092485,-0.008090,0.002695,-0.025497
34.615421,1791356075.074240,0.031097,-1.026155,1.091450,-0.004584,-0.000985,-0.025852
34.636277,1791356075.091055,0.031023,-1.026197,1.090928,-0.002844,-0.003273,-0.026506
34.655300,1791356075.109778,0.030784,-1.025599,1.091099,-0.001709,-0.003978,-0.024242
34.675754,1791356075.130256,0.030765,-1.025705,1.090616,-0.000220,-0.006639,-0.023889
34.695872,1791356075.149048,0.030765,-1.025705,1.090616,-0.000220,-0.006639,-0.023889
34.715147,1791356075.172057,0.030775,-1.025865,1.090143,0.001219,-0.009323,-0.023514
34.736338,1791356075.191304,0.030813,-1.026078,1.089679,0.002574,-0.012013,-0.022716
34.755312,1791356075.210087,0.030877,-1.026345,1.089240,0.003783,-0.014614,-0.020828
34.774996,1791356075.240374,0.028365,-1.023939,1.090622,-0.002037,-0.009801,-0.013253
34.795574,1791356075.241409,0.028333,-1.024156,1.090389,-0.001215,-0.011835,-0.010090
34.815677,1791356075.276284,0.027671,-1.024035,1.089256,-0.002220,-0.012793,-0.011051
34.835938,1791356075.308285,0.026257,-1.025237,1.086033,-0.004587,-0.018402,-0.018675
34.856084,1791356075.308285,0.026257,-1.025237,1.086033,-0.004587,-0.018402,-0.018675
34.875575,1791356075.332127,0.025899,-1.024833,1.087879,-0.003605,-0.018368,-0.010126
34.894796,1791356075.348914,0.025899,-1.024833,1.087879,-0.003605,-0.018368,-0.010126
34.915393,1791356075.388146,0.025781,-1.025605,1.087542,-0.002302,-0.019968,-0.006659
34.935252,1791356075.407773,0.025741,-1.026008,1.087418,-0.001650,-0.020326,-0.005813
34.956106,1791356075.408633,0.025715,-1.026417,1.087316,-0.000992,-0.020595,-0.003858
34.975792,1791356075.428850,0.025715,-1.026417,1.087316,-0.000992,-0.020595,-0.003858
34.999578,1791356075.455681,0.025162,-1.026908,1.085604,-0.001924,-0.021074,-0.006441
35.015126,1791356075.474466,0.024372,-1.027903,1.083934,-0.003697,-0.022976,-0.009475
35.035886,1791356075.494679,0.023729,-1.028715,1.082640,-0.005351,-0.024348,-0.009920
35.055724,1791356075.528048,0.022748,-1.029924,1.081247,-0.007719,-0.025370,-0.008418
35.075463,1791356075.528827,0.022594,-1.030431,1.081116,-0.007579,-0.025283,-0.004897
35.095919,1791356075.568102,0.022448,-1.030932,1.081047,-0.006966,-0.024816,-0.001997
35.115942,1791356075.569400,0.022319,-1.031421,1.081024,-0.005903,-0.024065,-0.000379
35.135562,1791356075.589345,0.022319,-1.031421,1.081024,-0.005903,-0.024065,-0.000379
35.155843,1791356075.609972,0.022215,-1.031893,1.081046,-0.004457,-0.023147,0.002560
35.175273,1791356075.631952,0.021861,-1.032148,1.081007,-0.000836,-0.019220,0.008759
35.195101,1791356075.649479,0.021861,-1.032148,1.081007,-0.000836,-0.019220,0.008759
35.216581,1791356075.671953,0.021868,-1.032522,1.081207,0.001503,-0.018227,0.011439
35.235718,1791356075.691713,0.022020,-1.033212,1.081784,0.006015,-0.016343,0.016884
35.255212,1791356075.728053,0.022162,-1.033530,1.082126,0.008118,-0.015444,0.017207
35.274802,1791356075.728053,0.022162,-1.033530,1.082126,0.008118,-0.015444,0.017207
35.295821,1791356075.750540,0.022345,-1.033829,1.082472,0.010252,-0.014395,0.017700
35.315781,1791356075.770795,0.022573,-1.034104,1.082826,0.012549,-0.013064,0.017623
35.335690,1791356075.790388,0.022849,-1.034350,1.083181,0.015038,-0.011523,0.018094
35.357233,1791356075.812718,0.023176,-1.034565,1.083553,0.017693,-0.009970,0.019325
35.375398,1791356075.835149,0.023556,-1.034750,1.083938,0.020382,-0.008551,0.019443
35.395629,1791356075.853204,0.024473,-1.035048,1.084783,0.025277,-0.006551,0.022823
35.415811,1791356075.868781,0.024473,-1.035048,1.084783,0.025277,-0.006551,0.022823
35.435546,1791356075.891929,0.025554,-1.035290,1.085732,0.028469,-0.005634,0.024433
35.455588,1791356075.909436,0.025554,-1.035290,1.085732,0.028469,-0.005634,0.024433
35.476086,1791356075.929797,0.026132,-1.035400,1.086225,0.029266,-0.005423,0.024739
35.494900,1791356075.950322,0.024564,-1.033748,1.082937,0.024794,-0.001363,0.018829
35.515462,1791356075.952382,0.025061,-1.033773,1.083341,0.024897,-0.001071,0.021080
35.535752,1791356076.007494,0.026067,-1.033792,1.084234,0.025527,0.000281,0.023226
35.556178,1791356076.027325,0.026584,-1.033777,1.084715,0.026170,0.001249,0.024699
35.575877,1791356076.047492,0.025106,-1.033062,1.082736,0.022653,0.003651,0.021982
35.596427,1791356076.049459,0.025566,-1.032981,1.083183,0.023296,0.004308,0.022303
35.615426,1791356076.069179,0.025566,-1.032981,1.083183,0.023296,0.004308,0.022303
35.635617,1791356076.094372,0.026036,-1.032892,1.083639,0.023693,0.004569,0.023124
35.655936,1791356076.109723,0.026510,-1.032802,1.084115,0.023671,0.004379,0.024170
35.675797,1791356076.147031,0.027438,-1.032648,1.085151,0.022657,0.003363,0.028410
35.694896,1791356076.148323,0.027887,-1.032584,1.085748,0.022268,0.002960,0.031232
35.715663,1791356076.170194,0.028331,-1.032529,1.086387,0.022193,0.002516,0.032514
35.735486,1791356076.207876,0.028777,-1.032485,1.087051,0.022437,0.001834,0.034352
35.755558,1791356076.208933,0.029230,-1.032460,1.087758,0.022821,0.000673,0.036322
35.775457,1791356076.228948,0.029230,-1.032460,1.087758,0.022821,0.000673,0.036322
35.795368,1791356076.267396,0.030157,-1.032502,1.089242,0.023497,-0.003096,0.037823
35.815468,1791356076.267396,0.030157,-1.032502,1.089242,0.023497,-0.003096,0.037823
35.835600,1791356076.291461,0.030629,-1.032588,1.089994,0.023605,-0.005521,0.037316
35.855168,1791356076.328543,0.031574,-1.032917,1.091473,0.023748,-0.011019,0.036461
35.875145,1791356076.328543,0.031574,-1.032917,1.091473,0.023748,-0.011019,0.036461
35.896080,1791356076.351617,0.032052,-1.033165,1.092193,0.024039,-0.013811,0.035830
35.915467,1791356076.373966,0.033053,-1.033842,1.093631,0.024789,-0.019123,0.033552
35.935717,1791356076.388752,0.033053,-1.033842,1.093631,0.024789,-0.019123,0.033552
35.955710,1791356076.412053,0.033552,-1.034249,1.094283,0.025045,-0.021560,0.031523
35.975240,1791356076.431898,0.034554,-1.035201,1.095427,0.024903,-0.025866,0.026069
35.995665,1791356076.447098,0.034554,-1.035201,1.095427,0.024903,-0.025866,0.026069
36.015182,1791356076.473346,0.035537,-1.036303,1.096334,0.024259,-0.029059,0.018739
36.035584,1791356076.488744,0.035537,-1.036303,1.096334,0.024259,-0.029059,0.018739
36.055727,1791356076.510270,0.036019,-1.036896,1.096673,0.023935,-0.030179,0.015161
36.074932,1791356076.532327,0.036518,-1.037539,1.096973,0.023578,-0.031062,0.013521
36.095972,1791356076.551355,0.036985,-1.038167,1.097222,0.023114,-0.031654,0.011231
36.115330,1791356076.587608,0.037885,-1.039444,1.097535,0.021842,-0.032103,0.004628
36.135508,1791356076.587608,0.037885,-1.039444,1.097535,0.021842,-0.032103,0.004628
36.155486,1791356076.612664,0.038728,-1.040724,1.097661,0.020183,-0.031852,0.000940
36.175622,1791356076.628945,0.038728,-1.040724,1.097661,0.020183,-0.031852,0.000940
36.195332,1791356076.667344,0.039507,-1.041981,1.097638,0.018856,-0.030826,-0.002176
36.215383,1791356076.688322,0.039879,-1.042588,1.097589,0.018457,-0.029809,-0.002662
36.235489,1791356076.707942,0.040246,-1.043171,1.097512,0.018241,-0.028542,-0.005300
36.258260,1791356076.707942,0.040246,-1.043171,1.097512,0.018241,-0.028542,-0.005300
36.275331,1791356076.732659,0.040609,-1.043729,1.097395,0.018008,-0.027197,-0.006101
36.296182,1791356076.751328,0.042509,-1.047366,1.091842,0.020062,-0.030500,-0.012398
36.315294,1791356076.773185,0.043289,-1.048535,1.091323,0.018694,-0.027955,-0.012712
36.336198,1791356076.787131,0.043289,-1.048535,1.091323,0.018694,-0.027955,-0.012712
36.355322,1791356076.819615,0.043987,-1.049598,1.090790,0.016053,-0.025062,-0.014233
36.376412,1791356076.847155,0.044292,-1.050081,1.090509,0.014502,-0.023221,-0.013844
36.396532,1791356076.868011,0.044568,-1.050523,1.090241,0.013114,-0.020921,-0.013009
36.414780,1791356076.887202,0.044817,-1.050917,1.089993,0.011760,-0.018450,-0.012155
36.435339,1791356076.887202,0.044817,-1.050917,1.089993,0.011760,-0.018450,-0.012155
36.455412,1791356076.913278,0.045039,-1.051261,1.089753,0.010418,-0.015939,-0.012024
36.475367,1791356076.931694,0.044824,-1.051267,1.089237,0.008440,-0.012942,-0.011873
36.496719,1791356076.957437,0.044981,-1.051500,1.089019,0.007218,-0.010363,-0.010077
36.514904,1791356076.971636,0.045113,-1.051681,1.088840,0.006028,-0.007656,-0.007928
36.535197,1791356076.991996,0.045222,-1.051806,1.088691,0.004854,-0.004851,-0.006690
36.555664,1791356077.018272,0.045368,-1.051884,1.088516,0.002521,0.000929,-0.002451
36.575746,1791356077.028985,0.045368,-1.051884,1.088516,0.002521,0.000929,-0.002451
36.594920,1791356077.067374,0.048991,-1.052435,1.088882,0.007328,0.005025,-0.000254
36.615277,1791356077.088254,0.049131,-1.052309,1.088899,0.006704,0.007630,0.002002
36.635329,1791356077.088254,0.049131,-1.052309,1.088899,0.006704,0.007630,0.002002
36.655378,1791356077.127782,0.049374,-1.051901,1.089051,0.005415,0.012730,0.004931
36.675958,1791356077.129381,0.049475,-1.051621,1.089169,0.004662,0.015180,0.006739
36.695986,1791356077.168025,0.049560,-1.051295,1.089312,0.003834,0.017448,0.007665
36.715603,1791356077.187804,0.049628,-1.050926,1.089472,0.002928,0.019406,0.007913
36.735501,1791356077.187804,0.049628,-1.050926,1.089472,0.002928,0.019406,0.007913
36.756178,1791356077.226027,0.049708,-1.050086,1.089795,0.001118,0.022407,0.008274
36.775753,1791356077.248268,0.049722,-1.049626,1.089961,0.000305,0.023671,0.008684
36.796235,1791356077.249074,0.049721,-1.049140,1.090140,-0.000477,0.024913,0.009103
36.814814,1791356077.272832,0.049702,-1.048603,1.090327,-0.001302,0.026229,0.008524
36.835961,1791356077.307388,0.052476,-1.052149,1.086899,0.004205,0.018203,-0.000110
36.862998,1791356077.307388,0.052476,-1.052149,1.086899,0.004205,0.018203,-0.000110
36.875035,1791356077.338983,0.053798,-1.053281,1.085328,0.006365,0.015516,-0.003934
36.898742,1791356077.355028,0.053918,-1.052966,1.085249,0.005631,0.015952,-0.004113
36.915778,1791356077.373299,0.055967,-1.052018,1.085709,0.009259,0.017711,-0.002297
36.935416,1791356077.397874,0.056058,-1.052592,1.084922,0.006213,0.015485,-0.002247
36.955841,1791356077.428521,0.056166,-1.052276,1.084885,0.004551,0.016128,-0.001774
36.975532,1791356077.447662,0.056239,-1.051946,1.084847,0.002690,0.016862,-0.001646
36.995403,1791356077.467817,0.056272,-1.051602,1.084823,0.000587,0.017550,-0.000566
37.014902,1791356077.487200,0.057693,-1.050956,1.085441,0.002144,0.018976,0.003767
37.035616,1791356077.506727,0.057715,-1.050570,1.085536,0.000043,0.019610,0.005865
37.055948,1791356077.527735,0.057695,-1.050172,1.085680,-0.002058,0.020194,0.008689
37.076225,1791356077.527735,0.057695,-1.050172,1.085680,-0.002058,0.020194,0.008689
37.096102,1791356077.556588,0.058782,-1.050324,1.085042,-0.001247,0.019021,0.007483
37.115069,1791356077.571366,0.058732,-1.049944,1.085198,-0.003724,0.019014,0.008331
37.135556,1791356077.608196,0.060778,-1.048724,1.085939,-0.003099,0.020126,0.013049
37.155301,1791356077.627092,0.060691,-1.048319,1.086203,-0.005642,0.020436,0.013355
37.174954,1791356077.646003,0.060551,-1.047905,1.086486,-0.008373,0.020921,0.014794
37.195683,1791356077.666393,0.060354,-1.047482,1.086783,-0.011337,0.021346,0.014773
37.215748,1791356077.686777,0.062250,-1.047395,1.086885,-0.008789,0.020682,0.014965
37.235223,1791356077.706990,0.062042,-1.046981,1.087175,-0.011985,0.020617,0.014178
37.263736,1791356077.706990,0.062042,-1.046981,1.087175,-0.011985,0.020617,0.014178
37.274955,1791356077.746506,0.062838,-1.047033,1.086401,-0.015100,0.017454,0.011683
37.295843,1791356077.747291,0.062501,-1.046690,1.086618,-0.018599,0.016867,0.010274
37.315485,1791356077.786161,0.063162,-1.047088,1.085836,-0.019440,0.014535,0.007281
37.335719,1791356077.807015,0.062737,-1.046801,1.085978,-0.023113,0.014192,0.006876
37.355513,1791356077.807015,0.062737,-1.046801,1.085978,-0.023113,0.014192,0.006876
37.375229,1791356077.846222,0.061664,-1.046244,1.086280,-0.030446,0.013638,0.007975
37.395613,1791356077.867223,0.061020,-1.045975,1.086451,-0.033896,0.013229,0.008545
37.415149,1791356077.886986,0.061503,-1.047271,1.089209,-0.034011,0.008814,0.014972
37.435727,1791356077.907220,0.060794,-1.047100,1.089518,-0.036936,0.008326,0.015786
37.454910,1791356077.907220,0.060794,-1.047100,1.089518,-0.036936,0.008326,0.015786
37.475055,1791356077.934867,0.060028,-1.046936,1.089832,-0.039576,0.008105,0.015285
37.495996,1791356077.957782,0.059212,-1.046772,1.090140,-0.042086,0.008377,0.015893
37.515534,1791356077.986759,0.059711,-1.047870,1.092243,-0.041758,0.006503,0.021996
37.535291,1791356077.988217,0.058852,-1.047729,1.092683,-0.044118,0.007644,0.022122
37.555583,1791356078.025957,0.057951,-1.047562,1.093137,-0.045890,0.009075,0.023131
37.575679,1791356078.025957,0.057951,-1.047562,1.093137,-0.045890,0.009075,0.023131
37.595130,1791356078.061799,0.056973,-1.047353,1.093621,-0.047133,0.010930,0.022786
37.615999,1791356078.079300,0.055067,-1.046821,1.094452,-0.048001,0.015914,0.018380
37.635772,1791356078.106469,0.054104,-1.046475,1.094786,-0.048325,0.018719,0.015135
37.656044,1791356078.126790,0.053133,-1.046075,1.095062,-0.048768,0.021147,0.012329
37.675384,1791356078.146504,0.052153,-1.045635,1.095286,-0.049224,0.022693,0.010483
37.695510,1791356078.166589,0.051165,-1.045175,1.095482,-0.049516,0.023173,0.008769
37.715262,1791356078.186651,0.050176,-1.044714,1.095646,-0.049378,0.022848,0.007860
37.735085,1791356078.207396,0.049683,-1.044488,1.095723,-0.049142,0.022521,0.007496
37.755243,1791356078.208259,0.048708,-1.044044,1.095859,-0.048331,0.021909,0.006090
37.776127,1791356078.227050,0.048708,-1.044044,1.095859,-0.048331,0.021909,0.006090
37.795029,1791356078.252126,0.047753,-1.043608,1.095984,-0.047059,0.021680,0.006841
37.815171,1791356078.286047,0.045945,-1.042728,1.096259,-0.043008,0.022549,0.007160
37.835333,1791356078.286047,0.045945,-1.042728,1.096259,-0.043008,0.022549,0.007160
37.855614,1791356078.315635,0.044340,-1.041807,1.096514,-0.037030,0.023283,0.004722
37.875626,1791356078.327106,0.044340,-1.041807,1.096514,-0.037030,0.023283,0.004722
37.895696,1791356078.352151,0.042989,-1.040888,1.096687,-0.030593,0.022349,0.003692
37.916022,1791356078.386750,0.042407,-1.040452,1.096745,-0.027695,0.021256,0.002039
37.935630,1791356078.406255,0.041880,-1.040040,1.096787,-0.025064,0.019939,0.002057
37.955615,1791356078.426693,0.041402,-1.039655,1.096816,-0.022776,0.018537,0.000914
37.975311,1791356078.427521,0.040967,-1.039299,1.096839,-0.020746,0.017102,0.001392
37.996279,1791356078.465849,0.040571,-1.038971,1.096863,-0.018872,0.015641,0.000609
38.015441,1791356078.466717,0.040212,-1.038674,1.096867,-0.016994,0.014106,-0.000216
38.035349,1791356078.489088,0.040212,-1.038674,1.096867,-0.016994,0.014106,-0.000216
38.055729,1791356078.517406,0.039613,-1.038172,1.096831,-0.012854,0.010977,-0.000781
38.075391,1791356078.529917,0.039378,-1.037967,1.096818,-0.010638,0.009514,-0.000722
38.095828,1791356078.548352,0.039378,-1.037967,1.096818,-0.010638,0.009514,-0.000722
38.115310,1791356078.585707,0.039029,-1.037644,1.096788,-0.006988,0.006746,-0.000776
38.135145,1791356078.606133,0.038904,-1.037520,1.096770,-0.005556,0.005685,-0.001172
38.155495,1791356078.627096,0.038805,-1.037414,1.096730,-0.004396,0.004960,-0.003185
38.175614,1791356078.627986,0.038725,-1.037318,1.096656,-0.003707,0.004653,-0.003732
38.195352,1791356078.665661,0.038620,-1.037173,1.096535,-0.003409,0.005087,-0.004368
38.215044,1791356078.665661,0.038620,-1.037173,1.096535,-0.003409,0.005087,-0.004368
38.235441,1791356078.697014,0.080200,-1.041831,1.069985,0.060697,-0.002116,-0.039802
38.255608,1791356078.727751,0.081422,-1.041880,1.069223,0.061419,-0.002832,-0.036287
38.275506,1791356078.729292,0.082651,-1.041944,1.068535,0.061233,-0.003523,-0.032738
38.295100,1791356078.765548,0.083858,-1.042018,1.067936,0.059160,-0.003820,-0.027049
38.315527,1791356078.787821,0.084999,-1.042093,1.067451,0.054601,-0.003632,-0.021492
38.334848,1791356078.807805,0.085580,-1.042132,1.067236,0.051072,-0.003365,-0.017479
38.355427,1791356078.807805,0.085580,-1.042132,1.067236,0.051072,-0.003365,-0.017479
38.375550,1791356078.845895,0.087295,-1.042244,1.066844,0.033887,-0.002334,-0.002048
38.395278,1791356078.845895,0.087295,-1.042244,1.066844,0.033887,-0.002334,-0.002048
38.415594,1791356078.886291,0.088259,-1.042329,1.067098,0.014290,-0.001962,0.014420
38.435251,1791356078.905765,0.088448,-1.042366,1.067460,0.004646,-0.001689,0.021871
38.455776,1791356078.906672,0.088445,-1.042396,1.067978,-0.004928,-0.001246,0.030055
38.475354,1791356078.945653,0.088251,-1.042415,1.068662,-0.014550,-0.000663,0.038632
38.495589,1791356078.945653,0.088251,-1.042415,1.068662,-0.014550,-0.000663,0.038632
38.515087,1791356078.970274,0.087864,-1.042423,1.069504,-0.024175,-0.000132,0.045344
38.535213,1791356078.993710,0.087283,-1.042422,1.070480,-0.033887,0.000187,0.051854
38.555303,1791356079.009876,0.086508,-1.042417,1.071583,-0.043544,0.000297,0.058343
38.575467,1791356079.030027,0.085543,-1.042411,1.072803,-0.052925,0.000282,0.063841
38.595566,1791356079.057149,0.083077,-1.042397,1.075524,-0.069950,0.000476,0.071337
38.616317,1791356079.068991,0.083077,-1.042397,1.075524,-0.069950,0.000476,0.071337
38.635196,1791356079.105880,0.079994,-1.042370,1.078481,-0.083548,0.000895,0.075962
38.655752,1791356079.127692,0.078269,-1.042350,1.080013,-0.088875,0.001058,0.077296
38.675336,1791356079.128511,0.076445,-1.042328,1.081574,-0.093424,0.001146,0.078492
38.694710,1791356079.150431,0.074537,-1.042305,1.083160,-0.097300,0.001176,0.080057
38.714877,1791356079.186772,0.072558,-1.042282,1.084768,-0.100607,0.001104,0.080795
38.735652,1791356079.187674,0.070517,-1.042261,1.086382,-0.103414,0.000978,0.080942
38.755958,1791356079.224676,0.068425,-1.042243,1.088001,-0.105711,0.000798,0.080719
38.775723,1791356079.245364,0.066293,-1.042229,1.089615,-0.107405,0.000623,0.080372
38.795452,1791356079.265828,0.064134,-1.042219,1.091210,-0.108440,0.000424,0.079007
38.815314,1791356079.285513,0.061961,-1.042213,1.092773,-0.108755,0.000172,0.077237
38.835522,1791356079.285513,0.061961,-1.042213,1.092773,-0.108755,0.000172,0.077237
38.855334,1791356079.286353,0.059788,-1.042212,1.094292,-0.108452,-0.000095,0.074978
38.875474,1791356079.346054,0.096066,-1.039877,1.087662,-0.040466,0.002327,0.053709
38.895850,1791356079.346054,0.096066,-1.039877,1.087662,-0.040466,0.002327,0.053709
38.915077,1791356079.346911,0.095281,-1.039836,1.088699,-0.037945,0.001717,0.050010
38.935123,1791356079.388548,0.095281,-1.039836,1.088699,-0.037945,0.001717,0.050010
38.955666,1791356079.414269,0.094551,-1.039809,1.089669,-0.035038,0.000967,0.046762
38.975624,1791356079.436327,0.103947,-1.038381,1.089092,-0.012437,0.001460,0.038064
38.994714,1791356079.466886,0.103436,-1.038363,1.090546,-0.014382,-0.000680,0.034063
39.015154,1791356079.485873,0.103112,-1.038390,1.091205,-0.018214,-0.002055,0.031971
39.035590,1791356079.505279,0.102697,-1.038446,1.091836,-0.023492,-0.003487,0.030831
39.055362,1791356079.527000,0.102743,-1.038367,1.091123,-0.028363,-0.004399,0.026572
39.075840,1791356079.546644,0.102109,-1.038466,1.091640,-0.035167,-0.005503,0.025241
39.095455,1791356079.547480,0.101334,-1.038586,1.092123,-0.042401,-0.006383,0.023394
39.115228,1791356079.587682,0.100360,-1.038728,1.092608,-0.050382,-0.007132,0.022389
39.135195,1791356079.587682,0.100360,-1.038728,1.092608,-0.050382,-0.007132,0.022389
39.155643,1791356079.626831,0.098030,-1.039036,1.093434,-0.066225,-0.008229,0.019272
39.175973,1791356079.627706,0.096625,-1.039205,1.093806,-0.074273,-0.008579,0.018153
39.195591,1791356079.647444,0.096625,-1.039205,1.093806,-0.074273,-0.008579,0.018153
39.214797,1791356079.679588,0.095060,-1.039377,1.094148,-0.082176,-0.008670,0.016627
39.234820,1791356079.692489,0.093338,-1.039551,1.094474,-0.089995,-0.008672,0.015847
39.255780,1791356079.719189,0.091462,-1.039725,1.094786,-0.097611,-0.008734,0.015257
39.275440,1791356079.746358,0.087276,-1.040077,1.095436,-0.111298,-0.008973,0.017062
39.295099,1791356079.747181,0.084991,-1.040260,1.095771,-0.117103,-0.009355,0.016587
39.315084,1791356079.773950,0.082596,-1.040453,1.096098,-0.122322,-0.009903,0.016201
39.335475,1791356079.784833,0.082596,-1.040453,1.096098,-0.122322,-0.009903,0.016201
39.355371,1791356079.814631,0.077522,-1.040874,1.096727,-0.130991,-0.011207,0.015479
39.375886,1791356079.831069,0.074868,-1.041105,1.097039,-0.134355,-0.011837,0.015869
39.395341,1791356079.848713,0.074868,-1.041105,1.097039,-0.134355,-0.011837,0.015869
39.415530,1791356079.872634,0.072153,-1.041347,1.097360,-0.137028,-0.012402,0.016249
39.435728,1791356079.894253,0.066601,-1.041861,1.098022,-0.140076,-0.013250,0.017075
39.455288,1791356079.924935,0.063796,-1.042130,1.098361,-0.140399,-0.013567,0.016784
39.475021,1791356079.924935,0.063796,-1.042130,1.098361,-0.140399,-0.013567,0.016784
39.495827,1791356079.965344,0.058202,-1.042682,1.099037,-0.138828,-0.013980,0.017314
39.515004,1791356079.985852,0.055442,-1.042962,1.099376,-0.137136,-0.014012,0.016671
39.534961,1791356080.005149,0.052721,-1.043242,1.099705,-0.134984,-0.013969,0.016312
39.555426,1791356080.026906,0.050046,-1.043520,1.100032,-0.132376,-0.013824,0.016798
39.575373,1791356080.044636,0.067763,-1.033831,1.096626,-0.090196,0.005512,0.010303
39.595649,1791356080.044636,0.067763,-1.033831,1.096626,-0.090196,0.005512,0.010303
39.622884,1791356080.044636,0.067763,-1.033831,1.096626,-0.090196,0.005512,0.010303
39.635626,1791356080.098993,0.064331,-1.033584,1.097034,-0.081138,0.006954,0.009679
39.655824,1791356080.114163,0.061279,-1.033273,1.097435,-0.071730,0.008436,0.010397
39.675393,1791356080.144761,0.067978,-1.031872,1.096340,-0.052625,0.010858,0.007637
39.695509,1791356080.144761,0.067978,-1.031872,1.096340,-0.052625,0.010858,0.007637
39.715879,1791356080.176187,0.065982,-1.031464,1.096696,-0.047618,0.009228,0.010347
39.735693,1791356080.205264,0.065047,-1.031292,1.096916,-0.045983,0.007962,0.011596
39.755160,1791356080.225127,0.064140,-1.031145,1.097149,-0.044727,0.006778,0.011863
39.775544,1791356080.245213,0.063255,-1.031020,1.097391,-0.043908,0.005748,0.012536
39.795808,1791356080.264798,0.062380,-1.030914,1.097650,-0.043583,0.004795,0.013028
39.815612,1791356080.264798,0.062380,-1.030914,1.097650,-0.043583,0.004795,0.013028
39.835242,1791356080.306757,0.060626,-1.030765,1.098185,-0.044499,0.002484,0.013568
39.855281,1791356080.324953,0.059725,-1.030730,1.098443,-0.045659,0.000994,0.012320
39.875538,1791356080.324953,0.059725,-1.030730,1.098443,-0.045659,0.000994,0.012320
39.895333,1791356080.368069,0.057789,-1.030755,1.098900,-0.048888,-0.002121,0.010005
39.915450,1791356080.388196,0.056794,-1.030810,1.099093,-0.050679,-0.003400,0.009392
39.935300,1791356080.405483,0.055763,-1.030888,1.099276,-0.052321,-0.004324,0.009110
39.955401,1791356080.427253,0.054701,-1.030982,1.099457,-0.053916,-0.005150,0.008771
39.975168,1791356080.446016,0.053608,-1.031093,1.099632,-0.055404,-0.005838,0.008379
39.995157,1791356080.446016,0.053608,-1.031093,1.099632,-0.055404,-0.005838,0.008379
40.015510,1791356080.476883,0.052484,-1.031217,1.099795,-0.056948,-0.006656,0.007782
40.035372,1791356080.499701,0.050145,-1.031525,1.100094,-0.059896,-0.008780,0.006832
40.055243,1791356080.508490,0.050145,-1.031525,1.100094,-0.059896,-0.008780,0.006832
40.076283,1791356080.548086,0.047711,-1.031917,1.100379,-0.061546,-0.010688,0.007116
40.095626,1791356080.564860,0.046477,-1.032136,1.100509,-0.061754,-0.011230,0.006392
40.115679,1791356080.584404,0.045244,-1.032364,1.100634,-0.061528,-0.011483,0.005887
40.135845,1791356080.604574,0.044020,-1.032594,1.100747,-0.060827,-0.011478,0.005327
40.155010,1791356080.624864,0.042815,-1.032821,1.100842,-0.059635,-0.011269,0.003884
40.175419,1791356080.644489,0.041638,-1.033043,1.100913,-0.057939,-0.010877,0.003390
40.195872,1791356080.645253,0.040499,-1.033256,1.100976,-0.055970,-0.010420,0.002852
40.215416,1791356080.670181,0.039401,-1.033460,1.101013,-0.053875,-0.010025,0.000871
40.236312,1791356080.687764,0.039401,-1.033460,1.101013,-0.053875,-0.010025,0.000871
40.255111,1791356080.711960,0.007072,-1.033058,1.093756,-0.103188,-0.008726,-0.010101
40.275446,1791356080.734336,0.003010,-1.033390,1.093308,-0.099763,-0.007833,-0.011737
40.294864,1791356080.766185,0.000006,-1.033270,1.092331,-0.099047,-0.006731,-0.012501
40.315253,1791356080.766185,0.000006,-1.033270,1.092331,-0.099047,-0.006731,-0.012501
40.335347,1791356080.795596,-0.001941,-1.033397,1.092085,-0.095392,-0.005937,-0.011821
40.354885,1791356080.827821,-0.005526,-1.033600,1.091656,-0.082696,-0.004173,-0.010122
40.375680,1791356080.844332,-0.007091,-1.033672,1.091460,-0.073696,-0.003051,-0.009567
40.395933,1791356080.864764,-0.008465,-1.033722,1.091279,-0.063597,-0.001913,-0.008434
40.415203,1791356080.885010,-0.009632,-1.033750,1.091119,-0.053022,-0.000906,-0.007340
40.435717,1791356080.904317,-0.010585,-1.033758,1.090982,-0.042246,0.000050,-0.005970
40.455279,1791356080.925808,-0.011322,-1.033750,1.090886,-0.031551,0.000732,-0.003268
40.476178,1791356080.946223,-0.011848,-1.033732,1.090849,-0.021061,0.001052,-0.000978
40.495831,1791356080.946223,-0.011848,-1.033732,1.090849,-0.021061,0.001052,-0.000978
40.515202,1791356080.984608,-0.012275,-1.033689,1.090903,-0.000270,0.001102,0.003801
40.535353,1791356080.985434,-0.012177,-1.033664,1.090987,0.010106,0.001333,0.005214
40.555727,1791356081.003937,-0.012177,-1.033664,1.090987,0.010106,0.001333,0.005214
40.575778,1791356081.040560,-0.011871,-1.033635,1.091117,0.020445,0.001622,0.007397
40.595309,1791356081.067591,-0.010656,-1.033566,1.091487,0.040059,0.001752,0.010834
40.615491,1791356081.067591,-0.010656,-1.033566,1.091487,0.040059,0.001752,0.010834
40.635743,1791356081.099038,-0.009762,-1.033532,1.091733,0.049261,0.001520,0.013439
40.655162,1791356081.127068,-0.007387,-1.033488,1.092361,0.066155,0.000623,0.017703
40.675188,1791356081.147937,-0.005991,-1.033479,1.092746,0.073397,0.000300,0.020934
40.695717,1791356081.148786,-0.004458,-1.033475,1.093171,0.079763,0.000083,0.021282
40.715390,1791356081.166316,-0.004458,-1.033475,1.093171,0.079763,0.000083,0.021282
40.735587,1791356081.170754,-0.002805,-1.033476,1.093612,0.085394,-0.000091,0.022752
40.754921,1791356081.207568,-0.002805,-1.033476,1.093612,0.085394,-0.000091,0.022752
40.870863,1791356081.207568,-0.002805,-1.033476,1.093612,0.085394,-0.000091,0.022752
40.901713,1791356081.214625,-0.001048,-1.033479,1.094084,0.090294,-0.000276,0.023965
40.921712,1791356081.345542,-0.001048,-1.033479,1.094084,0.090294,-0.000276,0.023965
40.923244,1791356081.351912,0.000802,-1.033487,1.094586,0.094531,-0.000478,0.026270
40.943767,1791356081.398240,0.002728,-1.033499,1.095127,0.098031,-0.000714,0.027185
40.963871,1791356081.425876,0.006757,-1.033538,1.096225,0.102960,-0.001206,0.027150
40.984057,1791356081.453861,0.015097,-1.033668,1.098422,0.103347,-0.002201,0.026228
41.003359,1791356081.475467,0.024810,-1.033987,1.100539,0.088476,-0.003919,0.017308
41.023216,1791356081.475467,0.024810,-1.033987,1.100539,0.088476,-0.003919,0.017308
41.043850,1791356081.503967,0.026534,-1.034066,1.100870,0.083916,-0.003996,0.015918
41.064286,1791356081.520464,0.029695,-1.034229,1.101418,0.073992,-0.004142,0.011279
41.084847,1791356081.544007,0.031123,-1.034313,1.101624,0.068771,-0.004209,0.009848
41.104005,1791356081.566911,0.032445,-1.034398,1.101817,0.063438,-0.004349,0.009625
41.137045,1791356081.566911,0.032445,-1.034398,1.101817,0.063438,-0.004349,0.009625
41.145781,1791356081.567715,0.033660,-1.034487,1.101986,0.058085,-0.004514,0.007355
41.163746,1791356081.631105,0.018082,-1.042153,1.089919,0.028783,-0.015581,-0.008732
41.190298,1791356081.650767,0.018469,-1.042705,1.089726,0.022855,-0.016101,-0.009303
41.218411,1791356081.650767,0.018469,-1.042705,1.089726,0.022855,-0.016101,-0.009303
41.235011,1791356081.685402,0.018870,-1.043028,1.089524,0.017236,-0.016177,-0.010938
41.243051,1791356081.709207,0.019161,-1.043350,1.089307,0.011906,-0.016006,-0.010129
41.264095,1791356081.727725,0.018143,-1.043487,1.088679,0.001245,-0.013482,-0.007936
41.283919,1791356081.746673,0.017606,-1.043710,1.088368,-0.002326,-0.011710,-0.006163
41.304826,1791356081.759259,0.017541,-1.043923,1.088254,-0.004014,-0.009582,-0.005284
41.323498,1791356081.763397,0.017451,-1.044090,1.088170,-0.004929,-0.007056,-0.003669
41.344085,1791356081.813277,0.016454,-1.045379,1.086668,-0.007523,-0.007296,-0.004358
41.364267,1791356081.829301,0.016137,-1.045588,1.086578,-0.008126,-0.003192,0.000626
41.383790,1791356081.850797,0.015977,-1.045630,1.086617,-0.007779,-0.000939,0.003214
41.404149,1791356081.853634,0.015828,-1.045626,1.086702,-0.007101,0.001297,0.005484
41.423804,1791356081.869495,0.015828,-1.045626,1.086702,-0.007101,0.001297,0.005484
41.443564,1791356081.902195,0.015188,-1.046450,1.085632,-0.007259,0.001514,0.005564
41.464308,1791356081.927018,0.014279,-1.045747,1.084776,-0.005623,0.007921,0.008066
41.483645,1791356081.956630,0.014184,-1.045567,1.084952,-0.003830,0.010058,0.009433
41.503848,1791356081.965066,0.014127,-1.045345,1.085172,-0.001947,0.012117,0.012348
41.523412,1791356081.991059,0.013674,-1.044861,1.084340,-0.001008,0.014814,0.011529
41.544182,1791356082.008766,0.013677,-1.044545,1.084596,0.001329,0.016753,0.014261
41.563593,1791356082.027776,0.013727,-1.044194,1.084907,0.003660,0.018248,0.016680
41.588953,1791356082.047296,0.013824,-1.043817,1.085242,0.005986,0.019498,0.017043
41.603962,1791356082.064184,0.013968,-1.043416,1.085588,0.008491,0.020594,0.017927
41.623123,1791356082.083816,0.014165,-1.042993,1.085956,0.011179,0.021633,0.019126
41.643569,1791356082.107364,0.014416,-1.042551,1.086349,0.013893,0.022540,0.020324
41.664042,1791356082.107364,0.014416,-1.042551,1.086349,0.013893,0.022540,0.020324
41.684261,1791356082.149024,0.012901,-1.036875,1.086420,0.013285,0.036396,0.020706
41.704813,1791356082.163670,0.013191,-1.036138,1.086855,0.015734,0.037221,0.022614
41.724077,1791356082.183960,0.013531,-1.035389,1.087332,0.018180,0.037694,0.024765
41.744075,1791356082.203475,0.012336,-1.032960,1.086841,0.016511,0.041958,0.024786
41.764444,1791356082.223444,0.012691,-1.032122,1.087354,0.019053,0.041844,0.026212
41.783881,1791356082.251693,0.013099,-1.031288,1.087885,0.021711,0.041498,0.026651
41.803375,1791356082.263313,0.013559,-1.030467,1.088415,0.024220,0.040525,0.026197
41.824019,1791356082.296881,0.014066,-1.029673,1.088949,0.026514,0.038868,0.026896
41.843802,1791356082.307172,0.014618,-1.028915,1.089484,0.028667,0.036827,0.026649
41.863417,1791356082.333288,0.015212,-1.028202,1.090028,0.030730,0.034508,0.027678
41.888461,1791356082.344511,0.015846,-1.027537,1.090602,0.032642,0.031947,0.029182
41.903962,1791356082.363876,0.016516,-1.026927,1.091184,0.034264,0.029068,0.028794
41.923189,1791356082.384548,0.017215,-1.026375,1.091760,0.035664,0.026043,0.028587
41.944209,1791356082.406503,0.017941,-1.025885,1.092328,0.036870,0.022988,0.028334
41.964040,1791356082.424212,0.018690,-1.025455,1.092905,0.037979,0.020004,0.029083
41.985911,1791356082.429644,0.014793,-1.023108,1.088045,0.025294,0.021564,0.018042
42.003826,1791356082.463754,0.013803,-1.022704,1.088425,0.026090,0.018922,0.019950
42.024438,1791356082.464613,0.014333,-1.022352,1.088839,0.026832,0.016308,0.021074
42.043531,1791356082.504014,0.013535,-1.022223,1.088102,0.024599,0.013247,0.018607
42.064548,1791356082.523205,0.014035,-1.021986,1.088485,0.025422,0.010356,0.019283
42.084261,1791356082.545573,0.014553,-1.021810,1.088862,0.026341,0.007236,0.018206
42.103880,1791356082.563718,0.015090,-1.021699,1.089222,0.027368,0.003914,0.017685
42.124028,1791356082.583411,0.015647,-1.021654,1.089579,0.028352,0.000554,0.018121
42.143689,1791356082.604461,0.016224,-1.021675,1.089947,0.029295,-0.002675,0.018360
42.163943,1791356082.605404,0.015438,-1.020159,1.089646,0.027160,-0.001990,0.016738
42.183616,1791356082.646620,0.016021,-1.020231,1.089998,0.028313,-0.004857,0.016873
42.203867,1791356082.664585,0.016597,-1.020355,1.090346,0.029364,-0.007505,0.017763
42.223810,1791356082.683578,0.017195,-1.020530,1.090698,0.030355,-0.010028,0.017205
42.243894,1791356082.708216,0.016272,-1.019637,1.090223,0.027624,-0.010029,0.015463
42.263783,1791356082.725169,0.016832,-1.019864,1.090538,0.028281,-0.012642,0.016224
42.284325,1791356082.743304,0.017403,-1.020143,1.090876,0.028818,-0.015275,0.017327
42.303425,1791356082.763512,0.017983,-1.020475,1.091221,0.029269,-0.017915,0.016998
42.324283,1791356082.783267,0.018573,-1.020860,1.091559,0.029640,-0.020609,0.016604
42.343707,1791356082.803253,0.019169,-1.021299,1.091895,0.029999,-0.023290,0.017100
42.363924,1791356082.824858,0.019771,-1.021792,1.092252,0.030231,-0.025969,0.018173
42.386181,1791356082.827608,0.020376,-1.022338,1.092610,0.030247,-0.028646,0.017747
42.403859,1791356082.863520,0.020980,-1.022936,1.092978,0.030089,-0.031068,0.018680
42.424518,1791356082.884130,0.021580,-1.023576,1.093358,0.029949,-0.032823,0.018980
42.444041,1791356082.904300,0.022178,-1.024245,1.093737,0.029788,-0.034002,0.019098
42.464087,1791356082.923968,0.022771,-1.024934,1.094116,0.029531,-0.034849,0.018468
42.484003,1791356082.946928,0.023358,-1.025638,1.094487,0.029112,-0.035519,0.018359
42.503661,1791356082.963788,0.023934,-1.026354,1.094846,0.028492,-0.036079,0.017547
42.524784,1791356082.991457,0.024496,-1.027079,1.095182,0.027654,-0.036428,0.016044
42.543859,1791356083.003187,0.025038,-1.027810,1.095492,0.026566,-0.036596,0.015197
42.563960,1791356083.027296,0.025557,-1.028541,1.095805,0.025295,-0.036524,0.015758
42.584824,1791356083.053621,0.026049,-1.029269,1.096115,0.023910,-0.036243,0.015207
42.604105,1791356083.069488,0.026512,-1.029990,1.096414,0.022438,-0.035790,0.014603
42.624529,1791356083.086753,0.026946,-1.030699,1.096691,0.020908,-0.035152,0.013094
42.643686,1791356083.102900,0.027349,-1.031394,1.096953,0.019384,-0.034224,0.012945
42.663712,1791356083.123730,0.027721,-1.032066,1.097198,0.017840,-0.032996,0.011826
42.683700,1791356083.124578,0.028062,-1.032711,1.097427,0.016255,-0.031484,0.011272
42.703745,1791356083.165263,0.028371,-1.033324,1.097649,0.014647,-0.029777,0.010485
42.723611,1791356083.196775,0.028648,-1.033901,1.097854,0.013058,-0.027941,0.010278
42.744077,1791356083.202775,0.028894,-1.034442,1.098054,0.011511,-0.026120,0.009647
42.764520,1791356083.222693,0.029110,-1.034947,1.098238,0.010115,-0.024382,0.008783
42.783528,1791356083.242496,0.029300,-1.035418,1.098404,0.008888,-0.022781,0.008004
42.804757,1791356083.262962,0.029466,-1.035859,1.098557,0.007760,-0.021269,0.007095
42.824490,1791356083.282889,0.029610,-1.036270,1.098687,0.006668,-0.019848,0.005905
42.843712,1791356083.304706,0.029733,-1.036653,1.098784,0.005568,-0.018503,0.003806
42.863861,1791356083.322436,0.029832,-1.037010,1.098847,0.004378,-0.017188,0.002530
42.884184,1791356083.344255,0.019741,-1.030178,1.098909,-0.013730,-0.004001,0.001854
42.904025,1791356083.370008,0.019451,-1.030243,1.098938,-0.015284,-0.002445,0.000873
42.924091,1791356083.382667,0.018345,-1.029519,1.098928,-0.018117,0.000362,0.000873
42.943260,1791356083.403492,0.017950,-1.029497,1.098938,-0.019458,0.001729,-0.000350
42.964276,1791356083.421957,0.017569,-1.029157,1.098905,-0.020239,0.003219,-0.001803
42.985130,1791356083.447578,0.017161,-1.029086,1.098863,-0.020485,0.003823,-0.002651
43.004823,1791356083.447578,0.017161,-1.029086,1.098863,-0.020485,0.003823,-0.002651
43.024415,1791356083.487493,0.016359,-1.028924,1.098725,-0.019255,0.004134,-0.004547
43.043718,1791356083.505328,0.015987,-1.028843,1.098640,-0.017865,0.003911,-0.004141
43.064437,1791356083.523035,0.015648,-1.028769,1.098554,-0.016045,0.003463,-0.004139
43.083507,1791356083.544249,0.015348,-1.028706,1.098486,-0.013881,0.002809,-0.002811
43.104618,1791356083.563944,0.015095,-1.028658,1.098437,-0.011422,0.001994,-0.001715
43.124098,1791356083.583864,0.014893,-1.028627,1.098425,-0.008730,0.001019,0.000320
43.143637,1791356083.604010,0.014747,-1.028618,1.098432,-0.005853,-0.000101,0.000629
43.164100,1791356083.622940,0.014660,-1.028632,1.098454,-0.002747,-0.001353,0.001923
43.184806,1791356083.642365,0.014638,-1.028672,1.098496,0.000570,-0.002637,0.002427
43.203760,1791356083.665022,0.014685,-1.028737,1.098551,0.004081,-0.003888,0.003359
43.224000,1791356083.687978,0.014802,-1.028827,1.098628,0.007699,-0.005048,0.004582
43.243668,1791356083.702714,0.014993,-1.028939,1.098734,0.011315,-0.006160,0.005970
43.264183,1791356083.722597,0.015254,-1.029073,1.098859,0.014798,-0.007258,0.006736
43.283775,1791356083.745264,0.015583,-1.029230,1.098989,0.018029,-0.008401,0.006170
43.304684,1791356083.762823,0.015973,-1.029409,1.099097,0.021003,-0.009588,0.004984
43.323958,1791356083.795845,0.016421,-1.029612,1.099192,0.023705,-0.010688,0.004545
43.343512,1791356083.802839,0.016919,-1.029835,1.099272,0.026146,-0.011585,0.004025
43.363475,1791356083.822951,0.017465,-1.030074,1.099345,0.028357,-0.012217,0.003074
43.388334,1791356083.851382,0.018052,-1.030322,1.099407,0.030371,-0.012638,0.003232
43.404460,1791356083.863247,0.018678,-1.030578,1.099468,0.032173,-0.012905,0.002751
43.423985,1791356083.882507,0.019338,-1.030838,1.099523,0.033786,-0.013120,0.003037
43.443336,1791356083.905553,0.020028,-1.031103,1.099584,0.035183,-0.013362,0.002969
43.463626,1791356083.923254,0.020744,-1.031372,1.099657,0.036406,-0.013554,0.003986
43.484225,1791356083.943756,0.021482,-1.031644,1.099736,0.037361,-0.013639,0.003965
43.503864,1791356083.962986,0.022236,-1.031916,1.099815,0.038015,-0.013569,0.003720
43.524046,1791356083.982352,0.023000,-1.032186,1.099890,0.038361,-0.013410,0.004298
43.543588,1791356084.002701,0.023768,-1.032452,1.099981,0.038407,-0.013207,0.004862
43.563988,1791356084.022215,0.024535,-1.032714,1.100074,0.038221,-0.012983,0.004687
43.584538,1791356084.045492,0.025295,-1.032972,1.100169,0.037836,-0.012769,0.004969
43.603915,1791356084.046306,0.031144,-1.023198,1.088009,0.045983,0.004536,-0.013204
43.623766,1791356084.082549,0.032059,-1.023101,1.087739,0.045520,0.005133,-0.013736
43.643473,1791356084.110737,0.032961,-1.022995,1.087481,0.044634,0.005356,-0.012059
43.664716,1791356084.130862,0.033841,-1.022890,1.087252,0.043324,0.005098,-0.010927
43.683533,1791356084.150302,0.033375,-1.021863,1.085876,0.039301,0.005918,-0.011387
43.704500,1791356084.150302,0.033375,-1.021863,1.085876,0.039301,0.005918,-0.011387
43.723745,1791356084.185971,0.036648,-1.018344,1.085634,0.037500,0.008764,-0.008236
43.743700,1791356084.203589,0.037367,-1.018188,1.085500,0.034364,0.006801,-0.005118
43.763895,1791356084.225916,0.038557,-1.017029,1.084779,0.031995,0.006752,-0.003888
43.783894,1791356084.242276,0.038996,-1.015901,1.085070,0.027976,0.006563,-0.000622
43.803884,1791356084.261851,0.039517,-1.015795,1.085090,0.024131,0.003966,0.002205
43.823777,1791356084.281888,0.039961,-1.015744,1.085153,0.020249,0.001075,0.004506
43.844085,1791356084.302108,0.040327,-1.015754,1.085292,0.016387,-0.002086,0.009358
43.864158,1791356084.322642,0.040617,-1.015830,1.085502,0.012579,-0.005513,0.011743
43.890933,1791356084.342384,0.040540,-1.015707,1.085097,0.008082,-0.008464,0.012613
43.904372,1791356084.371028,0.040664,-1.015913,1.085385,0.004304,-0.012219,0.015931
43.924034,1791356084.389729,0.040713,-1.016196,1.085715,0.000683,-0.016035,0.017307
43.943826,1791356084.402833,0.040692,-1.016556,1.086079,-0.002793,-0.019955,0.019044
43.964032,1791356084.422318,0.040604,-1.016994,1.086484,-0.005996,-0.023892,0.021003
43.984304,1791356084.444340,0.040455,-1.017511,1.086913,-0.008830,-0.027792,0.021658
44.003704,1791356084.464863,0.040253,-1.018106,1.087351,-0.011366,-0.031654,0.022126
44.023937,1791356084.485705,0.040002,-1.018777,1.087801,-0.013620,-0.035407,0.022719
44.043321,1791356084.502902,0.039710,-1.019521,1.088257,-0.015586,-0.039036,0.022764
44.063431,1791356084.528363,0.039381,-1.020337,1.088734,-0.017316,-0.042484,0.024942
44.083954,1791356084.545720,0.038988,-1.016424,1.087829,-0.018856,-0.033734,0.022479
44.104070,1791356084.564806,0.038371,-1.015162,1.087640,-0.020605,-0.031501,0.021098
44.123622,1791356084.585341,0.037812,-1.014644,1.087637,-0.021774,-0.030647,0.019353
44.143728,1791356084.604528,0.037372,-1.015274,1.088033,-0.022180,-0.032295,0.020443
44.163942,1791356084.622578,0.036927,-1.015936,1.088447,-0.022206,-0.033944,0.020797
44.184123,1791356084.644304,0.037241,-1.014885,1.088040,-0.019895,-0.031251,0.019756
44.203647,1791356084.661920,0.036851,-1.015530,1.088440,-0.019157,-0.033268,0.020210
44.224353,1791356084.682420,0.036477,-1.016217,1.088837,-0.018171,-0.035479,0.019675
44.244447,1791356084.702196,0.036125,-1.016950,1.089239,-0.017019,-0.037844,0.020840
44.263627,1791356084.721888,0.035796,-1.017731,1.089674,-0.015861,-0.040174,0.022330
44.283556,1791356084.742219,0.035490,-1.018557,1.090129,-0.014734,-0.042404,0.023277
44.303549,1791356084.763287,0.035207,-1.019425,1.090595,-0.013632,-0.044460,0.023869
44.324184,1791356084.783836,0.034932,-1.020380,1.091112,-0.012529,-0.046490,0.025307
44.344898,1791356084.801638,0.034691,-1.021328,1.091629,-0.011601,-0.048285,0.026572
44.364037,1791356084.801638,0.034691,-1.021328,1.091629,-0.011601,-0.048285,0.026572
44.384200,1791356084.844983,0.034257,-1.023325,1.092684,-0.010196,-0.051493,0.026941
44.403989,1791356084.874191,0.034058,-1.024369,1.093223,-0.009773,-0.052899,0.027127
44.423532,1791356084.881715,0.027711,-1.026225,1.089774,-0.023863,-0.055919,0.018804
44.443641,1791356084.910369,0.027234,-1.027353,1.090149,-0.023819,-0.056819,0.018483
44.464681,1791356084.928720,0.026735,-1.028552,1.090533,-0.023660,-0.057361,0.018231
44.484355,1791356084.945201,0.024777,-1.030087,1.089813,-0.027019,-0.058700,0.016081
44.504056,1791356084.963115,0.023321,-1.031475,1.089557,-0.028737,-0.059361,0.016010
44.524220,1791356084.985148,0.022222,-1.032679,1.089416,-0.029220,-0.059328,0.014657
44.543574,1791356085.003083,0.021648,-1.033863,1.089702,-0.028127,-0.059008,0.014172
44.563856,1791356085.021976,0.020729,-1.034721,1.089672,-0.027479,-0.057404,0.015185
44.584211,1791356085.040973,0.020199,-1.035857,1.090000,-0.025465,-0.056133,0.017388
44.604418,1791356085.062577,0.019994,-1.035946,1.089803,-0.022565,-0.052081,0.015982
44.623677,1791356085.084402,0.019697,-1.035736,1.090047,-0.019859,-0.047135,0.016467
44.644094,1791356085.109830,0.019324,-1.036661,1.090382,-0.017384,-0.045248,0.017601
44.663902,1791356085.121478,0.019002,-1.037545,1.090750,-0.014832,-0.043143,0.018688
44.683972,1791356085.140946,0.018732,-1.038384,1.091135,-0.012207,-0.040820,0.019558
44.703832,1791356085.161594,0.018940,-1.037149,1.091124,-0.008417,-0.032806,0.019698
44.724337,1791356085.182862,0.018797,-1.037779,1.091535,-0.005848,-0.030171,0.021381
44.744608,1791356085.206027,0.018705,-1.038356,1.091965,-0.003392,-0.027541,0.021541
44.764267,1791356085.224926,0.018661,-1.038881,1.092401,-0.001073,-0.024952,0.022098
44.784617,1791356085.248454,0.018662,-1.039353,1.092851,0.001192,-0.022270,0.022796
44.803768,1791356085.273107,0.016849,-1.039556,1.094148,-0.001606,-0.018851,0.025900
44.823737,1791356085.283832,0.016836,-1.039904,1.094662,0.000330,-0.015865,0.025919
44.844425,1791356085.303853,0.016861,-1.040191,1.095181,0.002158,-0.012849,0.025875
44.863637,1791356085.322613,0.016922,-1.040418,1.095703,0.003927,-0.009858,0.025963
44.884167,1791356085.341890,0.017018,-1.040586,1.096226,0.005633,-0.007059,0.026124
44.904175,1791356085.361201,0.015484,-1.040010,1.096492,0.002985,-0.002687,0.025041
44.924029,1791356085.382334,0.015560,-1.040039,1.096995,0.004550,-0.000210,0.025071
44.943808,1791356085.404072,0.015666,-1.040019,1.097494,0.006028,0.002189,0.024333
44.963416,1791356085.420739,0.015800,-1.039952,1.097976,0.007408,0.004498,0.023820
44.983579,1791356085.444289,0.015961,-1.039842,1.098446,0.008638,0.006459,0.023401
45.003822,1791356085.470090,0.016147,-1.039694,1.098902,0.010012,0.008317,0.022445
45.023997,1791356085.482312,0.016362,-1.039512,1.099349,0.011422,0.009831,0.021972
45.043629,1791356085.507855,0.016604,-1.039304,1.099785,0.012850,0.010947,0.021622
45.063592,1791356085.521698,0.016875,-1.039076,1.100210,0.014202,0.011834,0.021230
45.083528,1791356085.543140,0.017170,-1.038832,1.100623,0.015340,0.012485,0.019852
45.103802,1791356085.562222,0.017487,-1.038579,1.101013,0.016292,0.012852,0.018989
45.123693,1791356085.581337,0.017821,-1.038320,1.101390,0.017073,0.013025,0.018742
45.144004,1791356085.602584,0.018169,-1.038058,1.101747,0.017752,0.013112,0.017010
45.163770,1791356085.622491,0.018531,-1.037797,1.102070,0.018411,0.013003,0.015599
45.184596,1791356085.641348,0.018907,-1.037539,1.102384,0.019219,0.012724,0.015486
45.203575,1791356085.663337,0.019301,-1.037290,1.102689,0.020195,0.012125,0.014613
45.223165,1791356085.680712,0.019737,-1.037046,1.102972,0.021344,0.011039,0.012125
45.244013,1791356085.702608,0.020174,-1.036841,1.103188,0.022346,0.009405,0.009578
45.263364,1791356085.728414,0.020628,-1.036673,1.103337,0.023095,0.007413,0.005472
45.283360,1791356085.750525,0.021096,-1.036545,1.103422,0.023691,0.005422,0.002962
45.304276,1791356085.761511,0.021575,-1.036455,1.103459,0.024161,0.003646,0.000644
45.324777,1791356085.781396,0.022063,-1.036396,1.103461,0.024635,0.002227,-0.000560
45.343758,1791356085.803876,0.022560,-1.036363,1.103421,0.025164,0.001132,-0.003564
45.364168,1791356085.825738,0.022814,-1.036354,1.103379,0.025461,0.000700,-0.004962
45.383784,1791356085.840475,0.023329,-1.036348,1.103257,0.026059,-0.000105,-0.007395
45.403925,1791356085.864244,0.023854,-1.036359,1.103088,0.026426,-0.001030,-0.009252
45.424152,1791356085.881141,0.024384,-1.036390,1.102891,0.026524,-0.002011,-0.010797
45.443149,1791356085.901129,0.024913,-1.036439,1.102655,0.026374,-0.002932,-0.013053
45.463252,1791356085.928687,0.025437,-1.036505,1.102371,0.025997,-0.003623,-0.015429
45.484090,1791356085.943238,0.025951,-1.036583,1.102059,0.025389,-0.004144,-0.015685
45.504050,1791356085.962061,0.026453,-1.036668,1.101765,0.024772,-0.004295,-0.014085
45.524013,1791356085.983083,0.014237,-1.058795,1.095959,0.002857,-0.041150,-0.022179
45.544019,1791356086.001706,0.014287,-1.059620,1.095504,0.002188,-0.041344,-0.023725
45.563280,1791356086.022136,0.014325,-1.060449,1.095012,0.001595,-0.041516,-0.025523
45.584457,1791356086.040451,0.014351,-1.061279,1.094472,0.001083,-0.041435,-0.028080
45.604162,1791356086.065030,0.014369,-1.062100,1.093905,0.000720,-0.040545,-0.028557
45.623338,1791356086.081689,0.013268,-1.063554,1.094322,-0.001198,-0.039525,-0.025434
45.643790,1791356086.102970,0.013249,-1.064311,1.093821,-0.000657,-0.035954,-0.024649
45.663460,1791356086.126169,0.013247,-1.064982,1.093355,0.000622,-0.030983,-0.021630
45.683923,1791356086.154377,0.013279,-1.065544,1.092945,0.002661,-0.025152,-0.019420
45.703999,1791356086.164069,0.013358,-1.065985,1.092588,0.005293,-0.018914,-0.016042
45.723762,1791356086.184249,0.012977,-1.065354,1.093533,0.007368,-0.010751,-0.010270
45.744537,1791356086.210933,0.013156,-1.065504,1.093353,0.010554,-0.004170,-0.007579
45.763431,1791356086.223930,0.011906,-1.068641,1.090544,0.010876,-0.003690,-0.011126
45.784145,1791356086.243086,0.012082,-1.068571,1.088799,0.013914,0.002860,-0.012027
45.803836,1791356086.261254,0.012391,-1.068452,1.088587,0.017052,0.009067,-0.009043
45.823713,1791356086.282644,0.011847,-1.069797,1.087630,0.018064,0.011457,-0.007716
45.844160,1791356086.301308,0.012239,-1.069510,1.087505,0.021123,0.017237,-0.004515
45.863398,1791356086.321300,0.012692,-1.069108,1.087437,0.024127,0.022860,-0.002161
45.883816,1791356086.341628,0.013204,-1.068597,1.087432,0.027099,0.028276,0.001758
45.904425,1791356086.362143,0.013775,-1.067979,1.087507,0.029939,0.033449,0.005353
45.923782,1791356086.382754,0.014399,-1.067261,1.087642,0.032466,0.038332,0.007820
45.943873,1791356086.400763,0.015070,-1.066447,1.087827,0.034630,0.043058,0.010482
45.964242,1791356086.420905,0.015781,-1.065540,1.088057,0.036348,0.047631,0.012268
45.984069,1791356086.440748,0.016522,-1.064542,1.088322,0.037791,0.052071,0.014300
46.003681,1791356086.462195,0.017330,-1.063403,1.088642,0.039037,0.056400,0.016055
46.023472,1791356086.481315,0.018121,-1.062238,1.088965,0.040054,0.060062,0.016350
46.045204,1791356086.482108,0.018931,-1.061004,1.089296,0.040933,0.063224,0.016503
46.064314,1791356086.523011,0.019756,-1.059713,1.089618,0.041612,0.065832,0.016014
46.083774,1791356086.544604,0.020593,-1.058376,1.089953,0.041990,0.067792,0.017808
46.103778,1791356086.560660,0.021433,-1.057007,1.090322,0.042050,0.069007,0.019413
46.124023,1791356086.585965,0.022272,-1.055621,1.090716,0.041800,0.069537,0.019929
46.143873,1791356086.600689,0.023104,-1.054230,1.091117,0.041312,0.069449,0.020271
46.164312,1791356086.620846,0.023923,-1.052846,1.091530,0.040612,0.068882,0.021134
46.183578,1791356086.642674,0.024727,-1.051478,1.091960,0.039716,0.067958,0.022193
46.204368,1791356086.660942,0.025512,-1.050129,1.092419,0.038851,0.066887,0.023759
46.224350,1791356086.683025,0.026280,-1.048806,1.092904,0.037831,0.065333,0.024955
46.243860,1791356086.701510,0.027024,-1.047519,1.093408,0.036564,0.063260,0.025469
46.264676,1791356086.730383,0.027741,-1.046278,1.093912,0.035128,0.060810,0.024950
46.283694,1791356086.742313,0.028427,-1.045091,1.094423,0.033414,0.057878,0.026054
46.304020,1791356086.769112,0.029076,-1.043966,1.094947,0.031464,0.054590,0.026014
46.323762,1791356086.780973,0.029683,-1.042910,1.095479,0.029290,0.050974,0.026766
46.344313,1791356086.801048,0.030247,-1.041927,1.096000,0.027081,0.047271,0.025075
46.364696,1791356086.821733,0.030767,-1.041018,1.096490,0.024944,0.043675,0.024353
46.383900,1791356086.844367,0.031246,-1.040179,1.096988,0.022930,0.040298,0.025332
46.403584,1791356086.861243,0.031685,-1.039404,1.097485,0.020940,0.037155,0.024472
46.424316,1791356086.881375,0.032082,-1.038692,1.097971,0.018800,0.034138,0.023772
46.443448,1791356086.900993,0.032435,-1.038039,1.098427,0.016424,0.031061,0.021616
46.464902,1791356086.923185,0.032737,-1.037451,1.098841,0.013761,0.027779,0.019713
46.483941,1791356086.944325,0.032984,-1.036929,1.099220,0.010957,0.024342,0.018216
46.503942,1791356086.962648,0.033176,-1.036476,1.099546,0.008208,0.021020,0.014356
46.524199,1791356086.986294,0.033314,-1.036087,1.099803,0.005644,0.017928,0.011781
46.544713,1791356087.001411,0.033403,-1.035757,1.100012,0.003326,0.015127,0.008817
46.564167,1791356087.024330,0.033449,-1.035479,1.100155,0.001292,0.012667,0.005429
46.583485,1791356087.040555,0.033457,-1.035249,1.100238,-0.000424,0.010405,0.002717
46.603939,1791356087.062418,0.033433,-1.035063,1.100272,-0.001984,0.008209,0.000690
46.623662,1791356087.080032,0.033379,-1.034920,1.100266,-0.003462,0.006051,-0.001782
46.644317,1791356087.101184,0.033295,-1.034823,1.100207,-0.004870,0.003622,-0.003745
46.663587,1791356087.125264,0.033185,-1.034778,1.100128,-0.006136,0.000842,-0.004403
46.684090,1791356087.142000,0.033052,-1.034790,1.100038,-0.007112,-0.001991,-0.004957
46.704334,1791356087.167937,0.064159,-1.016981,1.081644,0.038947,0.022439,-0.027043
46.723823,1791356087.182913,0.064939,-1.016547,1.081104,0.039063,0.021086,-0.027476
46.743892,1791356087.204496,0.066411,-1.015718,1.079857,0.040339,0.020928,-0.029351
46.765144,1791356087.221213,0.067215,-1.015307,1.079300,0.039889,0.020082,-0.025716
46.783447,1791356087.242062,0.068035,-1.014900,1.078800,0.037897,0.018533,-0.021926
46.803504,1791356087.272234,0.068756,-1.014554,1.078381,0.033984,0.015993,-0.020118
46.824519,1791356087.296375,0.069378,-1.014270,1.077982,0.027925,0.012206,-0.019425
46.843481,1791356087.299895,0.069859,-1.014075,1.077605,0.020033,0.007112,-0.018372
46.863968,1791356087.325168,0.070173,-1.013991,1.077253,0.011313,0.001232,-0.017081
46.883453,1791356087.341156,0.070311,-1.014026,1.076936,0.002544,-0.004605,-0.014496
46.904075,1791356087.363269,0.070279,-1.014171,1.076673,-0.005720,-0.009806,-0.011348
46.923327,1791356087.386021,0.070088,-1.014413,1.076477,-0.013247,-0.014323,-0.007786
46.943515,1791356087.402826,0.069755,-1.014740,1.076360,-0.019981,-0.018411,-0.003652
46.963628,1791356087.425058,0.069293,-1.015147,1.076342,-0.026180,-0.022194,0.002060
46.983888,1791356087.444522,0.068711,-1.015624,1.076451,-0.031949,-0.025355,0.008393
47.004004,1791356087.460775,0.068018,-1.016156,1.076668,-0.037365,-0.027764,0.013159
47.023931,1791356087.480556,0.067217,-1.016732,1.076983,-0.042650,-0.029850,0.018506
47.043958,1791356087.503441,0.066312,-1.017350,1.077394,-0.047901,-0.031896,0.022646
47.064231,1791356087.523451,0.065300,-1.018007,1.077885,-0.053316,-0.033811,0.026688
47.083247,1791356087.541466,0.064178,-1.018701,1.078445,-0.058863,-0.035471,0.028675
47.104083,1791356087.559576,0.062946,-1.019424,1.079039,-0.064397,-0.036811,0.031422
47.124078,1791356087.580408,0.061606,-1.020171,1.079697,-0.069426,-0.037887,0.034272
47.143686,1791356087.603011,0.060175,-1.020938,1.080414,-0.073586,-0.038780,0.037234
47.164206,1791356087.619736,0.058668,-1.021722,1.081188,-0.076978,-0.039590,0.040218
47.184010,1791356087.639435,0.057101,-1.022522,1.082010,-0.079694,-0.040478,0.042030
47.204148,1791356087.659812,0.055484,-1.023342,1.082882,-0.081894,-0.041514,0.044729
47.224123,1791356087.679411,0.066212,-1.008316,1.073947,-0.061549,-0.014486,0.031247
47.243544,1791356087.708411,0.064974,-1.008609,1.074579,-0.062193,-0.014808,0.031920
47.264335,1791356087.720693,0.067159,-1.006032,1.072727,-0.055901,-0.009334,0.030235
47.283908,1791356087.740764,0.066045,-1.006213,1.073349,-0.055530,-0.008755,0.032617
47.303407,1791356087.761303,0.064938,-1.006383,1.074026,-0.055170,-0.008312,0.034932
47.323920,1791356087.783311,0.063835,-1.006549,1.074750,-0.055244,-0.008342,0.037219
47.343979,1791356087.799853,0.062723,-1.006721,1.075514,-0.055945,-0.008917,0.038792
47.363613,1791356087.819839,0.061592,-1.006908,1.076292,-0.057282,-0.009821,0.039172
47.384059,1791356087.841369,0.060429,-1.007114,1.077085,-0.058999,-0.010811,0.040281
47.404084,1791356087.862810,0.059233,-1.007341,1.077912,-0.060606,-0.011914,0.043203
47.423678,1791356087.885994,0.058010,-1.007592,1.078814,-0.061582,-0.013165,0.046614
47.444000,1791356087.902635,0.056776,-1.007871,1.079772,-0.061739,-0.014886,0.048959
47.463437,1791356087.921281,0.055545,-1.008192,1.080758,-0.061318,-0.017254,0.049632
47.483713,1791356087.944705,0.054323,-1.008565,1.081755,-0.060860,-0.020150,0.050091
47.503856,1791356087.959624,0.053107,-1.009000,1.082763,-0.060885,-0.023290,0.050790
47.523979,1791356087.982716,0.051884,-1.009495,1.083771,-0.061421,-0.026217,0.050044
47.543611,1791356087.999738,0.050584,-1.010075,1.084827,-0.062440,-0.028975,0.050196
47.563884,1791356088.019687,0.049325,-1.010677,1.085834,-0.063394,-0.031143,0.050568
47.584113,1791356088.046263,0.048052,-1.011318,1.086835,-0.063851,-0.032842,0.049794
47.604322,1791356088.071391,0.046777,-1.011988,1.087833,-0.063543,-0.034126,0.049320
47.623913,1791356088.086411,0.045514,-1.012681,1.088802,-0.062700,-0.035118,0.047859
47.644274,1791356088.102645,0.044270,-1.013392,1.089743,-0.061706,-0.036080,0.046571
47.664393,1791356088.119562,0.043045,-1.014126,1.090664,-0.060891,-0.037308,0.045653
47.684096,1791356088.143434,0.041834,-1.014889,1.091579,-0.060183,-0.039092,0.045687
47.703362,1791356088.163656,0.040640,-1.015693,1.092487,-0.059124,-0.041427,0.045252
47.723850,1791356088.184771,0.039475,-1.016550,1.093393,-0.057191,-0.044323,0.045160
47.744666,1791356088.203051,0.038362,-1.017468,1.094294,-0.054060,-0.047409,0.044693
47.764546,1791356088.219970,0.037321,-1.018444,1.095193,-0.049918,-0.050210,0.045389
47.784076,1791356088.239595,0.036365,-1.019474,1.096097,-0.045694,-0.052659,0.044911
47.803668,1791356088.259011,0.035491,-1.020547,1.096985,-0.041822,-0.054607,0.043890
47.824577,1791356088.281866,0.034687,-1.021656,1.097847,-0.038676,-0.056232,0.041832
47.844023,1791356088.299663,0.033938,-1.022794,1.098668,-0.036254,-0.057585,0.040004
47.863496,1791356088.319361,0.033232,-1.023958,1.099441,-0.034399,-0.058751,0.037539
47.884209,1791356088.348364,0.032558,-1.025142,1.100163,-0.033057,-0.059634,0.034722
47.903796,1791356088.362449,0.031908,-1.026339,1.100841,-0.032016,-0.059994,0.033278
47.924250,1791356088.379940,0.031276,-1.027537,1.101496,-0.031107,-0.059698,0.031812
47.944085,1791356088.407765,0.030664,-1.028720,1.102121,-0.030112,-0.058482,0.030598
47.963612,1791356088.423375,0.030074,-1.029872,1.102723,-0.028916,-0.056607,0.029728
47.984949,1791356088.451112,0.029509,-1.030983,1.103310,-0.027553,-0.054524,0.028732
48.004350,1791356088.468381,0.028972,-1.032054,1.103870,-0.026160,-0.052618,0.027514
48.023720,1791356088.488657,0.028463,-1.033088,1.104402,-0.024707,-0.050814,0.025210
48.043896,1791356088.498953,0.027984,-1.034086,1.104876,-0.023233,-0.048983,0.022594
48.064410,1791356088.524342,0.027533,-1.035046,1.105317,-0.021802,-0.046911,0.021779
48.084272,1791356088.546678,0.027111,-1.035961,1.105743,-0.020406,-0.044566,0.020619
48.105667,1791356088.564164,0.026717,-1.036827,1.106131,-0.018973,-0.041999,0.018311
48.124219,1791356088.581028,0.026353,-1.037640,1.106476,-0.017455,-0.039361,0.016588
48.144206,1791356088.601503,0.026020,-1.038402,1.106788,-0.015893,-0.036843,0.014112
48.163697,1791356088.620321,0.025718,-1.039115,1.107044,-0.014299,-0.034545,0.011250
48.184464,1791356088.639633,0.025448,-1.039787,1.107233,-0.012695,-0.032632,0.007777
48.203076,1791356088.661030,0.025209,-1.040424,1.107363,-0.011174,-0.031073,0.004755
48.223942,1791356088.685579,0.025000,-1.041031,1.107420,-0.009689,-0.029698,0.000834
48.243986,1791356088.700090,0.024820,-1.041613,1.107400,-0.008314,-0.028438,-0.002729
48.263956,1791356088.722082,0.024668,-1.042168,1.107319,-0.006976,-0.027075,-0.005117
48.285317,1791356088.740199,0.028532,-0.992780,1.102592,-0.000353,0.039478,-0.012024
48.303870,1791356088.759411,0.028540,-0.991963,1.102339,0.001175,0.042309,-0.013504
48.323547,1791356088.793418,0.028586,-0.990920,1.101909,0.002926,0.045646,-0.014921
48.343934,1791356088.802251,0.028663,-0.989982,1.101615,0.004828,0.047996,-0.014381
48.363712,1791356088.821054,0.028779,-0.989016,1.101328,0.006735,0.048345,-0.014011
